tree
version=v4
num_class=1
num_tree_per_iteration=1
label_index=0
max_feature_idx=13
objective=quantile
feature_names=country currency pms_type primary_rate_mode region_type room_type_kind total_rooms inventory_count room_share dow is_weekend doy_sin doy_cos week_of_year
feature_infos=-1:4:1 -1:4:1 none -1:0:1 -1:1:2 -1:0:2:1 [64:68] [1:16] [0.014705882352941176:0.25] [0:6] [0:1] [0.025818440227133081:0.99999073973619013] [-0.99966664851051124:0.055916990100603484] [13:27]
tree_sizes=1371 1384 1454 1478 1478 1484 1460 1489 1489 1483 1487 1477 1484 1486 1479 1459 1488 1478 1448 1497 1475 1480 1471 1466 1481 1491 1479 1477 1480 1488 1471 1477 1492 1492 1489 1481 1489 1493 1498 1494 1498 1485 1495 1480 1485 1471 1508 1460 1487 1478 1472 1481 1488 1476 1488 1477 1476 1505 1477 1487 1492 1488 1488 1485 1482 1481 1477 1483 1483 1497 1487 1492 1481 1479 1504

Tree=0
num_leaves=15
num_cat=1
split_feature=12 1 7 7 11 7 11 11 11 11 11 11 11 11
split_gain=14.4378 7.66244 3.26686 6.36468 2.71914 1.76176 1.56844 1.67881 1.00777 0.799605 1.1509 0.656332 0.590237 0.623665
threshold=-0.021515300460958463 0 1.5000000000000002 2.5000000000000004 0.41717814939258779 3.5000000000000004 0.98443735097190643 0.95102128832130872 0.9898958271128977 0.23866392535577388 0.40147311773604405 0.98443735097190643 0.94556136170129623 0.80133140505178047
decision_type=2 1 2 2 2 2 2 2 2 2 2 2 2 2
left_child=1 2 -1 4 -4 9 7 -6 -7 -5 -11 12 13 -12
right_child=-2 -3 3 5 6 8 -8 -9 -10 10 11 -13 -14 -15
leaf_value=0.52500000000000002 0.48385714318496842 0.48000000007450583 0.50750000271946194 0.5083333343267441 0.5 0.50576923409333585 0.5 0.52500000000000002 0.49642857164144516 0.49166666716337204 0.49500000288089124 0.49166666716337204 0.5083333343267441 0.49166666716337204
leaf_weight=189 27 32 74 40 147 381 26 28 31 30 93 22 30 48
leaf_count=189 27 32 74 40 147 381 26 28 31 30 93 22 30 48
internal_value=0.497448 0.498298 0.498987 0.497792 0.491395 0.500407 0.488391 0.490199 0.502446 0.497216 0.496049 0.4975 0.498576 0.497218
internal_weight=1198 1171 1139 950 275 675 201 175 412 263 223 193 171 141
internal_count=1198 1171 1139 950 275 675 201 175 412 263 223 193 171 141
cat_boundaries=0 1
cat_threshold=16
is_linear=0
shrinkage=1


Tree=1
num_leaves=15
num_cat=1
split_feature=1 12 7 7 11 9 9 7 9 7 11 11 9 11
split_gain=8.10851 5.901 3.26229 5.46841 3.26393 2.1031 2.24976 0.927834 0.922929 0.72563 0.625885 0.725676 0.594239 0.269318
threshold=0 -0.038720846584669975 3.5000000000000004 1.5000000000000002 0.23866392535577388 2.5000000000000004 5.5000000000000009 2.5000000000000004 3.5000000000000004 2.5000000000000004 0.96570416579410667 0.82144612508491288 1.0000000180025095e-35 0.66161011071130948
decision_type=1 2 2 2 2 2 2 2 2 2 2 2 2 2
left_child=1 2 3 -1 -5 10 7 8 -7 -8 11 13 -4 -6
right_child=-2 -3 12 4 5 6 9 -9 -10 -11 -12 -13 -14 -15
leaf_value=0.02375 -0.018999999929219486 -0.011692857159248421 -0.00048076921644119589 0.0079166676104068748 -0.0079833328927556568 0 -0.00037500013597309705 0.0085833341826995185 0 -0.0079166661947965618 0 -0.0079166661947965618 0.0097115376992867597 0
leaf_weight=176 33 39 60 77 67 32 27 107 74 36 35 40 354 35
leaf_count=176 33 39 60 77 67 32 27 107 74 36 35 40 354 35
internal_value=-0.00196144 -0.00125431 -0.000579839 -0.00264498 -0.00517891 -0.00679515 -0.00404332 -0.00156542 -0.00485981 -0.0122656 -0.0110393 -0.0125175 0.00293976 -0.0100971
internal_weight=1192 1159 1120 706 530 453 276 213 106 63 177 142 414 102
internal_count=1192 1159 1120 706 530 453 276 213 106 63 177 142 414 102
cat_boundaries=0 1
cat_threshold=16
is_linear=0
shrinkage=0.05


Tree=2
num_leaves=15
num_cat=1
split_feature=1 11 9 7 7 9 11 11 11 11 11 11 7 11
split_gain=9.30853 6.83369 1.50506 1.29957 2.07315 1.1428 1.2675 1.5344 0.388254 0.385999 0.622529 0.347014 0.314886 0.769854
threshold=0 0.98443735097190643 2.5000000000000004 1.5000000000000002 3.5000000000000004 3.5000000000000004 0.53798524335129227 0.96109418277572278 0.82144612508491288 0.95102128832130872 0.92093717412624365 0.86742422337961667 4.5000000000000009 0.99728803130978128
decision_type=1 2 2 2 2 2 2 2 2 2 2 2 2 2
left_child=1 3 -3 -1 5 6 -5 -8 -6 10 11 -10 13 -4
right_child=-2 2 12 4 8 -7 7 -9 9 -11 -12 -13 -14 -15
leaf_value=0.022562499999999999 -0.018049999932758513 -0.01039392818786199 -0.0075208328850567335 2.1749861723405805e-05 0.0088413469427480185 1.8750006798654018e-05 -0.0075208328850567335 0.02375 -0.00077403858963113201 0.016808379463564893 -0.010484202699735762 0.011776922968488476 -0.00252249923496371 -0.0069415471379139617
leaf_weight=169 34 55 21 110 246 222 135 23 25 36 22 32 23 30
leaf_count=169 34 55 21 110 246 222 135 23 25 36 22 32 23 30
internal_value=-0.00116976 -0.000395652 -0.0111923 0.000979432 0.000181925 -0.00193483 -0.00412639 -0.00698113 0.00305249 0.000646552 -0.0013125 0.00146552 -0.0064 -0.00855769
internal_weight=1183 1149 129 1020 851 490 268 158 361 115 79 57 74 51
internal_count=1183 1149 129 1020 851 490 268 158 361 115 79 57 74 51
cat_boundaries=0 1
cat_threshold=16
is_linear=0
shrinkage=0.05


Tree=3
num_leaves=15
num_cat=1
split_feature=0 12 7 11 11 7 7 11 11 11 11 11 11 11
split_gain=5.93751 5.38107 0.953851 0.762423 0.904617 0.66136 0.680727 0.945165 1.73645 0.421958 0.620766 0.19452 0.158026 0.60289
threshold=0 -0.021515300460958463 1.5000000000000002 0.9898958271128977 0.99728803130978128 3.5000000000000004 2.5000000000000004 0.23866392535577388 0.3536630217002506 0.7469444191903023 0.94556136170129623 0.58077876009839902 0.76938632707879184 0.84978561355144533
decision_type=1 2 2 2 2 2 2 2 2 2 2 2 2 2
left_child=1 2 -1 5 -5 6 -4 -8 -9 11 -11 -10 -7 -14
right_child=-2 -3 3 4 -6 12 7 8 9 10 -12 -13 13 -15
leaf_value=0.021434374999999995 -0.017147499936120587 -0.011703902374313313 2.3079015578514329e-05 -0.0073969697854034625 0.00093172021485811722 0.0087838934671850225 0.0075198067339086894 -0.0083467704042714704 -0.0073081246917819035 -0.007144791240803897 0.0083115634198067719 0.0089164591809796773 -0.00073533666014957699 0.0092490659547779918
leaf_weight=191 30 30 246 39 35 230 45 20 40 65 33 40 42 116
leaf_count=191 30 30 246 39 35 230 45 20 40 65 33 40 42 116
internal_value=0.000631754 0.00120205 0.00175853 0.00110819 -0.00373333 0.0015205 0.000295919 -0.00157787 -0.00306533 -0.00145251 -0.00363636 0.00123457 0.00305913 0.0018239
internal_weight=1202 1172 1142 951 74 877 489 243 198 178 98 80 388 158
internal_count=1202 1172 1142 951 74 877 489 243 198 178 98 80 388 158
cat_boundaries=0 1
cat_threshold=16
is_linear=0
shrinkage=0.05


Tree=4
num_leaves=15
num_cat=1
split_feature=0 11 7 7 7 11 11 11 11 11 11 11 11 11
split_gain=6.97888 5.32888 1.03074 1.28039 1.81481 0.973471 1.05751 0.721537 0.627283 0.56048 0.637073 0.933574 0.332269 0.477822
threshold=0 0.99906486341235867 1.5000000000000002 3.5000000000000004 2.5000000000000004 0.23866392535577388 0.40147311773604405 0.80133140505178047 0.9898958271128977 0.86742422337961667 0.98443735097190643 0.94556136170129623 0.59470465775869796 0.50865210223081447
decision_type=1 2 2 2 2 2 2 2 2 2 2 2 2 2
left_child=1 2 -1 4 -4 -6 -7 12 -5 -9 11 -11 13 -8
right_child=-2 -3 3 8 5 6 7 9 -10 10 -12 -13 -14 -15
leaf_value=0.020362656249999996 -0.016290124939314556 -0.010387938083286819 2.1925064799588334e-05 0.00796008492225137 0.0071437564001049225 -0.0071538174769533811 0.0093452278978829548 -0.0071645308233564686 -0.0051866909937311441 -0.0067875516787637008 -0.0070271212961332905 0.019620068384051823 0.0080843861587683984 -0.0069427184571928093
leaf_weight=182 29 37 259 391 40 29 26 21 26 37 24 29 55 21
leaf_count=182 29 37 259 391 40 29 26 21 26 37 24 29 55 21
internal_value=0.00031483 0.000921053 0.00153374 0.000875913 -0.000728782 -0.00349823 -0.00469136 -0.00343458 0.00295455 -0.00620536 -0.0043956 -0.00179104 -0.000388349 -0.0034375
internal_weight=1206 1177 1140 958 541 282 242 213 417 111 90 66 102 47
internal_count=1206 1177 1140 958 541 282 242 213 417 111 90 66 102 47
cat_boundaries=0 1
cat_threshold=16
is_linear=0
shrinkage=0.05


Tree=5
num_leaves=15
num_cat=1
split_feature=0 12 8 12 8 12 8 8 9 12 12 9 12 12
split_gain=9.54897 7.28496 1.05964 1.00585 1.16651 0.97755 0.940182 0.87866 1.4013 0.371585 0.642188 0.331388 0.317091 0.328408
threshold=0 -0.021515300460958463 0.02251838235294118 -0.14153505243942421 0.036764705882352949 -0.073092422389869308 0.051470588235294122 0.036764705882352949 2.5000000000000004 -0.91583036384466876 -0.97870382656940669 2.5000000000000004 -0.84291031405530259 -0.96227343267549392
decision_type=1 2 2 2 2 2 2 2 2 2 2 2 2 2
left_child=1 2 -1 6 -5 -6 7 11 -9 10 -10 -4 13 -13
right_child=-2 -3 3 4 5 -7 -8 8 9 -11 -12 12 -14 -15
leaf_value=0.019344523437499997 -0.015475618692348831 -0.013412496956986361 0.00038701394743730224 0.00076354389080413487 -0.0066757652313266247 -0.0019235633797940882 0.0046589459169781187 -0.0066843675825164831 0.006786583579378995 0.0076801668508299781 -0.0068759800283976812 0.024225828786401483 1.5562302439817156e-05 -3.8947690053305355e-05
leaf_weight=180 33 26 87 21 26 23 392 95 22 109 20 22 95 40
leaf_count=180 33 26 87 21 26 23 392 95 22 109 20 22 95 40
internal_value=8.80874e-05 0.000854185 0.00146514 0.000797482 -0.00492958 -0.0091 0.00125708 -0.000203666 -0.00230769 0.00069079 -0.00325581 0.00191837 0.000537975 -0.00222222
internal_weight=1191 1158 1132 952 70 49 882 490 246 151 42 244 157 62
internal_count=1191 1158 1132 952 70 49 882 490 246 151 42 244 157 62
cat_boundaries=0 1
cat_threshold=16
is_linear=0
shrinkage=0.05


Tree=6
num_leaves=15
num_cat=2
split_feature=0 12 7 9 7 12 12 9 12 7 5 7 7 9
split_gain=8.99263 4.37302 1.1361 1.74854 1.54286 0.832431 0.614171 0.589216 0.367547 0.32015 0.260123 0.389074 0.192217 0.24197
threshold=0 -0.038720846584669975 2.5000000000000004 1.5000000000000002 3.5000000000000004 -0.14153505243942421 -0.35768498937424864 5.5000000000000009 -0.57022117041332276 3.5000000000000004 1 3.5000000000000004 1.5000000000000002 3.5000000000000004
decision_type=1 2 2 2 2 2 2 2 2 2 1 2 2 2
left_child=1 2 12 4 8 7 -6 9 -4 -5 11 -9 -1 -14
right_child=-2 -3 3 5 6 -7 -8 10 -10 -11 -12 -13 13 -15
leaf_value=0.018377297265624992 -0.01470183775773139 -0.0089513962523581573 -0.0064612715556823632 0.0072961585082884813 0.0031761803923220627 -0.0060897984251607282 -0.010064386459650599 -0.006418521672739633 -0.0061139557156996904 0.0084280344136913824 -0.0011362518343076267 0.0083015513555279342 0.00037301332511193997 1.478418731782616e-05
leaf_weight=172 32 43 39 143 90 32 24 38 28 224 23 28 133 115
leaf_count=172 32 43 39 143 90 32 24 38 28 224 23 28 133 115
internal_value=0.000274678 0.00102383 0.00164679 0.000365672 -0.00381868 0.00192229 -0.000260869 0.00247265 -0.00977941 0.00335598 -0.00116667 0.000447761 0.00368171 0.00277108
internal_weight=1164 1132 1089 669 181 488 114 456 67 367 89 66 420 248
internal_count=1164 1132 1089 669 181 488 114 456 67 367 89 66 420 248
cat_boundaries=0 1 2
cat_threshold=16 1
is_linear=0
shrinkage=0.05


Tree=7
num_leaves=15
num_cat=1
split_feature=0 12 7 12 12 7 7 12 12 12 12 12 12 7
split_gain=9.32295 6.51579 1.30264 1.11961 1.42435 1.20317 0.704519 0.979009 1.13241 0.609643 0.821728 0.597707 0.35847 0.330842
threshold=0 -0.021515300460958463 1.5000000000000002 -0.14153505243942421 -0.073092422389869308 3.5000000000000004 2.5000000000000004 -0.97106408147883394 -0.91583036384466876 -0.32533003375364639 -0.59815875725621337 -0.84291031405530259 -0.80389818363065602 11.500000000000002
decision_type=1 2 2 2 2 2 2 2 2 2 2 2 2 2
left_child=1 2 -1 5 -5 6 11 -8 -9 10 12 -4 -10 -7
right_child=-2 -3 3 4 -6 13 7 8 9 -11 -12 -13 -14 -15
leaf_value=0.017458432402343745 -0.013966745869844822 -0.01086573095549203 -1.2614642882259668e-05 -0.0060367623297212947 0.0056222160114900626 0.0080066326930068165 0.0067683154775139481 -0.0062836621106732412 -0.0066261720806217676 0.0071614810091069937 -0.0058082579299147067 0.00033579007660647088 0.0069313505828740574 0.00213939467858091
leaf_weight=186 33 31 104 37 33 311 47 30 36 34 54 144 49 68
leaf_count=186 33 31 104 37 33 311 47 30 36 34 54 144 49 68
internal_value=-0.000221202 0.000532189 0.00115961 0.000406118 -0.0056338 0.000894078 -0.000721443 -0.00258964 -0.00409314 -0.0025 -0.00396429 0.00116466 -0.000872093 0.00301316
internal_weight=1197 1164 1133 947 70 877 498 250 203 173 139 248 85 379
internal_count=1197 1164 1133 947 70 877 498 250 203 173 139 248 85 379
cat_boundaries=0 1
cat_threshold=16
is_linear=0
shrinkage=0.05


Tree=8
num_leaves=15
num_cat=1
split_feature=0 12 9 9 11 11 11 11 11 11 11 11 11 11
split_gain=7.09595 4.58898 1.06829 1.09571 1.30367 0.910628 0.310272 0.716136 0.283675 0.811973 0.281995 0.235658 0.193975 0.27879
threshold=0 -0.021515300460958463 5.5000000000000009 2.5000000000000004 0.9898958271128977 0.76938632707879184 0.49375726027723293 0.27194808396361153 0.96570416579410667 0.93380263866670565 0.97781212113892935 0.99817629101047833 0.66161011071130948 0.23866392535577388
decision_type=1 2 2 2 2 2 2 2 2 2 2 2 2 2
left_child=1 2 3 4 8 6 7 -4 9 12 -7 -5 13 -1
right_child=-2 -3 5 11 -6 10 -8 -9 -10 -11 -12 -13 -14 -15
leaf_value=0.0071054347631339171 -0.013268408576352581 -0.0079260160860961711 0.0064298997415949272 0.0084482644667485118 -0.0057346826403442399 -0.0010049219480613443 0.0093426541657269102 -0.0057678328007448963 0.016585510782226556 -0.0055178450334189728 -0.0012527445258783854 0.00013471244077835047 0.0005169173131725146 -1.654181992373771e-05
leaf_weight=65 31 25 31 497 29 45 42 27 35 26 26 22 146 161
leaf_count=65 31 25 31 497 29 45 42 27 35 26 26 22 146 161
internal_value=-4.96276e-05 0.000581494 0.00104944 0.00168534 -8.63929e-05 -0.00258721 0.00049505 -0.00186441 0.000610599 0.000225564 -0.006875 0.00325962 0.000831099 -8.81055e-05
internal_weight=1208 1177 1152 981 462 171 100 58 433 398 71 519 372 226
internal_count=1208 1177 1152 981 462 171 100 58 433 398 71 519 372 226
cat_boundaries=0 1
cat_threshold=16
is_linear=0
shrinkage=0.05


Tree=9
num_leaves=15
num_cat=1
split_feature=0 11 7 7 7 11 11 9 7 9 9 11 11 9
split_gain=8.21977 4.67607 1.48317 1.29822 1.15393 0.584144 1.2854 0.445472 1.05478 1.58435 0.833727 0.804587 0.567059 0.438376
threshold=0 0.99906486341235867 1.5000000000000002 3.5000000000000004 11.500000000000002 0.23866392535577388 0.30490993010465889 3.5000000000000004 2.5000000000000004 2.5000000000000004 1.5000000000000002 0.82144612508491288 0.98443735097190643 1.0000000180025095e-35
decision_type=1 2 2 2 2 2 2 2 2 2 2 2 2 2
left_child=1 2 -1 5 13 -4 -7 8 9 -8 11 -10 -9 -5
right_child=-2 -3 3 4 -6 6 7 12 10 -11 -12 -13 -14 -15
leaf_value=0.016163097558889127 -0.012604988147534952 -0.0093107590508052836 0.0060991820829622307 -0.00079435897779909408 -0.0035415224712005188 -0.0054794411607076519 0.00029315470711752394 4.7501571524677381e-05 -0.0058231977716662713 -8.4840068311403674e-05 -0.0062940363855944932 -0.0055267268367563951 -0.0046925544655401618 0.0071838878350190486
leaf_weight=189 33 35 79 51 69 20 86 171 31 31 57 30 25 295
leaf_count=189 33 35 79 51 69 20 86 171 31 31 57 30 25 295
internal_value=-0.000324189 0.000380342 0.000942731 0.000132135 0.00222356 -0.00150659 -0.00220133 -0.0016088 -0.00307203 0.00029661 -0.00638655 -0.0104032 0.000152284 0.00340058
internal_weight=1202 1169 1134 945 415 530 451 431 235 117 118 61 196 346
internal_count=1202 1169 1134 945 415 530 451 431 235 117 118 61 196 346
cat_boundaries=0 1
cat_threshold=16
is_linear=0
shrinkage=0.05


Tree=10
num_leaves=15
num_cat=1
split_feature=0 12 8 9 9 8 8 11 8 8 11 11 11 9
split_gain=8.49692 5.00639 1.27435 0.985162 1.07115 0.969508 1.08916 0.827086 0.705562 0.546218 0.42051 0.29045 0.524893 0.477718
threshold=0 -0.021515300460958463 0.02251838235294118 1.5000000000000002 5.5000000000000009 0.036764705882352949 0.051470588235294122 0.82144612508491288 0.051470588235294122 0.17371323529411767 0.76938632707879184 0.28847174723635333 0.81150899888343053 3.5000000000000004
decision_type=1 2 2 2 2 2 2 2 2 2 2 2 2 2
left_child=1 2 -1 5 8 -4 7 -7 11 -8 -6 -5 13 -13
right_child=-2 -3 3 4 10 6 9 -9 -10 -11 -12 12 -14 -15
leaf_value=0.015354942680944672 -0.011974738740158204 -0.0085375288272524913 0.00027849697176164645 0.021683309047610989 -4.7473206974251459e-07 -0.0054972934377085364 0.0029837862481971525 -0.0052485056000101393 0.0069820811460137066 -0.0041952814136670272 -0.0051862054378457008 -0.0007000815266129121 0.00067433028150147567 0.0065860782996643042
leaf_weight=188 30 27 60 57 79 43 94 29 249 23 61 64 123 81
leaf_count=188 30 27 60 57 79 43 94 29 249 23 61 64 123 81
internal_value=3.30854e-05 0.000712468 0.00121962 0.000482365 0.00142657 -0.00222 -0.00397368 -0.00876712 0.00238261 -0.000974576 -0.00248227 0.000843558 0.000148699 -0.00188356
internal_weight=1208 1178 1151 963 714 249 189 72 574 117 140 325 268 145
internal_count=1208 1178 1151 963 714 249 189 72 574 117 140 325 268 145
cat_boundaries=0 1
cat_threshold=16
is_linear=0
shrinkage=0.05


Tree=11
num_leaves=15
num_cat=1
split_feature=1 12 7 9 11 7 7 9 11 9 9 9 7 11
split_gain=8.32037 4.76023 1.52382 1.19246 1.2307 0.814002 0.851126 1.42464 1.2861 1.04144 0.789293 0.602384 0.319005 0.2151
threshold=0 -0.021515300460958463 1.5000000000000002 3.5000000000000004 0.98731287009808555 3.5000000000000004 2.5000000000000004 2.5000000000000004 0.23866392535577388 1.5000000000000002 5.5000000000000009 1.0000000180025095e-35 3.5000000000000004 0.82144612508491288
decision_type=1 2 2 2 2 2 2 2 2 2 2 2 2 2
left_child=1 2 -1 4 5 6 7 -4 -8 13 -5 -7 -12 -10
right_child=-2 -3 3 10 -6 11 8 -9 9 -11 12 -13 -14 -15
leaf_value=0.014587195546897436 -0.011376001803150293 -0.0090337292447771732 0.00033070282310158628 0.0095908128639341107 -0.0049089453136337115 -0.0029559813992290438 0.00467316696525002 -5.2466043612091744e-05 -0.0052571732208996557 -0.0059443304899841204 -0.0049268948899787047 0.006475589385967412 0.0013523696795056999 -0.0049955047979222747
leaf_weight=195 30 31 92 288 50 59 26 40 32 59 81 152 62 26
leaf_count=195 30 31 92 288 50 59 26 40 32 59 81 152 62 26
internal_value=-0.000232843 0.000431323 0.000954428 0.000139463 -0.00143389 -0.000657084 -0.00244565 0.000451128 -0.00510417 -0.00733051 0.00209491 0.00167453 -0.0009375 -0.0120339
internal_weight=1223 1193 1162 967 536 486 275 132 143 117 431 211 143 58
internal_count=1223 1193 1162 967 536 486 275 132 143 117 431 211 143 58
cat_boundaries=0 1
cat_threshold=16
is_linear=0
shrinkage=0.05


Tree=12
num_leaves=15
num_cat=1
split_feature=0 12 7 11 7 9 11 11 9 7 9 9 9 9
split_gain=9.62174 6.49104 1.5994 1.32026 0.835634 0.749103 0.706003 1.13058 0.632369 0.753603 1.23731 0.507808 0.464479 0.443622
threshold=0 -0.021515300460958463 1.5000000000000002 0.98443735097190643 3.5000000000000004 2.5000000000000004 0.23866392535577388 0.30490993010465889 3.5000000000000004 2.5000000000000004 2.5000000000000004 1.5000000000000002 1.0000000180025095e-35 5.5000000000000009
decision_type=1 2 2 2 2 2 2 2 2 2 2 2 2 2
left_child=1 2 -1 4 6 -5 -4 -8 9 10 -9 -11 -6 -14
right_child=-2 -3 3 5 12 -7 7 8 -10 11 -12 -13 13 -15
leaf_value=0.013857835769552563 -0.010807201712992778 -0.0088018228876942228 0.0064864102444520347 -0.0046634980479520255 -0.0037500595740428116 -0.0016828121891626392 -0.0049595701047781271 0.0002986860862580602 0.00055078150933966514 -0.0047772816592335909 -5.6714801598477503e-05 -0.0056471139654849156 0.0063232705151348607 -1.5457979508720632e-05
leaf_weight=177 34 27 84 32 57 66 22 72 167 51 29 53 274 57
leaf_count=177 34 27 84 32 57 66 22 72 167 51 29 53 274 57
internal_value=-0.000739817 3.42175e-05 0.000617338 -0.000186528 0.000438293 -0.00565657 -0.000960334 -0.0018481 -0.00117962 -0.00303398 4.90198e-05 -0.006 0.00215938 0.00287651
internal_weight=1202 1168 1141 964 866 98 478 394 372 205 101 104 388 331
internal_count=1202 1168 1141 964 866 98 478 394 372 205 101 104 388 331
cat_boundaries=0 1
cat_threshold=16
is_linear=0
shrinkage=0.05


Tree=13
num_leaves=15
num_cat=1
split_feature=0 12 7 7 12 12 9 9 9 9 7 12 12 12
split_gain=6.38202 4.32427 1.41768 0.978482 1.07129 1.15515 0.799095 0.480224 0.434129 0.394718 0.392498 0.343399 0.817572 0.366001
threshold=0 -0.038720846584669975 1.5000000000000002 3.5000000000000004 -0.9668120007078248 -0.9523422988233432 4.5000000000000009 1.0000000180025095e-35 5.5000000000000009 5.5000000000000009 6.0000000000000009 -0.17552498857989962 -0.29258949745833535 -0.38961601727460732
decision_type=1 2 2 2 2 2 2 2 2 2 2 2 2 2
left_child=1 2 -1 4 -4 -6 11 -5 -9 -8 -10 12 13 -7
right_child=-2 -3 3 7 5 6 9 8 10 -11 -12 -13 -14 -15
leaf_value=0.013164943981074935 -0.010266841627343141 -0.0066034902131428463 0.016659290689809175 -0.0020793713961962503 -0.0047115915995392223 -0.0012725935942840627 0.02068417263093127 0.0058893596088713702 0.0032091059804630132 -0.00024737918483476684 -0.0008824551440152821 -0.0044303231455544243 0.02068417263093127 -0.0042145518370519056
leaf_weight=185 30 41 87 64 21 206 69 299 20 54 47 35 33 24
leaf_count=185 30 41 87 64 21 206 69 299 20 54 47 35 33 24
internal_value=-0.000185033 0.000400506 0.000978166 0.000203125 -0.00123585 -0.00223476 -0.00164692 0.00197216 0.0026703 0.00173387 -0.000955882 -0.00304348 -0.0024053 -0.0034632
internal_weight=1215 1185 1144 959 529 442 421 430 366 123 67 298 263 230
internal_count=1215 1185 1144 959 529 442 421 430 366 123 67 298 263 230
cat_boundaries=0 1
cat_threshold=16
is_linear=0
shrinkage=0.05


Tree=14
num_leaves=15
num_cat=1
split_feature=0 11 11 7 9 11 9 7 9 7 7 11 7 11
split_gain=7.25923 4.77799 1.39922 0.889955 0.767244 0.76373 0.602045 0.539857 0.902481 0.526042 1.26987 0.934277 0.345808 0.272062
threshold=0 0.99906486341235867 0.98443735097190643 1.5000000000000002 1.5000000000000002 0.99728803130978128 5.5000000000000009 2.5000000000000004 2.5000000000000004 2.5000000000000004 3.5000000000000004 0.82144612508491288 3.5000000000000004 0.36971084796686632
decision_type=1 2 2 2 2 2 2 2 2 2 2 2 2 2
left_child=1 2 3 -1 9 7 12 -4 -9 13 11 -11 -6 -5
right_child=-2 -3 5 4 6 -7 -8 8 -10 10 -12 -13 -14 -15
leaf_value=0.012506696782021189 -0.0097534995459759837 -0.0061944237661372336 0.00010310595729502497 -1.2137057063528208e-05 0.00029755689905819484 0.0091473586001697381 -0.00023659356327254772 -0.0042088069882767034 -0.0062429153789737837 -0.0044975928815664881 0.003055416684495835 -0.0044488904826034325 0.0059644187248023457 0.00035624999119815881
leaf_weight=155 30 42 24 21 294 32 127 21 27 50 112 23 217 40
leaf_count=155 30 42 24 21 294 32 127 21 27 50 112 23 217 40
internal_value=-0.000308388 0.000316189 0.000930944 0.00148558 0.000870057 -0.00457143 0.00178404 -0.00739726 -0.0104082 -0.00149798 -0.00282258 -0.00790541 0.00254883 0.0025
internal_weight=1215 1185 1143 1039 884 104 638 72 48 246 185 73 511 61
internal_count=1215 1185 1143 1039 884 104 638 72 48 246 185 73 511 61
cat_boundaries=0 1
cat_threshold=16
is_linear=0
shrinkage=0.05


Tree=15
num_leaves=15
num_cat=1
split_feature=0 11 7 9 7 9 7 7 11 9 7 7 11 11
split_gain=7.57525 4.24161 2.35287 2.74274 0.796507 0.934653 0.54659 1.56089 0.504072 0.385027 0.317144 0.302513 0.29769 0.277852
threshold=0 0.98443735097190643 2.5000000000000004 2.5000000000000004 1.5000000000000002 1.5000000000000002 2.5000000000000004 3.5000000000000004 0.82144612508491288 3.5000000000000004 4.5000000000000009 3.5000000000000004 0.46353310059116132 0.27194808396361153
decision_type=1 2 2 2 2 2 2 2 2 2 2 2 2 2
left_child=1 4 9 -4 -1 6 12 8 -8 -3 -5 13 -6 -7
right_child=-2 2 3 10 5 11 7 -9 -10 -11 -12 -13 -14 -15
leaf_value=0.011881361942920127 -0.0092658245686771841 0.0020786768112510553 -0.0053866714670853799 -0.004854928514953805 -4.6035377129098081e-05 0.018947590053114 -0.0044669411531004675 0.0027922279725092754 -0.0042113667933074668 -4.5056576545365882e-05 0.0017239626765996844 0.0050871963629978804 0.00034505055778789873 8.6168884566389933e-06
leaf_weight=170 27 27 37 22 20 66 47 110 22 22 21 271 43 284
leaf_count=170 27 27 37 22 20 66 47 110 22 22 21 271 43 284
internal_value=0.000163866 0.000782459 -0.00773077 -0.012963 0.00185203 0.00123264 -0.00139918 -0.00280556 -0.00864286 0.0009 -0.00420455 0.00225884 0.00257813 0.00128205
internal_weight=1189 1162 129 80 1033 863 242 179 69 49 43 621 63 350
internal_count=1189 1162 129 80 1033 863 242 179 69 49 43 621 63 350
cat_boundaries=0 1
cat_threshold=16
is_linear=0
shrinkage=0.05


Tree=16
num_leaves=15
num_cat=1
split_feature=0 12 7 11 9 7 7 11 7 11 9 9 7 11
split_gain=10.7598 3.12149 1.23089 0.779093 0.765807 0.887766 0.827791 0.629468 0.813866 0.511872 0.471275 0.385789 0.370908 0.200757
threshold=0 -0.038720846584669975 1.5000000000000002 0.98443735097190643 1.5000000000000002 2.5000000000000004 3.5000000000000004 0.99728803130978128 3.5000000000000004 0.82144612508491288 5.5000000000000009 1.0000000180025095e-35 3.5000000000000004 0.28847174723635333
decision_type=1 2 2 2 2 2 2 2 2 2 2 2 2 2
left_child=1 2 -1 4 5 -4 9 8 -5 -7 12 -8 13 -6
right_child=-2 -3 3 7 10 6 11 -9 -10 -11 -12 -13 -14 -15
leaf_value=0.011287293845774121 -0.0088025333402433244 -0.0047206685268155954 0.00032779802989850448 -0.0040291486562195151 0.018000210550458303 -0.0042435940954454439 -0.0053969778068436898 0.0089172437399979553 -0.00052370918850376004 -0.0040007984536420934 -0.00021309246331878697 0.0055635321379760589 0.005472455656323501 8.1860440338060721e-06
leaf_weight=178 35 42 65 31 55 46 51 23 27 20 126 55 214 244
leaf_count=178 35 42 65 31 55 46 51 23 27 20 126 55 214 244
internal_value=-0.000156636 0.000666384 0.00116637 0.000454071 0.000889396 -0.00153361 -0.0034104 -0.00420732 -0.00694915 -0.00776119 0.00178906 -0.000654205 0.00246109 0.00131667
internal_weight=1212 1177 1135 957 876 237 172 81 58 66 639 106 513 299
internal_count=1212 1177 1135 957 876 237 172 81 58 66 639 106 513 299
cat_boundaries=0 1
cat_threshold=16
is_linear=0
shrinkage=0.05


Tree=17
num_leaves=15
num_cat=1
split_feature=0 12 7 11 11 9 9 7 7 11 11 7 11 11
split_gain=6.95669 3.323 1.18217 0.53738 0.819105 0.599052 0.882826 0.540972 1.08652 0.482192 0.262447 0.262073 0.212888 0.189808
threshold=0 -0.021515300460958463 1.5000000000000002 0.9898958271128977 0.99418108018405604 1.5000000000000002 5.5000000000000009 2.5000000000000004 4.5000000000000009 0.82144612508491288 0.46353310059116132 3.5000000000000004 0.27194808396361153 0.81150899888343053
decision_type=1 2 2 2 2 2 2 2 2 2 2 2 2 2
left_child=1 2 -1 5 -5 7 11 10 9 -9 -4 13 -8 -7
right_child=-2 -3 3 4 -6 6 12 8 -10 -11 -12 -13 -14 -15
leaf_value=0.010722929153485418 -0.0083624066732311576 -0.003246688638401005 4.673091454984839e-05 -0.0035534740434812733 -3.2487813602377753e-05 7.7767418321161855e-06 0.0064349642220827181 -0.003923509984177999 0.0030299564231626346 -0.0038045283216194764 0.00031140812840357857 0.0048689465702269402 -0.00067994402108799152 0.002232509913950582
leaf_weight=181 32 28 22 20 49 199 21 56 91 29 43 227 107 97
leaf_count=181 32 28 22 20 49 199 21 56 91 29 43 227 107 97
internal_value=0.000216127 0.000853971 0.00127734 0.000576923 -0.00364286 0.000907055 0.00169479 -0.00121901 -0.00265537 -0.00668605 0.00265152 0.00260496 -0.0020155 0.00161616
internal_weight=1202 1170 1142 961 69 892 651 241 176 85 65 523 128 296
internal_count=1202 1170 1142 961 69 892 651 241 176 85 65 523 128 296
cat_boundaries=0 1
cat_threshold=16
is_linear=0
shrinkage=0.05


Tree=18
num_leaves=15
num_cat=2
split_feature=1 11 7 9 7 7 11 9 5 7 7 11 9 11
split_gain=8.94641 4.89131 1.33717 1.1924 1.13682 1.89505 1.01931 0.98181 0.45606 0.457923 0.324285 0.217262 0.369894 0.212163
threshold=0 0.99906486341235867 1.5000000000000002 1.5000000000000002 2.5000000000000004 3.5000000000000004 0.82144612508491288 5.5000000000000009 1 3.5000000000000004 3.5000000000000004 0.80133140505178047 3.5000000000000004 0.36971084796686632
decision_type=1 2 2 2 2 2 2 2 1 2 2 2 2 2
left_child=1 2 -1 4 -4 6 -6 10 -9 -10 -5 -12 -13 -7
right_child=-2 -3 3 7 5 13 -8 8 9 -11 11 12 -14 -15
leaf_value=0.010186782695811148 -0.0079442863395695982 -0.0043745242721852182 0.00029583772198339968 5.7285138454759191e-05 -0.0038136580005178329 -0.0027500966657540652 -0.0036124170097874514 -0.0030504358627248028 -0.003826066834567138 0.0015815823938095178 0.0047601336085802189 -0.00093972192231787802 0.010991333552894368 0.0028208189215371518
leaf_weight=188 34 42 61 312 42 26 30 21 77 47 146 48 49 91
leaf_count=188 34 42 61 312 42 26 30 21 77 47 146 48 49 91
internal_value=-0.000230452 0.000508044 0.00113257 0.000368034 -0.00258964 -0.0045 -0.0108219 0.00142653 -0.00222603 -0.00104 0.00238309 0.00375 0.00188776 -0.000550847
internal_weight=1214 1180 1138 950 250 189 72 700 145 124 555 243 97 117
internal_count=1214 1180 1138 950 250 189 72 700 145 124 555 243 97 117
cat_boundaries=0 1 2
cat_threshold=16 4
is_linear=0
shrinkage=0.05


Tree=19
num_leaves=15
num_cat=1
split_feature=0 12 7 12 12 9 7 7 12 9 7 12 12 9
split_gain=6.00986 2.12218 1.17182 0.603916 1.6248 0.857891 1.02349 2.09587 0.470767 0.356869 0.271415 0.595746 1.26806 0.334697
threshold=0 -0.038720846584669975 1.5000000000000002 -0.59815875725621337 -0.52705818521824688 2.5000000000000004 2.5000000000000004 3.5000000000000004 -0.80389818363065602 5.5000000000000009 3.5000000000000004 -0.97106408147883394 -0.9523422988233432 1.0000000180025095e-35
decision_type=1 2 2 2 2 2 2 2 2 2 2 2 2 2
left_child=1 2 -1 8 -5 6 -6 -8 10 -7 11 -4 -13 -12
right_child=-2 -3 3 4 5 9 7 -9 -10 -11 13 12 -14 -15
leaf_value=0.0096774435610205885 -0.0075470720225911175 -0.0048928930868336294 0.0038371889760978385 -0.0056992597564857438 0.00061864002173316708 0.0077722374633891426 -0.0035628533164957783 0.00021504061897440927 0.00078296539280391098 -0.00045464347830523891 -0.0028375873872920152 -0.0043896502020154922 -2.8565650861193336e-05 0.0042335208643221878
leaf_weight=182 26 43 88 53 32 162 34 62 189 35 34 25 114 140
leaf_count=182 26 43 88 53 32 162 34 62 189 35 34 25 114 140
internal_value=0.000364754 0.00089196 0.00130321 0.000608875 -0.000949868 0.000383436 -0.0027907 -0.00536082 0.00160745 0.0024495 0.000634329 -0.000504386 -0.00253571 0.00211429
internal_weight=1219 1193 1150 968 378 325 128 96 590 197 401 227 139 174
internal_count=1219 1193 1150 968 378 325 128 96 590 197 401 227 139 174
cat_boundaries=0 1
cat_threshold=16
is_linear=0
shrinkage=0.05


Tree=20
num_leaves=15
num_cat=1
split_feature=1 7 12 7 12 12 7 7 9 9 12 12 9 9
split_gain=6.78262 1.7746 1.71848 0.596375 0.50461 1.16101 0.477455 0.44416 2.00343 0.919867 0.559225 0.643067 0.309543 0.240761
threshold=0 1.5000000000000002 -0.038720846584669975 3.5000000000000004 -0.97106408147883394 -0.9523422988233432 11.500000000000002 2.5000000000000004 2.5000000000000004 2.5000000000000004 -0.57022117041332276 -0.74979862697202038 5.5000000000000009 2.5000000000000004
decision_type=1 2 2 2 2 2 2 2 2 2 2 2 2 2
left_child=1 -1 3 4 -3 -6 -5 9 10 -7 11 -9 -10 -8
right_child=-2 2 -4 6 5 7 13 8 12 -11 -12 -13 -14 -15
leaf_value=0.0091935713829695564 -0.0071697184214615621 0.0036453295272929455 -0.004038382719274391 0.0038660836472077412 -0.0040087060265637129 0.00034089556508764413 -0.0039920887069521257 -0.0049681462912178143 0.0071651688598114993 -9.6589226503197701e-05 -0.0032706175557944946 0.011092355368523923 -0.0036120313189235173 0.0011640160177296206
leaf_weight=191 29 83 33 361 22 76 27 36 96 129 39 20 32 41
leaf_count=191 29 83 33 361 22 76 27 36 96 129 39 20 32 41
internal_value=-2.0559e-05 0.000572873 -0.000276104 0.000114227 -0.00100187 -0.00166297 0.0015 -0.00107226 -0.00261161 0.000606796 -0.00807292 -0.00473684 0.00147287 -0.00231884
internal_weight=1215 1186 995 962 533 450 429 428 223 205 95 56 128 68
internal_count=1215 1186 995 962 533 450 429 428 223 205 95 56 128 68
cat_boundaries=0 1
cat_threshold=16
is_linear=0
shrinkage=0.05


Tree=21
num_leaves=15
num_cat=1
split_feature=0 7 11 7 11 11 7 11 7 11 11 11 11 11
split_gain=9.72243 1.6861 1.40448 0.596383 0.49959 1.04587 0.521995 0.862229 0.763498 1.14632 0.436522 0.800997 0.281687 0.206414
threshold=0 1.5000000000000002 0.98443735097190643 2.5000000000000004 0.95102128832130872 0.93380263866670565 3.5000000000000004 0.23866392535577388 2.5000000000000004 0.38564912093021586 0.80133140505178047 0.86742422337961667 0.59470465775869796 0.99588210642743402
decision_type=1 2 2 2 2 2 2 2 2 2 2 2 2 2
left_child=1 -1 4 -4 5 6 7 -3 -9 -10 12 -12 -11 -5
right_child=-2 2 3 13 -6 -7 -8 8 9 10 11 -13 -14 -15
leaf_value=0.0087338928138210765 -0.0068112325003884845 0.006002264078309838 3.0885583365744539e-05 -0.0032700768249924075 0.012777497602176644 -0.0056384736757996833 0.0036539426504788677 2.3584207910626815e-05 -0.0057143605070151199 -0.0045203996235795487 -0.0053276991721446648 0.0038930371421331562 0.0067388998302684083 -0.0036215377093389099
leaf_weight=181 32 83 33 35 93 27 334 167 26 48 21 27 51 53
leaf_count=181 32 83 33 35 93 27 334 167 26 48 21 27 51 53
internal_value=-0.000202145 0.00054661 -0.00026026 -0.00528688 0.000438497 2.54779e-05 0.00037599 -0.000790094 -0.00190616 -0.00422414 -0.00246622 -0.00632653 -0.00055 -0.00741573
internal_weight=1211 1179 998 121 877 784 757 423 340 173 147 48 99 88
internal_count=1211 1179 998 121 877 784 757 423 340 173 147 48 99 88
cat_boundaries=0 1
cat_threshold=16
is_linear=0
shrinkage=0.05


Tree=22
num_leaves=15
num_cat=3
split_feature=0 12 12 12 9 9 5 12 9 12 12 5 12 12
split_gain=10.9342 1.67307 0.466729 0.596156 0.263703 0.378215 0.220561 0.335768 0.216519 0.319111 0.255166 0.176371 0.165872 0.319466
threshold=0 -0.17552498857989962 -0.32533003375364639 -0.35768498937424864 5.5000000000000009 1.5000000000000002 1 -0.92260537345622995 1.5000000000000002 -0.073092422389869308 -0.038720846584669975 2 -0.57022117041332276 -0.88603780069526505
decision_type=1 2 2 2 2 2 1 2 2 2 2 1 2 2
left_child=1 2 3 4 5 12 7 -6 -3 -10 -11 -7 13 -1
right_child=-2 8 -4 -5 6 11 -8 -9 9 10 -12 -13 -14 -15
leaf_value=-0.0021654052942459488 -0.0064706708753690598 -0.003584141634850413 0.0081344533171480229 -0.0026335833696400643 -0.0029019868426766976 0.0036525501566860696 -0.0013164747456816056 0.0007474673740933413 -0.0031353289502123699 0.0077038069027757228 -0.0019671899041278831 0.0041927238208941345 -0.0030083854482982047 0.00026425012977737418
leaf_weight=94 35 30 117 20 34 425 25 73 49 26 28 96 46 106
leaf_count=94 35 30 117 20 34 425 25 73 49 26 28 96 46 106
internal_value=5.80915e-05 0.000893163 0.00157184 0.00119022 0.00138333 0.00173828 -0.000676692 0.000324074 -0.00436567 -0.00322115 -0.000545454 0.0025 0.000121458 0.000746269
internal_weight=1204 1169 1036 919 899 767 132 107 133 103 54 521 246 200
internal_count=1204 1169 1036 919 899 767 132 107 133 103 54 521 246 200
cat_boundaries=0 1 2 3
cat_threshold=16 1 1
is_linear=0
shrinkage=0.05


Tree=23
num_leaves=15
num_cat=2
split_feature=3 7 11 7 7 9 11 9 9 11 9 9 5 9
split_gain=9.14591 1.40586 1.12862 0.537072 0.534904 1.01335 0.911927 0.578713 0.474961 0.457673 0.439979 0.372594 0.313134 0.305264
threshold=0 1.5000000000000002 0.98443735097190643 3.5000000000000004 2.5000000000000004 1.5000000000000002 0.82144612508491288 2.5000000000000004 3.5000000000000004 0.84978561355144533 5.5000000000000009 5.5000000000000009 1 2.5000000000000004
decision_type=1 2 2 2 2 2 2 2 2 2 2 2 1 2
left_child=1 -1 3 4 7 6 -6 -3 -9 11 13 -7 -12 -5
right_child=-2 2 -4 10 5 9 -8 8 -10 -11 12 -13 -14 -15
leaf_value=0.0081145706652957176 -0.0061471373316006068 0.00023084443907515906 -0.0029785624855618543 0.003202505246620824 -0.0029648800206718757 0.00026356045285547196 -0.0025646131677534907 -0.00021360187872709326 0.00071009400538867289 0.0073580701967302931 -0.0018159723325791507 -0.0047259364697669545 0.00051841438352327924 0.0069924345222886044
leaf_weight=171 34 91 129 162 43 97 21 38 113 50 21 30 37 163
leaf_count=171 34 91 129 162 43 97 21 38 113 50 21 30 37 163
internal_value=4.16322e-05 0.000796915 7.53014e-05 0.000726644 -0.000382231 -0.00204545 -0.00738462 0.00127572 -0.000625 -8.42695e-05 0.0021224 -0.00167969 -0.00186441 0.00283742
internal_weight=1200 1166 995 866 483 241 64 242 151 177 383 127 58 325
internal_count=1200 1166 995 866 483 241 64 242 151 177 383 127 58 325
cat_boundaries=0 1 2
cat_threshold=1 4
is_linear=0
shrinkage=0.05


Tree=24
num_leaves=15
num_cat=1
split_feature=1 12 7 7 7 9 11 11 9 11 9 7 9 11
split_gain=9.28632 1.86393 1.49364 0.706833 0.627228 1.02272 1.31001 1.7069 0.994392 0.70738 0.467002 0.72962 0.605933 0.450989
threshold=0 1.0000000180025095e-35 1.5000000000000002 3.5000000000000004 2.5000000000000004 2.5000000000000004 0.82144612508491288 0.96570416579410667 2.5000000000000004 0.40147311773604405 5.5000000000000009 6.0000000000000009 2.5000000000000004 0.9898958271128977
decision_type=1 2 2 2 2 2 2 2 2 2 2 2 2 2
left_child=1 2 -1 4 8 6 -6 -8 -4 -7 12 -12 13 -5
right_child=-2 -3 3 10 5 9 7 -9 -10 -11 11 -13 -14 -15
leaf_value=0.0077088421320309301 -0.0058397804650205769 -0.0048906215770325306 0.00021930221712140042 0.00299839920646437 -0.0028238064327253667 -0.0036639829813201658 -0.0030230886043088462 -0.0023824594682672808 -0.00012224516190236464 0.0062061493082779086 0.0036553775636330972 -0.0024704992787788166 0.0059673315364276169 -0.002459658165772519
leaf_weight=176 33 20 99 164 69 47 23 20 159 120 23 45 186 21
leaf_count=176 33 20 99 164 69 47 23 20 159 120 23 45 186 21
internal_value=-0.000269486 0.000477409 0.00074588 -2.04706e-05 -0.00123606 -0.002875 -0.00654867 -0.0132955 0.000540541 -0.000386905 0.00146591 -0.00231884 0.00216398 0.000134409
internal_weight=1205 1172 1152 976 537 279 112 43 258 167 439 68 371 185
internal_count=1205 1172 1152 976 537 279 112 43 258 167 439 68 371 185
cat_boundaries=0 1
cat_threshold=16
is_linear=0
shrinkage=0.05


Tree=25
num_leaves=15
num_cat=1
split_feature=0 7 11 9 7 7 9 11 11 9 9 9 11 12
split_gain=10.0972 1.77172 1.26703 0.895821 0.526348 0.553378 1.65691 0.729895 0.621977 0.530671 0.492846 0.55746 0.475754 0.368755
threshold=0 1.5000000000000002 0.98443735097190643 1.5000000000000002 3.5000000000000004 2.5000000000000004 2.5000000000000004 0.32125776158017871 0.82144612508491288 2.5000000000000004 5.5000000000000009 1.0000000180025095e-35 0.99588210642743402 -0.038720846584669975
decision_type=1 2 2 2 2 2 2 2 2 2 2 2 2 2
left_child=1 -1 4 -4 5 9 8 -8 -7 -3 11 -6 -5 -14
right_child=-2 2 3 12 10 6 7 -9 -10 -11 -12 -13 13 -15
leaf_value=0.0073234000254293833 -0.0055477914417695479 0.00017089035494577043 -0.0044922444744333523 -0.0026817554231144286 -0.0027788274855467155 -0.0035831593642423939 -0.006254180158297382 0.0062426085998821485 -0.002813263537497035 -9.5963764191357712e-05 -0.00024566455114396883 0.0039567878723623445 0.0035690268992560103 -0.0024702299945213281
leaf_weight=185 31 91 27 31 57 57 33 102 32 151 51 260 33 26
leaf_count=185 31 91 27 31 57 57 33 102 32 151 51 260 33 26
internal_value=-0.000269692 0.000510115 -0.000362395 -0.00521186 0.000323353 -0.000792291 -0.00257778 0.000919118 -0.00783333 0.000864198 0.00173442 0.00246855 -0.00274725 -8.33331e-05
internal_weight=1167 1136 951 117 834 466 224 135 89 242 368 317 90 59
internal_count=1167 1136 951 117 834 466 224 135 89 242 368 317 90 59
cat_boundaries=0 1
cat_threshold=16
is_linear=0
shrinkage=0.05


Tree=26
num_leaves=15
num_cat=1
split_feature=0 12 7 7 7 12 12 7 12 12 12 7 12 9
split_gain=7.15722 2.04761 1.76781 1.08422 0.805866 0.452476 0.59245 0.445363 0.429807 0.500257 0.43311 0.618277 0.388557 0.6312
threshold=0 -0.14153505243942421 2.5000000000000004 1.5000000000000002 3.5000000000000004 -0.32533003375364639 -0.37370587188196386 11.500000000000002 -0.97106408147883394 -0.8140159405215136 -0.61186373645567593 2.5000000000000004 -0.038720846584669975 3.5000000000000004
decision_type=1 2 2 2 2 2 2 2 2 2 2 2 2 2
left_child=1 3 -3 -1 5 6 8 -6 -5 -10 -11 -12 13 -4
right_child=-2 2 12 4 7 -7 -8 -9 9 10 11 -13 -14 -15
leaf_value=0.0069572300241579127 -0.0052704018696810712 0.0026632108338853185 -0.0024096355845279684 0.016722810426339812 0.003378571696448679 0.00051241550253671808 -0.0018245995307868469 -0.00017606227327102036 -0.002496287729789895 0.0001132785206201109 0.00019979258851804128 -0.0054848284900369292 -0.0055318877954344207 -0.0017795810348575991
leaf_weight=172 28 35 25 78 319 73 20 61 132 104 43 41 27 24
leaf_count=172 28 35 25 78 319 73 20 61 132 104 43 41 27 24
internal_value=5.07187e-05 0.000666667 -0.00575893 0.00135536 0.000636468 -0.000701219 -0.00133652 0.0023622 -0.000902255 -0.0017134 -5.29099e-05 -0.00270588 -0.01 -0.0071
internal_weight=1182 1154 111 1043 871 491 418 380 398 320 188 84 76 49
internal_count=1182 1154 111 1043 871 491 418 380 398 320 188 84 76 49
cat_boundaries=0 1
cat_threshold=16
is_linear=0
shrinkage=0.05


Tree=27
num_leaves=15
num_cat=1
split_feature=0 7 11 7 7 7 9 11 9 7 9 11 11 11
split_gain=8.52305 1.86063 1.65473 1.25785 0.787525 0.891211 0.741243 0.624803 0.66904 1.37187 1.6589 1.32351 0.633774 0.826878
threshold=0 1.5000000000000002 0.9898958271128977 2.5000000000000004 3.5000000000000004 11.500000000000002 3.5000000000000004 0.94556136170129623 3.5000000000000004 2.5000000000000004 2.5000000000000004 0.80133140505178047 0.63540876391619916 0.3536630217002506
decision_type=1 2 2 2 2 2 2 2 2 2 2 2 2 2
left_child=1 -1 4 -4 7 -6 -5 8 9 10 -3 12 13 -11
right_child=-2 2 3 6 5 -7 -8 -9 -10 11 -12 -13 -14 -15
leaf_value=0.0066093685229500158 -0.0050068817761970176 0.00021138798510361392 0.0025300502921910524 -0.0031910713392352356 0.0031851546391110652 -0.0021914139509621095 -0.0030698537308442167 0.00050538451359431302 0.00027001066657128103 -0.00042123760386907099 -0.00040367580355554983 -0.0024570295727167043 0.0066338233072275408 -0.0045948869028155622
leaf_weight=180 32 86 26 52 330 64 26 64 184 33 30 33 24 31
leaf_count=180 32 86 26 52 330 64 26 64 184 33 30 33 24 31
internal_value=-0.000397157 0.000313574 -0.000543699 -0.00647619 0.000164773 0.00182278 -0.00962025 -0.00118313 -0.00188389 -0.00363445 0.00025641 -0.00733607 -0.00404494 -0.00661538
internal_weight=1195 1163 983 104 879 394 78 485 421 237 116 121 88 64
internal_count=1195 1163 983 104 879 394 78 485 421 237 116 121 88 64
cat_boundaries=0 1
cat_threshold=16
is_linear=0
shrinkage=0.05


Tree=28
num_leaves=15
num_cat=1
split_feature=0 7 11 7 11 11 11 11 7 11 7 11 11 11
split_gain=7.93974 2.05174 2.98002 1.38537 0.712222 0.977788 0.748907 1.12665 0.577384 0.566076 0.564914 0.470201 0.347749 0.239091
threshold=0 2.5000000000000004 0.9898958271128977 3.5000000000000004 0.94556136170129623 0.80133140505178047 0.59470465775869796 0.25534383660447135 11.500000000000002 0.44821273892947694 1.5000000000000002 0.38564912093021586 0.76938632707879184 0.12020359228713824
decision_type=1 2 2 2 2 2 2 2 2 2 2 2 2 2
left_child=1 10 3 4 5 6 7 13 -5 -10 -1 -9 -11 -3
right_child=-2 2 -4 8 -6 -7 -8 11 9 12 -12 -13 -14 -15
leaf_value=0.0062789000968025144 -0.0047565376873871662 -0.00051320158585168034 -0.0031909453511836973 0.0024126062825889226 0.0063168387906792304 -0.0023341780940808687 0.0052463563214775249 -0.0045940737266103159 -0.00084388338207300488 0.0051924933735934932 9.7045195333925199e-05 -0.0040555763925201769 -0.0024432781094935597 0.0031906131149703146
leaf_weight=190 28 20 71 327 34 52 48 26 20 22 264 44 22 25
leaf_count=190 28 20 71 327 34 52 48 26 20 22 264 44 22 25
internal_value=-0.000364321 0.000278731 -0.00139747 -0.000312012 -0.00322 -0.00428241 -0.00234756 -0.00452586 0.00154337 -0.00276923 0.0029011 -0.0084507 0.000444445 0.00163043
internal_weight=1193 1165 711 640 249 215 163 115 391 64 454 70 44 45
internal_count=1193 1165 711 640 249 215 163 115 391 64 454 70 44 45
cat_boundaries=0 1
cat_threshold=16
is_linear=0
shrinkage=0.05


Tree=29
num_leaves=15
num_cat=1
split_feature=0 11 7 7 7 7 11 11 11 11 11 11 11 11
split_gain=8.24929 1.81736 1.29787 0.629056 0.993355 0.928296 0.405489 0.472907 0.876107 0.530188 0.971463 0.244086 0.524705 0.199647
threshold=0 0.99906486341235867 1.5000000000000002 3.5000000000000004 2.5000000000000004 11.500000000000002 0.98731287009808555 0.94556136170129623 0.80133140505178047 0.30490993010465889 0.15430310492919616 0.83113983907127353 0.41717814939258779 0.10309787846944714
decision_type=1 2 2 2 2 2 2 2 2 2 2 2 2 2
left_child=1 2 -1 4 -4 13 7 8 9 10 -6 12 -7 -5
right_child=-2 -3 3 5 6 11 -8 -9 -10 -11 -12 -13 -14 -15
leaf_value=0.0059649550919623874 -0.0045187108030178089 -0.0038257831504628498 9.2192935567228521e-05 -0.0018029855941681405 0.0095421746391508525 -0.00024599249584619521 -0.0030313981002541069 0.0078934744729285463 -0.0024975327722499708 0.0043889526523123541 -0.0023042308377902694 -0.0041007561757925755 0.0027697286640369621 0.0030492962601316067
leaf_weight=194 37 36 259 23 25 20 20 32 50 113 21 24 29 327
leaf_count=194 37 36 259 23 25 20 20 32 50 113 21 24 29 327
internal_value=0.000165153 0.000907155 0.00126098 0.000492585 -0.000671785 0.00192217 -0.00284351 -0.00225207 -0.00311905 -0.00128125 -0.00574468 -0.00317568 -0.0011 0.00299145
internal_weight=1210 1173 1137 943 520 423 261 241 209 159 46 73 49 350
internal_count=1210 1173 1137 943 520 423 261 241 209 159 46 73 49 350
cat_boundaries=0 1
cat_threshold=16
is_linear=0
shrinkage=0.05


Tree=30
num_leaves=15
num_cat=1
split_feature=3 7 11 7 7 7 9 11 7 9 9 11 11 9
split_gain=7.71674 1.73137 1.14057 1.44989 0.84066 0.659433 0.656609 0.597027 0.322822 0.916154 0.547839 0.542224 0.572543 0.469364
threshold=0 1.5000000000000002 0.9898958271128977 2.5000000000000004 3.5000000000000004 11.500000000000002 3.5000000000000004 0.43275956216002465 2.5000000000000004 1.5000000000000002 2.5000000000000004 0.40147311773604405 0.2219132928352042 3.5000000000000004
decision_type=1 2 2 2 2 2 2 2 2 2 2 2 2 2
left_child=1 -1 4 -4 8 -6 -5 -7 10 -10 -3 12 -11 -13
right_child=-2 2 3 6 5 7 -8 -9 9 11 -12 13 -14 -15
leaf_value=0.0056667073373642685 -0.0042927752628669187 0.00010850871856538467 0.0024216959672863202 -0.0026806813471911468 0.002825106789866316 -0.00078938958817704487 -0.0025264954572560526 0.0017488018015712399 -0.0021150122876007729 0.0019130108946191051 -0.00018695338088433602 -0.0055733378238899522 -0.0063092979534219544 0.0063773425603280871
leaf_weight=187 32 77 26 49 335 20 27 46 58 28 154 51 21 86
leaf_count=187 32 77 26 49 335 20 27 46 58 28 154 51 21 86
internal_value=-9.59931e-05 0.000578902 -0.000265577 -0.00524272 0.00031927 0.00200249 -0.0087013 -0.00253731 -0.00110294 -0.00236735 0.000237069 -0.000641711 -0.0051 0.000978261
internal_weight=1197 1165 978 102 876 401 76 66 475 244 231 186 49 137
internal_count=1197 1165 978 102 876 401 76 66 475 244 231 186 49 137
cat_boundaries=0 1
cat_threshold=1
is_linear=0
shrinkage=0.05


Tree=31
num_leaves=15
num_cat=1
split_feature=1 11 7 7 7 7 11 11 11 11 11 7 11 11
split_gain=7.46869 1.81149 1.90428 1.06296 0.583532 0.864863 0.641303 0.77361 0.838479 0.752297 0.58147 0.498552 0.498194 0.615341
threshold=0 0.9898958271128977 2.5000000000000004 1.5000000000000002 3.5000000000000004 2.5000000000000004 0.94556136170129623 0.23866392535577388 0.38564912093021586 0.80133140505178047 0.59470465775869796 11.500000000000002 0.99728803130978128 0.9993981459635205
decision_type=1 2 2 2 2 2 2 2 2 2 2 2 2 2
left_child=1 3 -3 -1 5 -5 7 -7 -9 10 -10 -6 -4 -14
right_child=-2 2 12 4 11 6 -8 8 9 -11 -12 -13 13 -15
leaf_value=0.0053833719704960538 -0.0040781364997235729 0.0023282212610576587 -0.0027535034223786004 8.215785286059819e-05 0.0021772975217415756 0.01532607017429834 0.007212493002021406 -0.0020615744136641885 -0.0037595561197855836 -0.00198684193638429 0.0060396751161796705 -0.00040788266578910135 0.00030077004184826759 -0.0026943128758641494
leaf_weight=166 30 38 29 237 340 41 36 27 45 52 49 64 20 23
leaf_count=166 30 38 29 237 340 41 36 27 45 52 49 64 20 23
internal_value=2.92155e-05 0.000672089 -0.00540541 0.00130907 0.000622197 -0.000543033 -0.00258964 -0.00362791 -0.00508621 -0.00353741 -0.000842105 0.00202469 -0.010137 -0.00647727
internal_weight=1197 1167 110 1057 891 487 250 214 173 146 94 404 72 43
internal_count=1197 1167 110 1057 891 487 250 214 173 146 94 404 72 43
cat_boundaries=0 1
cat_threshold=16
is_linear=0
shrinkage=0.05


Tree=32
num_leaves=15
num_cat=1
split_feature=0 7 12 7 7 7 12 7 12 12 12 12 12 12
split_gain=9.34559 1.77507 0.866826 0.898404 0.703902 0.939211 0.519686 0.476195 0.362741 0.96608 0.36731 0.85806 0.525232 0.209059
threshold=0 1.5000000000000002 -0.14153505243942421 2.5000000000000004 3.5000000000000004 2.5000000000000004 -0.073092422389869308 11.500000000000002 -0.97502841500522164 -0.91583036384466876 -0.59815875725621337 -0.32533003375364639 -0.80389818363065602 -0.021515300460958463
decision_type=1 2 2 2 2 2 2 2 2 2 2 2 2 2
left_child=1 -1 4 -4 5 -3 -5 -6 -7 -10 12 -12 -11 -8
right_child=-2 2 3 6 7 8 13 -9 9 10 11 -13 -14 -15
leaf_value=0.0051142033719712493 -0.0038742296747373939 7.7909806840350081e-05 0.0021565900096192441 -0.0016848059083115808 0.0021230759510219317 0.003978502360303217 0.002911760420169645 -0.00042309841063927926 -0.0038716003668479802 -0.0030312139357166605 -0.0045224041409832215 0.0049268313493813672 0.0048658262607169196 -0.0026912499397590685
leaf_weight=197 36 250 27 31 336 40 20 73 32 42 49 37 52 20
leaf_count=197 36 250 27 31 336 40 20 73 32 42 49 37 52 20
internal_value=-0.000112631 0.00064623 -0.00020297 -0.00464646 0.000279605 -0.000974155 -0.00756944 0.00181707 -0.00312253 -0.00394366 -0.00248619 -0.00482759 -0.000315789 -0.00365854
internal_weight=1242 1206 1009 98 911 502 71 409 252 212 180 86 94 40
internal_count=1242 1206 1009 98 911 502 71 409 252 212 180 86 94 40
cat_boundaries=0 1
cat_threshold=16
is_linear=0
shrinkage=0.05


Tree=33
num_leaves=15
num_cat=1
split_feature=0 8 12 8 12 8 8 9 12 9 8 9 12 9
split_gain=9.26399 1.83462 1.2474 1.18054 0.874153 0.740598 0.541652 1.08827 0.747449 0.741259 0.541423 0.487687 0.344935 0.353276
threshold=0 0.02251838235294118 -0.14153505243942421 0.036764705882352949 -0.073092422389869308 0.051470588235294122 0.036764705882352949 3.5000000000000004 -0.91583036384466876 2.5000000000000004 0.17371323529411767 3.5000000000000004 -0.97502841500522164 1.5000000000000002
decision_type=1 2 2 2 2 2 2 2 2 2 2 2 2 2
left_child=1 -1 5 -4 -5 6 9 12 -9 -3 -7 -11 -8 -14
right_child=-2 2 3 4 -6 10 7 8 -10 11 -12 -13 13 -15
leaf_value=0.0048584932033726887 -0.0036805181910005247 0.00024673252094623807 0.0019741764514077027 -0.0025315879558440893 -0.0025062768169221389 0.0025670507507261848 0.0039678173888089922 -0.0051236678842055796 0.0054996345191489632 -0.0002227947917043003 -0.0010607812346289742 2.9307061258040123e-05 -0.0017131086939940839 -0.0043250147149682351
leaf_weight=187 33 97 27 28 42 346 21 34 77 39 68 120 58 61
leaf_count=187 33 97 27 28 42 346 21 34 77 39 68 120 58 61
internal_value=-0.000290557 0.000435324 -0.000402355 -0.00576531 -0.00915493 0.000168113 -0.0011122 -0.00275794 0.0009375 0.000505837 0.00173494 -0.00159375 -0.00567376 -0.00670833
internal_weight=1238 1205 1018 97 70 921 507 251 111 256 414 159 140 119
internal_count=1238 1205 1018 97 70 921 507 251 111 256 414 159 140 119
cat_boundaries=0 1
cat_threshold=16
is_linear=0
shrinkage=0.05


Tree=34
num_leaves=15
num_cat=1
split_feature=0 8 11 8 11 9 8 8 11 9 8 8 11 11
split_gain=7.89164 1.51328 1.10132 0.75045 0.519686 0.42759 0.903378 1.83644 1.07343 0.43943 0.690931 0.537771 0.539265 0.248211
threshold=0 0.02251838235294118 0.9898958271128977 0.036764705882352949 0.99728803130978128 1.5000000000000002 0.036764705882352949 0.051470588235294122 0.82144612508491288 5.5000000000000009 0.075827205882352963 0.051470588235294122 0.69943241849707793 0.44821273892947694
decision_type=1 2 2 2 2 2 2 2 2 2 2 2 2 2
left_child=1 -1 5 -4 -5 6 -3 8 -8 11 -11 12 13 -7
right_child=-2 2 3 4 -6 9 7 -9 -10 10 -12 -13 -14 -15
leaf_value=0.0046155685432040516 -0.0034964922814504987 0.00027663798631654644 0.0018008835627713214 -0.0024050085164319438 -0.0019710205070587344 0.008438046718408752 -0.0016274532592943786 0.0011562518919424843 -0.00098901810287318212 0.00049478624699860428 -0.0023224933530090952 0.0026439604357544888 0.00036634101674696553 -0.0014521148923420037
leaf_weight=186 35 59 23 31 40 100 41 110 23 99 37 217 138 54
leaf_count=186 35 59 23 31 40 100 41 110 23 99 37 217 138 54
internal_value=0.000138191 0.000854185 6.16651e-05 -0.00505263 -0.00756944 0.000614335 -0.00121795 -0.00302857 -0.00969231 0.00127709 -0.00124088 0.00195098 0.000546075 -0.00148387
internal_weight=1193 1158 972 94 71 878 233 174 64 645 136 509 292 154
internal_count=1193 1158 972 94 71 878 233 174 64 645 136 509 292 154
cat_boundaries=0 1
cat_threshold=16
is_linear=0
shrinkage=0.05


Tree=35
num_leaves=15
num_cat=2
split_feature=0 11 11 11 11 11 11 11 11 11 11 11 11 5
split_gain=8.57018 0.769889 0.339947 0.446127 0.284266 0.918734 0.224253 0.228417 0.177533 0.862206 0.226835 0.176667 0.171118 0.142953
threshold=0 0.9898958271128977 0.2219132928352042 0.30490993010465889 0.95102128832130872 0.92750732661553648 0.99418108018405604 0.99906486341235867 0.80133140505178047 0.84978561355144533 0.83113983907127353 0.25534383660447135 0.97781212113892935 1
decision_type=1 2 2 2 2 2 2 2 2 2 2 2 2 1
left_child=1 2 -1 11 5 8 -3 -8 13 10 -10 -4 -6 -5
right_child=-2 6 3 4 12 -7 7 -9 9 -11 -12 -13 -14 -15
leaf_value=0.0043847901160438468 -0.0033216676673779744 -0.00079830141574649405 0.00045571749170128729 0.0030264683486725167 0.0041606949580207499 -0.002797293739862863 0.0012442343825936875 -0.0022824119507230969 -0.00039061137090514218 0.0024166976067661176 -0.0041890363095295922 -0.0013454515773437038 0.00010256367806960876 0.00037056553962153279
leaf_weight=162 33 24 22 60 75 45 46 42 28 115 25 39 53 414
leaf_count=162 33 24 22 60 75 45 46 42 28 115 25 39 53 414
internal_value=0.000181588 0.00091225 0.00133782 0.000946408 0.00125613 0.000850291 -0.00300885 -0.00179775 0.00133748 -5.91714e-05 -0.00527778 -0.00314516 0.00341085 0.00183158
internal_weight=1183 1150 1038 876 815 687 112 88 642 168 53 61 128 474
internal_count=1183 1150 1038 876 815 687 112 88 642 168 53 61 128 474
cat_boundaries=0 1 2
cat_threshold=16 4
is_linear=0
shrinkage=0.05


Tree=36
num_leaves=15
num_cat=1
split_feature=0 9 9 11 11 9 11 11 11 11 9 11 11 9
split_gain=7.11034 0.759474 0.842066 0.898437 0.650876 0.379157 0.296002 0.610431 0.316491 0.361684 0.241241 0.165611 0.119966 0.195819
threshold=0 3.5000000000000004 5.5000000000000009 0.76938632707879184 0.9898958271128977 1.5000000000000002 0.96570416579410667 0.80133140505178047 0.83113983907127353 0.92750732661553648 1.5000000000000002 0.69943241849707793 0.2219132928352042 1.5000000000000002
decision_type=1 2 2 2 2 2 2 2 2 2 2 2 2 2
left_child=1 4 11 -4 6 -6 7 12 -9 -10 -11 -3 -1 -14
right_child=-2 2 3 -5 5 -7 -8 8 9 10 -12 -13 13 -15
leaf_value=0.0035469218517309806 -0.0031555842840090748 0.0041655506102416529 0.0019583796986850626 -0.0023469698513599729 -0.0011624272736934671 -0.0012727751981969323 0.0035457978943458091 -0.0048604181286475787 8.4792597984501011e-05 -0.0025581445416759624 -0.0003905079261924417 0.0042639552357055409 0.00010744594629539338 -0.00012039188760392673
leaf_weight=79 28 163 95 75 31 31 45 37 69 26 24 185 156 139
leaf_count=79 28 163 95 75 31 31 45 37 69 26 24 185 156 139
internal_value=-2.95606e-05 0.00058391 0.00200385 -0.000877193 -0.0005721 -0.00539683 -4.34026e-05 -0.000376648 -0.00299363 -0.00170833 -0.00490196 0.00340974 0.00072 0.000253379
internal_weight=1183 1155 518 170 637 62 575 530 156 119 50 348 374 295
internal_count=1183 1155 518 170 637 62 575 530 156 119 50 348 374 295
cat_boundaries=0 1
cat_threshold=16
is_linear=0
shrinkage=0.05


Tree=37
num_leaves=15
num_cat=1
split_feature=0 8 11 8 11 8 11 11 11 11 11 11 11 8
split_gain=5.66095 1.59813 0.653789 0.760141 0.637955 0.644409 0.816477 1.31699 0.953334 0.310113 0.301637 1.07521 0.269148 0.522019
threshold=0 0.02251838235294118 0.98443735097190643 0.051470588235294122 0.94556136170129623 0.036764705882352949 0.2219132928352042 0.40147311773604405 0.80133140505178047 0.59470465775869796 0.76938632707879184 0.84978561355144533 0.99728803130978128 0.051470588235294122
decision_type=1 2 2 2 2 2 2 2 2 2 2 2 2 2
left_child=1 -1 3 4 5 -3 -7 -8 9 -9 -5 -12 -4 -14
right_child=-2 2 12 10 -6 6 7 8 -10 -11 11 -13 13 -15
leaf_value=0.0039572730797295735 -0.0029978050698086208 2.4085370216561655e-05 -0.0010245801466399482 0.0027542345132065145 0.014335176691761643 0.0034542135839445154 -0.0022869059514023528 -0.0019466641225718122 -0.0016513478029100831 0.0047743304929023294 -0.0039047720997993141 0.0038001070172080141 0.002723799707453488 -0.001875409616540113
leaf_weight=182 30 215 59 240 56 43 34 37 53 50 44 103 39 25
leaf_count=182 30 215 59 240 56 43 34 37 53 50 44 103 39 25
internal_value=0.000123865 0.000677392 -0.00011011 0.000371005 -0.000940695 -0.00159353 -0.00350917 -0.00502857 -0.00283688 0.000397727 0.0020232 0.000236487 -0.00350806 -0.00123077
internal_weight=1210 1180 998 875 488 432 217 174 140 87 387 147 123 64
internal_count=1210 1180 998 875 488 432 217 174 140 87 387 147 123 64
cat_boundaries=0 1
cat_threshold=16
is_linear=0
shrinkage=0.05


Tree=38
num_leaves=15
num_cat=1
split_feature=0 7 9 9 7 7 12 12 7 9 7 12 9 9
split_gain=6.34662 1.91967 0.936407 0.962515 0.668451 1.89742 0.969276 0.739692 0.659557 0.559678 0.461258 0.623679 0.447392 0.391099
threshold=0 1.5000000000000002 5.5000000000000009 3.5000000000000004 2.5000000000000004 3.5000000000000004 -0.14153505243942421 -0.97502841500522164 2.5000000000000004 1.0000000180025095e-35 6.0000000000000009 -0.72658061058371981 2.5000000000000004 1.5000000000000002
decision_type=1 2 2 2 2 2 2 2 2 2 2 2 2 2
left_child=1 -1 3 4 12 7 9 -6 -5 -7 -4 -12 -3 -9
right_child=-2 2 10 8 5 6 -8 13 -10 -11 11 -13 -14 -15
leaf_value=0.0037594094257430936 -0.0028479148163181897 0.00026006666633750789 -0.0011643646329506389 -0.00053265754485773116 0.0032815029047472914 -0.0038557798989100655 -0.0019720737970120202 -0.0015074428536998891 0.0052390211586045262 0.0023555591650908196 -0.00013996650953489921 -0.0067945530774042601 -0.00015194567503885886 -0.0033899250189305149
leaf_weight=187 30 115 102 87 20 60 31 63 217 164 21 23 37 73
leaf_count=187 30 115 102 87 20 60 31 63 217 164 21 23 37 73
internal_value=-0.000243704 0.000333056 -0.000527613 9.79265e-05 -0.00112589 -0.00217233 0.000488281 -0.00649681 0.00236066 0.00164444 -0.00421769 -0.00844444 0.00169935 -0.00781022
internal_weight=1230 1200 1013 867 563 411 255 156 304 224 146 44 152 136
internal_count=1230 1200 1013 867 563 411 255 156 304 224 146 44 152 136
cat_boundaries=0 1
cat_threshold=16
is_linear=0
shrinkage=0.05


Tree=39
num_leaves=15
num_cat=1
split_feature=0 7 7 7 11 11 11 10 11 11 11 11 11 11
split_gain=9.14297 1.85819 0.709931 1.24498 0.921613 0.620075 1.19546 0.725115 0.53175 0.547 0.457071 0.337494 0.620211 0.285189
threshold=0 1.5000000000000002 3.5000000000000004 2.5000000000000004 0.99817629101047833 0.2219132928352042 0.38564912093021586 1.0000000180025095e-35 0.80133140505178047 0.62202370727958112 0.91409412807680501 0.7469444191903023 0.62202370727958112 0.76938632707879184
decision_type=1 2 2 2 2 2 2 2 2 2 2 2 2 2
left_child=1 -1 3 11 13 -5 -7 8 9 -8 -10 12 -3 -4
right_child=-2 2 4 5 -6 6 7 -9 10 -11 -12 -13 -14 -15
leaf_value=0.0035729302113702041 -0.0027055190755022802 0.00024706333302063342 0.0011519419902687809 0.0031174277595099279 -0.0034119315314849424 -0.0047356738689749598 -0.0030309407896007118 0.0030313811406624033 -0.003470024303875688 0.0034180046469801718 -0.0010294567021413793 0.00037403303064385276 -0.00017162523032970687 0.00014160018946167763
leaf_weight=192 28 124 230 36 21 24 34 62 23 36 65 117 34 187
leaf_count=192 28 124 230 36 21 24 34 62 23 36 65 117 34 187
internal_value=-0.000193575 0.000484823 -0.000387324 -0.00157374 0.00111617 -0.00391459 -0.00481633 -0.00361991 -0.0054088 -0.00211268 -0.00797753 0.000815218 -0.000691824 0.00163876
internal_weight=1213 1185 993 555 438 280 244 220 158 70 88 275 158 417
internal_count=1213 1185 993 555 438 280 244 220 158 70 88 275 158 417
cat_boundaries=0 1
cat_threshold=16
is_linear=0
shrinkage=0.05


Tree=40
num_leaves=15
num_cat=1
split_feature=0 7 7 11 7 11 11 10 11 11 11 11 11 11
split_gain=5.88283 1.61248 0.662573 0.870116 0.618515 0.464635 0.959254 0.936498 0.644818 0.25294 0.231034 0.338629 0.226044 0.707498
threshold=0 1.5000000000000002 3.5000000000000004 0.99817629101047833 2.5000000000000004 0.25534383660447135 0.40147311773604405 1.0000000180025095e-35 0.80133140505178047 0.62202370727958112 0.95619940680887117 0.98731287009808555 0.80133140505178047 0.62202370727958112
decision_type=1 2 2 2 2 2 2 2 2 2 2 2 2 2
left_child=1 -1 4 -4 12 -6 -7 8 9 -8 -10 -12 13 -3
right_child=-2 2 3 -5 5 6 7 -9 10 -11 11 -13 -14 -15
leaf_value=0.0034237238818129625 -0.0025702431217271659 0.00023471016636960053 0.0010772696126446245 -0.0030874888209269091 0.00072086909149172832 -0.004329062580053133 -0.0017165825003298365 0.0038278722631923945 -0.0013199070548857994 0.0045342099868547316 0.0043353475283954574 -0.00097798386703430999 0.0003110444702259913 -0.00019032081192058015
leaf_weight=177 29 116 428 22 45 28 26 61 42 34 20 25 106 38
leaf_count=177 29 116 428 22 45 28 26 61 42 34 20 25 106 38
internal_value=2.92155e-05 0.000590248 -0.000196572 0.00121951 -0.00137454 -0.00299645 -0.00388186 -0.00267943 -0.00483108 -0.000819672 -0.00755682 -0.0048913 0.000383142 -0.000838709
internal_weight=1197 1168 991 450 541 281 236 208 147 60 87 45 260 154
internal_count=1197 1168 991 450 541 281 236 208 147 60 87 45 260 154
cat_boundaries=0 1
cat_threshold=16
is_linear=0
shrinkage=0.05


Tree=41
num_leaves=15
num_cat=1
split_feature=1 7 9 7 9 7 9 9 7 11 11 11 11 11
split_gain=8.29628 1.67108 0.531384 0.725765 0.747365 0.500452 1.73682 0.682628 0.44855 0.430703 0.496653 0.416347 0.333008 0.309699
threshold=0 1.5000000000000002 5.5000000000000009 3.5000000000000004 2.5000000000000004 2.5000000000000004 1.5000000000000002 2.5000000000000004 6.0000000000000009 0.60845433159412521 0.98443735097190643 0.82144612508491288 0.9898958271128977 0.32125776158017871
decision_type=1 2 2 2 2 2 2 2 2 2 2 2 2 2
left_child=1 -1 3 5 12 7 11 -3 -4 -8 -11 -7 -5 -9
right_child=-2 2 8 4 -6 6 9 13 -10 10 -12 -13 -14 -15
leaf_value=0.0032290625170354075 -0.0024417309656408082 0.00022297465805111994 -0.00017108684672964092 0.0010373351938949683 0.003997193798967888 -0.0011417930693780338 -0.0035711088807119764 0.015111930066133566 -0.0026953980635933926 0.011448526233917447 -0.0020222171067913034 -0.00072365028121862027 -0.00060121270894952707 -0.00018080477132454976
leaf_weight=176 33 114 102 171 194 42 62 24 39 73 21 32 22 94
leaf_count=176 33 114 102 171 194 42 62 24 39 73 21 32 22 94
internal_value=-0.0002125 0.000497001 -0.000302724 0.000170588 0.00176546 -0.00116631 -0.00281385 0.000472103 -0.0031338 0.000191083 0.00231579 -0.00906667 -0.000438144 -0.00218487
internal_weight=1199 1166 990 849 387 462 230 232 141 156 94 74 193 118
internal_count=1199 1166 990 849 387 462 230 232 141 156 94 74 193 118
cat_boundaries=0 1
cat_threshold=16
is_linear=0
shrinkage=0.05


Tree=42
num_leaves=15
num_cat=1
split_feature=0 7 11 11 11 11 11 7 11 11 11 11 7 10
split_gain=9.07747 1.69181 0.668373 0.436518 0.777257 1.83391 0.9822 0.516896 0.494434 0.7132 0.3207 0.719621 0.520212 0.298423
threshold=0 1.5000000000000002 0.98443735097190643 0.95102128832130872 0.80133140505178047 0.84978561355144533 0.92750732661553648 3.5000000000000004 0.23866392535577388 0.30490993010465889 0.99728803130978128 0.99965739133362419 3.5000000000000004 1.0000000180025095e-35
decision_type=1 2 2 2 2 2 2 2 2 2 2 2 2 2
left_child=1 -1 3 4 7 -6 -7 8 -3 -10 12 -12 -4 -11
right_child=-2 2 10 -5 5 6 -8 -9 9 13 11 -13 -14 -15
leaf_value=0.0030798713283807233 -0.002319644417358767 0.008151094657413066 -0.0016412780481716155 0.011887406141436602 -0.0051424504801460824 0.0018710295112265689 -0.0034539991195152403 0.001518671278819274 -0.0020741200878496881 -0.00026091006052296879 0.0025043098845941541 -0.0027492075974643927 -0.00011717543825452756 0.0034155432796766846
leaf_weight=184 31 76 36 81 49 105 44 258 23 159 35 23 26 68
leaf_count=184 31 76 36 81 49 105 44 258 23 159 35 23 26 68
internal_value=-0.000133444 0.000586473 -0.000238821 0.000248843 -0.000114942 -0.00281407 -3.33331e-05 0.000803419 -0.000519877 -0.00159363 -0.00371901 -0.00101695 -0.00619048 -0.000723684
internal_weight=1198 1167 983 863 782 198 149 584 326 250 120 58 62 227
internal_count=1198 1167 983 863 782 198 149 584 326 250 120 58 62 227
cat_boundaries=0 1
cat_threshold=16
is_linear=0
shrinkage=0.05


Tree=43
num_leaves=15
num_cat=1
split_feature=1 8 8 11 8 9 9 11 11 11 9 9 11 11
split_gain=8.40146 1.70666 1.01898 1.10689 0.600093 1.35284 0.970639 0.675543 0.610915 0.805785 0.459574 0.442712 0.432175 0.403338
threshold=0 0.02251838235294118 0.051470588235294122 0.9898958271128977 0.036764705882352949 3.5000000000000004 1.5000000000000002 0.40147311773604405 0.80133140505178047 0.63540876391619916 2.5000000000000004 1.0000000180025095e-35 0.96570416579410667 0.3536630217002506
decision_type=1 2 2 2 2 2 2 2 2 2 2 2 2 2
left_child=1 -1 4 11 6 8 -3 -7 9 13 -5 -4 -10 -6
right_child=-2 2 3 10 5 7 -8 -9 12 -11 -12 -13 -14 -15
leaf_value=0.0029106333196024219 -0.0022036621964908287 0.00022487142817471386 -0.0029522983299990892 -0.0044970003256975559 -0.00021998125564864159 -0.0030038191521181193 -0.0001587190297321739 0.0043982376893160792 -0.0032024661863169048 0.0037481186788422718 0.00012749612414774921 0.0021535344264221926 -0.00074590991593445068 -0.0022812909447453601
leaf_weight=184 30 72 61 26 32 33 198 92 37 29 20 339 29 31
leaf_count=184 30 72 61 26 32 33 198 92 37 29 20 339 29 31
internal_value=-0.000111202 0.000561656 -0.000255 0.00152125 -0.00168773 -0.00329225 1.85577e-10 0.000595238 -0.0063522 -0.00365591 -0.00574468 0.00236908 -0.01 -0.00679687
internal_weight=1213 1183 999 446 553 283 270 125 158 92 46 400 66 63
internal_count=1213 1183 999 446 553 283 270 125 158 92 46 400 66 63
cat_boundaries=0 1
cat_threshold=16
is_linear=0
shrinkage=0.05


Tree=44
num_leaves=15
num_cat=1
split_feature=0 7 12 7 11 11 11 7 9 11 9 7 9 9
split_gain=3.18636 1.77536 1.03798 0.615768 0.68349 0.507266 0.795276 0.393904 0.396725 0.353214 0.332407 0.29599 0.98645 0.530561
threshold=0 1.5000000000000002 -0.021515300460958463 3.5000000000000004 0.2219132928352042 0.89959754652979684 0.98443735097190643 11.500000000000002 2.5000000000000004 0.30490993010465889 3.5000000000000004 2.5000000000000004 1.5000000000000002 2.5000000000000004
decision_type=1 2 2 2 2 2 2 2 2 2 2 2 2 2
left_child=1 -1 3 4 -3 9 -7 -5 -9 -6 11 12 -11 -13
right_child=-2 2 -4 7 5 6 -8 8 -10 10 -12 13 -14 -15
leaf_value=0.0027606278915458583 -0.0020934790866662875 0.013043754271161069 -0.0042721503094126784 0.0017366436025354941 -0.0012519315889953659 0.00035975548299476204 -0.00056810836066209373 -0.0028046834644058528 0.00064147176852292662 0.00019412790934331169 -0.00012800810322307431 -0.0023202745754983154 -7.328379200717284e-05 0.0035607127449001578
leaf_weight=187 31 80 26 333 25 102 52 31 41 40 125 58 40 22
leaf_count=187 31 80 26 333 25 102 52 31 41 40 125 58 40 22
internal_value=9.63151e-05 0.000524506 -0.000332992 -5.78945e-05 -0.00115596 -0.00189247 0.000451613 0.00141626 -0.00191781 -0.00305466 -0.00253496 -0.00403727 -0.00185185 -0.00617284
internal_weight=1193 1162 975 949 544 464 154 405 72 310 285 160 80 80
internal_count=1193 1162 975 949 544 464 154 405 72 310 285 160 80 80
cat_boundaries=0 1
cat_threshold=16
is_linear=0
shrinkage=0.05


Tree=45
num_leaves=15
num_cat=0
split_feature=8 12 7 12 7 12 12 12 12 12 9 9 12 12
split_gain=4.75842 4.64698 1.85644 1.04728 0.996155 0.800877 1.4323 0.584046 1.34052 0.559793 0.50091 0.49205 0.490425 0.315559
threshold=0.15165441176470593 -0.92910699518418138 1.5000000000000002 -0.63872576220844934 3.5000000000000004 -0.97502841500522164 -0.9523422988233432 -0.17552498857989962 -0.073092422389869308 -0.43663505800854829 5.5000000000000009 2.5000000000000004 -0.49749486057528974 -0.63872576220844934
decision_type=2 2 2 2 2 2 2 2 2 2 2 2 2 2
left_child=2 -2 -1 -3 5 -4 -7 9 -9 12 11 -6 -8 -12
right_child=1 3 4 -5 10 6 7 8 -10 -11 13 -13 -14 -15
leaf_value=0.0026375090236683274 -0.0019888051323329729 0.0027362791285221186 0.012317700919644001 -0.0043216677918206398 1.9017855548160804e-05 -0.0018229163830176564 -0.00014711888864520352 -0.00237564332371376 0.0025732757416841042 0.00037199268561433958 0.0002751911615769513 0.0029785639298669634 -0.0010351436255511437 -0.0013454558853532176
leaf_weight=194 28 23 76 36 151 26 266 32 35 93 34 159 20 25
leaf_count=194 28 23 76 36 151 26 266 32 35 93 34 159 20 25
internal_value=-0.000341951 -0.0115341 0.000544065 -0.00341667 -0.000397603 -0.00174863 -0.00251586 -0.00183445 -0.00610294 -0.00106579 0.00160811 0.00241158 -0.00216028 -0.00258333
internal_weight=1198 87 1111 59 917 548 472 446 67 379 369 310 286 59
internal_count=1198 87 1111 59 917 548 472 446 67 379 369 310 286 59
is_linear=0
shrinkage=0.05


Tree=46
num_leaves=15
num_cat=1
split_feature=0 8 8 8 11 11 11 9 11 9 11 11 11 9
split_gain=3.25093 1.59326 0.685148 0.620956 0.946131 0.708095 1.1562 1.19281 0.434988 0.363779 0.424053 1.24375 0.304405 0.223876
threshold=0 0.02251838235294118 0.051470588235294122 0.036764705882352949 0.9898958271128977 0.59470465775869796 0.2219132928352042 2.5000000000000004 0.99418108018405604 1.0000000180025095e-35 0.76938632707879184 0.62202370727958112 0.40147311773604405 1.0000000180025095e-35
decision_type=1 2 2 2 2 2 2 2 2 2 2 2 2 2
left_child=1 -1 3 9 5 6 -5 -8 12 -3 11 -11 -4 -14
right_child=-2 2 8 4 -6 -7 7 -9 -10 10 -12 -13 13 -15
leaf_value=0.0025216524837106792 -0.0018893648757163249 0.00044050799457514558 -5.3577798720258314e-05 0.00074719259904023824 -0.0021092846515137127 7.2984731477532264e-05 -0.0018747512004199088 -0.0012632678257895355 -0.0053215423671958357 3.0285918133117313e-05 0.00029294305882767634 -0.00013976294421294555 -0.0010113271021966017 0.0023472413334975459
leaf_weight=178 27 37 108 36 30 132 30 38 32 104 101 26 43 262
leaf_count=178 27 37 108 36 30 132 30 38 32 104 101 26 43 262
internal_value=0.000227848 0.000634715 -0.000158163 -0.00136449 -0.00307116 -0.00198312 -0.00504762 -0.00884058 0.00128924 0.000334573 -0.000409483 -0.00229008 0.00172705 0.00253268
internal_weight=1184 1157 979 534 266 236 104 68 445 268 231 130 413 305
internal_count=1184 1157 979 534 266 236 104 68 445 268 231 130 413 305
cat_boundaries=0 1
cat_threshold=16
is_linear=0
shrinkage=0.05


Tree=47
num_leaves=15
num_cat=0
split_feature=8 11 7 11 7 11 7 11 11 11 10 11 11 11
split_gain=4.10977 3.4936 1.48078 0.933781 0.636703 0.409969 0.805112 0.459562 0.595894 0.65479 0.345521 0.262352 0.200887 0.192069
threshold=0.15165441176470593 0.40147311773604405 1.5000000000000002 0.76938632707879184 3.5000000000000004 0.98731287009808555 2.5000000000000004 0.7582777201612757 0.27194808396361153 0.337510397447632 1.0000000180025095e-35 0.1712867993320398 0.085961614525331076 0.99418108018405604
decision_type=2 2 2 2 2 2 2 2 2 2 2 2 2 2
left_child=2 -2 -1 -3 5 7 -7 8 11 -10 -11 12 -4 -6
right_child=1 3 4 -5 13 6 -8 -9 9 10 -12 -13 -14 -15
leaf_value=0.0023907641906211097 -0.001794896631930508 0.002361286591203611 0.011756788269144881 -0.0039163953584715697 0.0013221528428415726 0.0004827858801096881 -0.0016942487820114595 0.00024464308795067258 -0.0036729827755265926 -0.00057752695160299689 0.0044318474175191695 0.0010232866436912312 -0.0052168206227495486 -0.0025617166947850939
leaf_weight=188 28 22 24 38 350 21 33 173 25 136 54 37 30 27
leaf_count=188 28 22 24 38 350 21 33 173 25 136 54 37 30 27
internal_value=0.00010952 -0.0102247 0.000946315 -0.00327869 0.00010977 -0.00100187 -0.00509091 -0.00053125 -0.00169381 -0.003125 -0.00209424 0.00168478 -0.000545454 0.00167989
internal_weight=1186 88 1098 60 910 533 54 479 306 215 190 91 54 377
internal_count=1186 88 1098 60 910 533 54 479 306 215 190 91 54 377
is_linear=0
shrinkage=0.05


Tree=48
num_leaves=15
num_cat=1
split_feature=0 8 9 9 11 8 8 9 11 11 11 11 9 9
split_gain=2.94382 1.66611 0.807923 0.506206 0.484001 0.403828 1.14007 0.43588 0.327599 0.327341 0.803467 0.458489 0.409329 0.27955
threshold=0 0.02251838235294118 5.5000000000000009 3.5000000000000004 0.27194808396361153 0.051470588235294122 0.036764705882352949 2.5000000000000004 0.69943241849707793 0.2219132928352042 0.63540876391619916 0.7469444191903023 1.5000000000000002 1.0000000180025095e-35
decision_type=1 2 2 2 2 2 2 2 2 2 2 2 2 2
left_child=1 -1 3 5 -4 6 7 -3 -5 -8 -11 -12 -13 -7
right_child=-2 2 4 8 -6 13 9 -9 -10 10 11 12 -14 -15
leaf_value=0.002245100212068557 -0.0017051518003339831 0.00023863945740456585 0.0015484790650707719 0.00080725045624799373 -0.0016888458717701942 -0.003152558121765073 0.0015414555419857312 -5.8437046952935656e-05 0.0065097301800956173 -0.0022783552931397904 0.0041779206278237451 -0.00023074411305733686 -0.0040032804786752935 0.00066135914326951033
leaf_weight=187 33 105 24 136 121 66 23 36 170 34 23 32 35 183
leaf_count=187 33 105 24 136 121 66 23 36 170 34 23 32 35 183
internal_value=0.000239868 0.000659014 -0.000161779 0.000432465 -0.00359589 -0.000492565 -0.00176471 0.00144366 0.00205212 -0.00483108 -0.00584 -0.0032967 -0.00536765 0.00098
internal_weight=1208 1175 988 843 145 537 288 141 306 147 124 90 67 249
internal_count=1208 1175 988 843 145 537 288 141 306 147 124 90 67 249
cat_boundaries=0 1
cat_threshold=16
is_linear=0
shrinkage=0.05


Tree=49
num_leaves=15
num_cat=2
split_feature=0 7 12 9 7 12 9 5 7 9 12 7 9 12
split_gain=2.68573 1.52306 0.735828 0.496472 0.464923 0.684045 0.384592 0.319202 0.279332 0.529638 0.240214 0.221423 0.464257 0.279722
threshold=0 1.5000000000000002 -0.038720846584669975 5.5000000000000009 6.0000000000000009 -0.63872576220844934 4.5000000000000009 1 2.5000000000000004 2.5000000000000004 -0.90146829171281551 3.5000000000000004 3.5000000000000004 -0.93533330245768853
decision_type=1 2 2 2 2 2 2 1 2 2 2 2 2 2
left_child=1 -1 3 6 -5 -6 7 8 9 -3 -11 12 13 -10
right_child=-2 2 -4 4 5 -7 -8 -9 11 10 -12 -13 -14 -15
leaf_value=0.0021573690793401774 -0.001619894210317284 0.00027035131784525673 -0.0018395121237138237 9.4746187317791124e-05 -5.7865582354246297e-05 -0.0041926715824527417 0.0069768554544470049 0.0015573647497532396 0.00010086278052201803 0.012058925789726295 -0.0002549142585139608 0.00029623157737634231 0.0059327963123293696 -0.001782343126996357
leaf_weight=187 27 107 38 94 26 22 140 151 33 22 59 149 40 112
leaf_count=187 27 107 38 94 26 22 140 151 33 22 59 149 40 112
internal_value=0.000484272 0.00084674 6.53925e-05 0.000339958 -0.00237762 -0.00632653 0.000816953 0.000318991 -0.000267686 0.00126984 -0.00176829 -0.00113433 -0.00228495 -0.00359589
internal_weight=1207 1180 993 955 142 48 813 673 522 188 81 334 185 145
internal_count=1207 1180 993 955 142 48 813 673 522 188 81 334 185 145
cat_boundaries=0 1 2
cat_threshold=16 1
is_linear=0
shrinkage=0.05


Tree=50
num_leaves=15
num_cat=0
split_feature=7 8 11 11 9 7 7 9 11 11 11 9 11 9
split_gain=2.2002 1.6222 1.82688 0.64716 0.452149 0.355854 0.372646 0.299718 0.284996 0.577515 0.467327 0.336694 0.278368 0.230361
threshold=1.5000000000000002 0.15165441176470593 0.40147311773604405 0.76938632707879184 5.5000000000000009 3.5000000000000004 2.5000000000000004 2.5000000000000004 0.60845433159412521 0.98443735097190643 0.23866392535577388 2.5000000000000004 0.97781212113892935 1.0000000180025095e-35
decision_type=2 2 2 2 2 2 2 2 2 2 2 2 2 2
left_child=-1 4 -3 -4 5 6 7 -2 10 -10 -8 -12 -6 -7
right_child=1 2 3 -5 12 13 8 -9 9 -11 11 -13 -14 -15
leaf_value=0.002041491170118336 0.00021318992694063793 -0.0015388994998014203 0.0019797422658925693 -0.0031911815050057885 -0.00010095769743076816 -0.002765518974104709 0.00050759462634873426 -0.00024216854558826162 0.00015775770250880673 -0.00096389894059391897 -0.0017099914732577048 -0.0043672781910112949 -0.0026148336949657161 0.0010322657166911885
leaf_weight=202 111 28 21 30 111 55 34 119 108 36 37 22 23 268
leaf_count=202 111 28 21 30 111 55 34 119 108 36 37 22 23 268
internal_value=0.000228027 -0.000732072 -0.0075625 -0.00182692 -0.00014054 0.000316056 -0.000566239 0.000865801 -0.00195378 -0.000551724 -0.00409574 -0.00675 -0.00281481 0.00158951
internal_weight=1205 1003 79 51 924 790 467 230 237 144 93 59 134 323
internal_count=1205 1003 79 51 924 790 467 230 237 144 93 59 134 323
is_linear=0
shrinkage=0.05


Tree=51
num_leaves=15
num_cat=0
split_feature=8 12 7 12 7 12 12 9 12 12 9 12 12 12
split_gain=3.9449 2.25217 1.56811 0.835813 0.648171 0.352335 0.94165 0.203426 0.470708 0.502326 0.449487 0.313265 0.254209 0.302247
threshold=0.15165441176470593 -0.91583036384466876 1.5000000000000002 -0.34155811708470757 3.5000000000000004 -0.97106408147883394 -0.9523422988233432 3.5000000000000004 -0.37370587188196386 -0.48248986924805454 1.5000000000000002 -0.20930689276358339 -0.65187484896379932 -0.73829900574246976
decision_type=2 2 2 2 2 2 2 2 2 2 2 2 2 2
left_child=2 -2 -1 -3 5 -4 -7 8 9 12 -10 -9 13 -8
right_child=1 3 4 -5 -6 6 7 11 10 -11 -12 -13 -14 -15
leaf_value=0.0019538336269177337 -0.0014619545248113486 0.00088626256792336043 0.00054501528399802577 -0.0037007589806973386 0.00056016762470821125 -0.0021258973532923184 -0.0004605892566271249 0.00069600461514100493 0.0013844321131093952 -0.00090650135836775343 -0.00034277382259649796 -0.0021544876045954393 0.00036836955805156309 -4.4551360620870013e-05
leaf_weight=197 30 35 83 20 364 20 85 165 39 22 39 39 30 26
leaf_count=197 30 35 83 20 364 20 85 165 39 22 39 39 30 26
internal_value=0.00014226 -0.0101744 0.000941442 -0.00401786 6.57176e-05 -0.00102004 -0.00155579 -0.00106502 -0.00204545 -0.00356707 0.00113924 9.75612e-05 -0.00242958 -0.00352679
internal_weight=1194 85 1109 55 912 548 465 445 241 163 78 204 141 111
internal_count=1194 85 1109 55 912 548 465 445 241 163 78 204 141 111
is_linear=0
shrinkage=0.05


Tree=52
num_leaves=15
num_cat=2
split_feature=1 7 9 7 12 9 12 5 9 7 9 12 9 12
split_gain=4.39855 1.53291 0.514601 0.671554 0.434879 0.390217 0.16911 0.165728 0.404359 0.16966 0.391984 0.198248 0.259861 0.191637
threshold=0 1.5000000000000002 5.5000000000000009 6.0000000000000009 -0.72658061058371981 4.5000000000000009 -0.92260537345622995 1 1.0000000180025095e-35 2.5000000000000004 3.5000000000000004 -0.37370587188196386 1.0000000180025095e-35 -0.7721279831368929
decision_type=1 2 2 2 2 2 2 1 2 2 2 2 2 2
left_child=1 -1 5 6 -5 7 -4 9 -9 10 11 12 -3 -11
right_child=-2 2 3 4 -6 -7 -8 8 -10 13 -12 -13 -14 -15
leaf_value=0.0018252105076463189 -0.0013888567985707813 0.00043427937014837439 0.00010375633801839035 -0.00028156629274853285 -0.0063655244240120971 0.0065388654546984287 -0.00043496554983871736 -0.0034572706606554129 0.00158871281778612 -0.00041815240602867165 -0.0014503030562092326 0.0016265807563363268 -1.0811325274766588e-05 6.1191528925234128e-05
leaf_weight=191 29 29 26 20 22 145 75 37 120 141 41 42 80 199
leaf_count=191 29 29 26 20 22 145 75 37 120 141 41 42 80 199
internal_value=0.000404842 0.000889649 8.69122e-05 -0.00267361 -0.00790698 0.000562874 -0.000441176 6.52176e-05 0.00148734 -0.000356473 0.000829016 0.00200658 0.000863637 -0.00102639
internal_weight=1197 1168 977 143 42 834 101 689 157 532 192 151 109 340
internal_count=1197 1168 977 143 42 834 101 689 157 532 192 151 109 340
cat_boundaries=0 1 2
cat_threshold=16 1
is_linear=0
shrinkage=0.05


Tree=53
num_leaves=15
num_cat=0
split_feature=8 11 7 7 11 11 11 11 11 11 9 11 11 11
split_gain=3.03688 2.50256 1.63195 0.757351 0.430813 0.28981 0.398332 0.266661 0.875645 0.511533 0.313801 0.312121 0.205751 0.198758
threshold=0.15165441176470593 0.36971084796686632 1.5000000000000002 3.5000000000000004 0.83113983907127353 0.28847174723635333 0.38564912093021586 0.98443735097190643 0.99728803130978128 0.93380263866670565 3.5000000000000004 0.87585926134142889 0.99418108018405604 0.7582777201612757
decision_type=2 2 2 2 2 2 2 2 2 2 2 2 2 2
left_child=2 -2 -1 5 -3 -4 -7 9 -9 10 11 13 -5 -8
right_child=1 4 3 12 -6 6 7 8 -10 -11 -12 -13 -14 -15
leaf_value=0.0017473712604936344 -0.0013194139586422419 0.0019095501844121909 9.8568521117470284e-05 0.00053547422783485328 -0.0037587054695115796 -0.0016770287461769021 -0.00039724475153517073 -0.0015685161168909698 0.0033049030734014413 0.00033776476404060401 0.0003195982067747921 -0.00086423586689562959 -0.0012239052887705545 0.00034115757467724137
leaf_weight=190 28 22 93 345 30 38 91 33 31 61 132 31 26 29
leaf_count=190 28 22 93 345 30 38 91 33 31 61 132 31 26 29
internal_value=8.46742e-05 -0.00925926 0.000772026 -0.000109769 -0.00264151 -0.00130556 -0.00183445 -0.00136919 -0.00430769 -0.000811594 -0.00170775 -0.00325658 0.00162634 -0.00206612
internal_weight=1180 80 1100 910 52 539 446 408 64 344 283 151 371 120
internal_count=1180 80 1100 910 52 539 446 408 64 344 283 151 371 120
is_linear=0
shrinkage=0.05


Tree=54
num_leaves=15
num_cat=1
split_feature=8 11 7 11 9 11 11 5 11 11 7 9 11 11
split_gain=3.43532 2.40994 1.11418 0.466266 0.411288 0.349689 0.466325 0.331561 0.349153 0.556854 0.255 0.390655 0.399514 0.386376
threshold=0.15165441176470593 0.40147311773604405 1.5000000000000002 0.76938632707879184 4.5000000000000009 0.10309787846944714 0.30490993010465889 0 0.63540876391619916 0.56668076515725063 2.5000000000000004 3.5000000000000004 0.80133140505178047 0.89194830668220126
decision_type=2 2 2 2 2 2 2 1 2 2 2 2 2 2
left_child=2 -2 -1 -3 5 -4 -7 8 9 -8 -10 12 -12 -14
right_child=1 3 4 -5 -6 6 7 -9 10 -11 11 -13 13 -15
leaf_value=0.0016614939459390855 -0.0012534432607101298 0.0019666164762913081 -0.0054457106184662638 -0.0028109346786995941 0.00068163314986948397 0.00031076172619468186 -0.0001323275889115183 0.0016091050552585287 2.5355356555085441e-05 -0.00065989477135523517 0.0031236301115722047 0.0044471938406075388 -0.0052472602229403547 -0.0016390477816129749
leaf_weight=191 29 23 29 40 272 85 113 86 107 28 40 39 35 92
leaf_count=191 29 23 29 40 272 85 113 86 107 28 40 39 35 92
internal_value=0.00073967 -0.00849462 0.00150716 -0.00289062 0.000787487 0.00010687 0.000359425 -0.000184843 -0.000725275 -0.00278169 0.000207007 -0.000821256 -0.001875 -0.00324219
internal_weight=1209 92 1117 63 926 654 625 540 454 141 313 206 167 127
internal_count=1209 92 1117 63 926 654 625 540 454 141 313 206 167 127
cat_boundaries=0 1
cat_threshold=1
is_linear=0
shrinkage=0.05


Tree=55
num_leaves=15
num_cat=0
split_feature=8 12 7 12 9 12 12 12 12 12 12 12 12 7
split_gain=3.39468 3.14225 1.09295 0.614981 0.288256 0.361315 0.520036 0.53689 0.31199 0.295132 0.237202 0.211032 0.346947 0.220932
threshold=0.15165441176470593 -0.91583036384466876 1.5000000000000002 -0.34155811708470757 5.5000000000000009 -0.7721279831368929 -0.95744972225749969 -0.99463397642532658 -0.94695267581281539 -0.63872576220844934 -0.83352489619613901 -0.61186373645567593 -0.58427653070765262 2.5000000000000004
decision_type=2 2 2 2 2 2 2 2 2 2 2 2 2 2
left_child=2 -2 -1 -3 5 6 7 -4 -8 -6 -10 -7 -13 -14
right_child=1 3 4 -5 9 11 8 -9 10 -11 -12 12 13 -15
leaf_value=0.0015635067219423706 -0.0011907710976746236 0.0017034933958233371 -0.0049268035276944198 -0.0025731113880144872 5.9558437568124625e-05 0.006153388736227265 -0.0039135558482741133 0.00038320296341735134 0.000149736935489698 -0.0023220609366529101 -0.00034438781882774609 -0.0038297973024982255 0.00050551713157544198 0.00022586880901693903
leaf_weight=188 29 36 40 22 70 107 25 94 136 54 51 20 94 212
leaf_count=188 29 36 40 22 70 107 25 94 136 54 51 20 94 212
internal_value=0.000754877 -0.00869318 0.00151557 -0.00186441 0.000790929 0.00114744 -5.76367e-05 0.00237037 -0.00159624 -0.00144 -0.000877659 0.0021083 0.00146789 0.00188925
internal_weight=1178 87 1091 58 903 779 346 134 212 124 187 433 326 306
internal_count=1178 87 1091 58 903 779 346 134 212 124 187 433 326 306
is_linear=0
shrinkage=0.05


Tree=56
num_leaves=15
num_cat=0
split_feature=8 11 8 11 11 11 11 8 9 11 11 8 9 9
split_gain=4.15804 3.34816 1.21174 0.396385 0.319491 0.312182 0.309874 0.305568 0.340178 0.180623 0.946669 0.171303 0.261158 0.169321
threshold=0.15165441176470593 0.40147311773604405 0.02251838235294118 0.83113983907127353 0.89959754652979684 0.99418108018405604 0.28847174723635333 0.051470588235294122 3.5000000000000004 0.84978561355144533 0.80133140505178047 0.066176470588235309 2.5000000000000004 1.0000000180025095e-35
decision_type=2 2 2 2 2 2 2 2 2 2 2 2 2 2
left_child=2 -2 -1 -3 6 11 -4 8 13 10 -9 -6 -13 -8
right_child=1 3 4 -5 5 -7 7 9 -10 -11 -12 12 -14 -15
leaf_value=0.001485331385845251 -0.0011312325427908921 0.003434670319612346 0.00017619269223538149 -0.0034017686123149326 0.00047411436714923927 -4.12854048838908e-05 0.0002404206522025249 0.0012600801018291753 0.00069780948376317326 0.0061814819847064821 -0.0044692112634508382 -0.0075623152806825224 0.0027390905432207991 -0.00040393429269822015
leaf_weight=200 32 23 165 32 131 70 39 143 130 26 20 25 38 129
leaf_count=200 32 23 165 32 131 70 39 143 130 26 20 25 38 129
internal_value=0.000635382 -0.00982955 0.00145927 -0.00223214 0.000687023 0.00215094 9.18838e-05 -0.000543033 -0.00153846 0.00102632 0.000396342 0.00317949 0.00101563 -0.00301775
internal_weight=1203 87 1116 55 916 264 652 487 298 189 163 194 63 168
internal_count=1203 87 1116 55 916 264 652 487 298 189 163 194 63 168
is_linear=0
shrinkage=0.05


Tree=57
num_leaves=15
num_cat=1
split_feature=0 8 12 12 12 12 9 9 8 12 12 8 12 12
split_gain=4.16384 1.4941 0.380394 0.570396 0.378499 0.547479 0.427598 0.414986 0.371171 0.308476 0.298988 0.277223 0.384884 0.316871
threshold=0 0.02251838235294118 -0.97502841500522164 -0.7721279831368929 -0.17552498857989962 -0.32533003375364639 3.5000000000000004 3.5000000000000004 0.17371323529411767 -0.073092422389869308 -0.95744972225749969 0.066176470588235309 -0.38961601727460732 -0.59815875725621337
decision_type=1 2 2 2 2 2 2 2 2 2 2 2 2 2
left_child=1 -1 -3 8 5 6 11 -6 10 -9 -4 12 -5 -13
right_child=-2 2 3 4 7 -7 -8 9 -10 -11 -12 13 -14 -15
leaf_value=0.0014419962544785171 -0.0010746709156513477 0.0018983668800323168 4.7770881077949245e-05 -0.00036298506570940116 0.00010568411387105459 0.0038052302589973407 0.0021836291589128246 -0.0017526353817103437 -0.00062695594929767899 -0.0001711900908514593 -0.00044723018704646682 0.0068483183304189014 0.00010765362735194462 -0.001622314108276226
leaf_weight=182 30 139 39 100 70 102 125 24 22 30 225 33 25 46
leaf_count=182 30 139 39 100 70 102 125 24 22 30 225 33 25 46
internal_value=0.000343672 0.000825452 5.09686e-05 -0.000350356 0.000584533 0.00128472 0.000287879 -0.00184 -0.00216028 -0.00509091 -0.00162264 -0.00112195 -0.00257936 0.0011875
internal_weight=1192 1162 980 841 555 431 329 124 286 54 264 204 125 79
internal_count=1192 1162 980 841 555 431 329 124 286 54 264 204 125 79
cat_boundaries=0 1
cat_threshold=16
is_linear=0
shrinkage=0.05


Tree=58
num_leaves=15
num_cat=2
split_feature=0 7 5 11 11 7 11 7 11 9 11 11 9 7
split_gain=3.40656 1.63257 0.288475 0.274543 0.56029 0.421794 0.278022 0.416747 0.307835 0.617814 0.260685 0.505718 0.352252 0.299034
threshold=0 1.5000000000000002 1 0.99418108018405604 0.95102128832130872 2.5000000000000004 0.2219132928352042 11.500000000000002 0.10309787846944714 4.5000000000000009 0.66161011071130948 0.62202370727958112 3.5000000000000004 6.0000000000000009
decision_type=1 2 1 2 2 2 2 2 2 2 2 2 2 2
left_child=1 -1 -3 4 6 -5 8 10 9 -4 11 -8 13 -12
right_child=-2 2 3 5 -6 -7 7 -9 -10 -11 12 -13 -14 -15
leaf_value=0.0013434387659055065 -0.0010209373698687803 0.0062597143882621858 -0.0067571635147155853 0.0018825860079446479 0.0042774667588543645 -0.0016650036126248269 -0.00014943338185772993 -0.0015557940191393757 0.006485037849059655 0.0063878822965951392 -0.00044859841748659909 -0.00033122357917441558 0.00060492220874252276 0.0026468624227227399
leaf_weight=184 30 72 32 22 111 57 243 53 73 23 105 31 119 40
leaf_count=184 30 72 32 22 111 57 243 53 73 23 105 31 119 40
internal_value=0.000229933 0.000664666 -0.000147658 -0.00039011 -0.000120337 -0.0031875 -0.000631944 -0.00108953 0.00147287 -0.00133929 -0.000667903 -0.00174545 0.00045283 -0.00119863
internal_weight=1195 1165 981 909 830 79 719 591 128 55 538 274 264 145
internal_count=1195 1165 981 909 830 79 719 591 128 55 538 274 264 145
cat_boundaries=0 1 2
cat_threshold=16 2
is_linear=0
shrinkage=0.05


Tree=59
num_leaves=15
num_cat=1
split_feature=0 7 9 7 9 9 9 11 11 11 11 9 11 11
split_gain=4.89231 1.426 0.469537 0.432365 0.414405 0.453316 0.285594 0.154053 0.143399 0.63948 0.288185 0.381801 0.627885 0.485126
threshold=0 1.5000000000000002 5.5000000000000009 3.5000000000000004 1.0000000180025095e-35 4.5000000000000009 1.0000000180025095e-35 0.83113983907127353 0.81150899888343053 0.7236172338812249 0.87585926134142889 2.5000000000000004 0.98443735097190643 0.96570416579410667
decision_type=1 2 2 2 2 2 2 2 2 2 2 2 2 2
left_child=1 -1 3 4 -3 8 7 -5 9 -6 -10 13 -13 -12
right_child=-2 2 -4 6 5 -7 -8 -9 10 -11 11 12 -14 -15
leaf_value=0.0012717930655337885 -0.00096989050137534158 0.0002651685330155973 -0.0009626057616032136 0.0038189216644351795 -0.00027713853480623994 0.010126731591366348 0.0016966255526007453 -0.0024701783383161632 0.001233114775155323 -0.00030165340084226111 -0.00079825374731326527 0.010405738998411952 -0.002570565351670761 0.003652844845836048
leaf_weight=186 34 76 149 38 148 77 309 28 20 31 20 25 26 34
leaf_count=186 34 76 149 38 148 77 309 28 20 31 20 25 26 34
internal_value=0.000420133 0.000971747 0.000208758 0.000672269 -0.000360262 -0.00103403 0.00192819 -0.00104478 -0.00190164 -0.00280556 -0.000595238 -0.00165094 -0.00471154 0.00127273
internal_weight=1201 1167 981 832 457 381 375 66 304 179 125 105 51 54
internal_count=1201 1167 981 832 457 381 375 66 304 179 125 105 51 54
cat_boundaries=0 1
cat_threshold=16
is_linear=0
shrinkage=0.05


Tree=60
num_leaves=15
num_cat=2
split_feature=0 7 5 12 12 7 12 12 12 12 12 12 7 12
split_gain=3.79523 1.55708 0.37286 0.320737 0.647823 0.370793 1.02402 0.134774 0.129688 0.560707 0.330061 0.236776 0.205499 0.186386
threshold=0 1.5000000000000002 1 -0.17552498857989962 -0.4673419057595769 3.5000000000000004 -0.1073773691641859 -0.055914918885874035 -0.9668120007078248 -0.92260537345622995 -0.86955717898714335 -0.8140159405215136 6.0000000000000009 -0.98518361333263327
decision_type=1 2 1 2 2 2 2 2 2 2 2 2 2 2
left_child=1 -1 -3 4 8 6 -5 -7 13 -10 -11 -12 -13 -4
right_child=-2 2 3 5 -6 7 -8 -9 9 10 11 12 -14 -15
leaf_value=0.0012082034122570973 -0.00092139597630657441 0.0070769499024450665 -6.8639603537903849e-05 -0.0010580120610221952 0.00056184189895878273 0.00090871991323787844 -0.00086917652940631223 -0.0025149078094363099 -0.0013818061664951494 0.00030897904145842092 -0.00033887647715215579 -0.00026062158530658634 0.0022457067689275823 0.002892911802124093
leaf_weight=189 32 70 97 20 179 26 43 20 81 70 63 175 90 52
leaf_count=189 32 70 97 20 179 26 43 20 81 70 63 175 90 52
internal_value=0.0003601 0.000829082 3.03953e-05 -0.000239913 0.000105198 -0.00277273 -0.00523437 0.000638298 -0.000651828 -0.00105208 -0.000275689 -0.000942249 -0.000281955 0.000633334
internal_weight=1207 1175 986 916 807 109 63 46 628 479 398 328 265 149
internal_count=1207 1175 986 916 807 109 63 46 628 479 398 328 265 149
cat_boundaries=0 1 2
cat_threshold=16 2
is_linear=0
shrinkage=0.05


Tree=61
num_leaves=15
num_cat=1
split_feature=0 7 9 9 13 13 7 7 7 13 13 9 9 7
split_gain=4.15169 1.72935 0.441904 0.403282 0.765285 0.290471 0.360766 0.279122 0.959517 0.84957 1.55903 0.543717 0.368233 0.182481
threshold=0 1.5000000000000002 3.5000000000000004 5.5000000000000009 15.500000000000002 20.500000000000004 6.0000000000000009 3.5000000000000004 2.5000000000000004 19.500000000000004 21.500000000000004 1.0000000180025095e-35 2.5000000000000004 11.500000000000002
decision_type=1 2 2 2 2 2 2 2 2 2 2 2 2 2
left_child=1 -1 7 5 -5 -4 -7 8 9 -3 -11 -10 13 -9
right_child=-2 2 3 4 -6 6 -8 12 11 10 -12 -13 -14 -15
leaf_value=0.0011477932416442405 -0.00087532617749124593 0.00049239250429894692 0.004861334712447922 -0.0028071567263267595 0.00016375087961141121 0.002878602534954026 -0.00051591775210856495 -3.0817141738536977e-05 7.8527501625880701e-05 -0.00025407780280646162 0.00029003300613252356 -0.0022178241893781691 0.0016345191027692632 -0.0018378946682710831
leaf_weight=189 37 63 160 24 120 98 40 149 33 24 60 109 62 31
leaf_count=189 37 63 160 24 120 98 40 149 33 24 60 109 62 31
internal_value=7.91669e-05 0.00061049 -0.000241273 0.000925508 -0.00124138 0.00197324 0.00028777 -0.00121241 -0.00225862 0.000574324 -0.00270588 -0.00517482 4.11524e-05 -0.00110497
internal_weight=1199 1162 973 442 144 298 138 531 289 147 84 142 242 180
internal_count=1199 1162 973 442 144 298 138 531 289 147 84 142 242 180
cat_boundaries=0 1
cat_threshold=16
is_linear=0
shrinkage=0.05


Tree=62
num_leaves=15
num_cat=2
split_feature=0 7 5 12 12 12 7 12 12 12 9 9 12 12
split_gain=3.91804 1.37318 0.48744 0.247629 0.323368 0.329506 0.265281 0.46826 0.350598 0.339727 0.231483 0.141163 0.380247 0.170705
threshold=0 1.5000000000000002 1 -0.51235243343851777 -0.20930689276358339 -0.15855351192338588 3.5000000000000004 -0.59815875725621337 -0.93533330245768853 -0.9975933521984367 1.0000000180025095e-35 4.5000000000000009 -0.80389818363065602 -0.83352489619613901
decision_type=1 2 1 2 2 2 2 2 2 2 2 2 2 2
left_child=1 -1 -3 6 -5 -6 9 8 -8 -4 -11 13 -13 -12
right_child=-2 2 3 4 5 -7 7 -9 -10 10 11 12 -14 -15
leaf_value=0.0010904035837840925 -0.00083155986861668395 0.0070385310779510993 0.0095375430651537425 0.00026701293180965565 -0.0010070435310885852 0.00033881196415667025 -0.00014691079763812904 -0.0029483006430825374 0.00176253098694395 0.00036766931359305966 -0.0014104503889578691 -0.0021605902585506553 0.0023370447325900784 -0.00029025954335052182
leaf_weight=191 32 73 20 195 28 91 80 22 143 44 111 52 44 87
leaf_count=191 32 73 20 195 28 91 80 22 143 44 111 52 44 87
internal_value=0.000630148 0.00110406 0.000353179 3.81265e-05 0.0011746 -0.000875 -0.000554636 0.000711382 0.00140625 -0.00142061 -0.00179941 -0.00230508 -0.000721649 -0.00306533
internal_weight=1213 1181 990 917 314 119 603 245 223 358 338 294 96 198
internal_count=1213 1181 990 917 314 119 603 245 223 358 338 294 96 198
cat_boundaries=0 1 2
cat_threshold=16 2
is_linear=0
shrinkage=0.05


Tree=63
num_leaves=15
num_cat=2
split_feature=0 8 9 9 11 8 5 11 11 11 11 8 9 11
split_gain=3.92343 1.6765 0.469428 0.54638 0.536202 0.610669 0.264643 0.254195 0.154305 0.095203 0.268309 0.174109 0.371587 0.379562
threshold=0 0.02251838235294118 5.5000000000000009 4.5000000000000009 0.76938632707879184 0.075827205882352963 1 0.27194808396361153 0.40147311773604405 0.10309787846944714 0.2219132928352042 0.051470588235294122 1.0000000180025095e-35 0.98443735097190643
decision_type=1 2 2 2 2 2 1 2 2 2 2 2 2 2
left_child=1 -1 3 6 7 -6 -3 -4 -5 -8 -11 12 -12 -14
right_child=-2 2 4 8 5 -7 9 -9 -10 10 11 -13 13 -15
leaf_value=0.0010373746572870854 -0.0007899818751858495 0.00633934961773265 -2.8223258747445135e-05 0.0051078300290467189 -0.0013667470793346044 -0.0062748835571346008 -0.0042723265950107541 0.00032360824853317491 0.0059173146582447954 0.0058973800237470675 6.6073323588181074e-05 0.0001236886471382787 -0.00018144996254365608 -0.00015917137947857318
leaf_weight=192 31 54 21 30 46 22 30 52 109 52 66 227 234 43
leaf_count=192 31 54 21 30 46 22 30 52 109 52 66 227 234 43
internal_value=0.000243802 0.000712468 -0.00012158 0.000325059 -0.00278169 -0.00594203 -0.000240452 0.000202703 0.00317857 -0.000520674 -0.000385233 -0.000700525 -0.00140988 -0.00221223
internal_weight=1209 1178 986 845 141 68 706 73 139 652 622 570 343 277
internal_count=1209 1178 986 845 141 68 706 73 139 652 622 570 343 277
cat_boundaries=0 1 2
cat_threshold=16 2
is_linear=0
shrinkage=0.05


Tree=64
num_leaves=15
num_cat=0
split_feature=8 8 11 8 8 9 11 11 11 11 11 11 11 11
split_gain=1.89167 1.1882 2.6874 0.405547 0.322356 0.283127 0.238155 0.237139 0.500562 0.589152 0.317487 0.197556 0.199491 0.183169
threshold=0.02251838235294118 0.15165441176470593 0.36971084796686632 0.051470588235294122 0.075827205882352963 1.0000000180025095e-35 0.9898958271128977 0.98443735097190643 0.81150899888343053 0.7236172338812249 0.99728803130978128 0.95102128832130872 0.87585926134142889 0.83113983907127353
decision_type=2 2 2 2 2 2 2 2 2 2 2 2 2 2
left_child=-1 3 -3 5 -5 -2 11 8 9 -7 -9 12 -6 -4
right_child=1 2 13 4 6 7 -8 10 -10 -11 -12 -13 -14 -15
leaf_value=0.0010101404367686675 8.1264250824324702e-05 -0.00075048278142655705 0.001935863200863423 0.0045959120694032381 0.00039486163383032681 -0.00011595828474889481 -0.0056864046934608607 -0.0012984097253678746 0.00049135835437870976 -0.0014059377632001865 -6.6202989223826741e-05 0.0033994245207333456 -0.0072713261944943874 -0.0019479348781058815
leaf_weight=198 83 23 25 130 149 238 20 26 117 45 34 26 29 32
leaf_count=198 83 23 25 130 149 238 20 26 117 45 34 26 29 32
internal_value=0.000531463 -0.00037321 -0.00617284 0.000150334 0.00146479 -0.00070772 0.000311111 -0.00119306 -0.000748129 -0.0018838 -0.00409836 0.000829268 0.000223464 -0.000258621
internal_weight=1175 977 80 897 354 543 224 460 400 283 60 204 178 57
internal_count=1175 977 80 897 354 543 224 460 400 283 60 204 178 57
is_linear=0
shrinkage=0.05


Tree=65
num_leaves=15
num_cat=0
split_feature=8 11 8 11 11 11 11 11 10 11 11 11 11 11
split_gain=4.2278 2.96953 1.69283 0.441969 0.126548 0.460281 0.264706 0.234947 0.455781 0.298038 0.213458 0.464524 0.145256 0.313087
threshold=0.15165441176470593 0.40147311773604405 0.02251838235294118 0.76938632707879184 0.49375726027723293 0.59470465775869796 0.40147311773604405 0.28847174723635333 1.0000000180025095e-35 0.1712867993320398 0.62202370727958112 0.66161011071130948 0.7236172338812249 0.84978561355144533
decision_type=2 2 2 2 2 2 2 2 2 2 2 2 2 2
left_child=2 -2 -1 -3 6 -6 7 9 -9 -4 -7 -12 -13 -14
right_child=1 3 4 -5 5 10 -8 8 -10 -11 11 12 13 -15
leaf_value=0.00094096391335309309 -0.00071295864235522909 0.0026212246879879471 -2.1014181572631685e-05 -0.0022174243131837194 -0.00075855902779960801 0.005570643297122195 0.0046468435082664076 0.00020752089818502629 -0.003359155354379471 0.00025953407327960755 -0.00052448418571475204 0.006881533511367441 -0.00016695339793977861 5.2179716861782191e-05
leaf_weight=196 32 20 94 38 69 21 67 52 22 68 31 46 123 333
leaf_count=196 32 20 94 38 69 21 67 52 22 68 31 46 123 333
internal_value=-7.4196e-05 -0.0104396 0.000765806 -0.00355932 -0.00012945 -0.000536859 0.000707237 -8.4388e-05 -0.0024 0.000981595 -5.40539e-05 -0.000252809 0.000119284 -0.000153173
internal_weight=1212 90 1122 58 926 623 303 236 74 162 554 533 502 456
internal_count=1212 90 1122 58 926 623 303 236 74 162 554 533 502 456
is_linear=0
shrinkage=0.05


Tree=66
num_leaves=15
num_cat=0
split_feature=8 11 8 8 11 11 11 11 11 8 11 11 11 11
split_gain=2.8957 2.1043 1.3048 0.652979 0.357576 0.27192 0.654643 0.372924 0.352857 0.254518 0.158845 0.1473 0.144953 0.160918
threshold=0.15165441176470593 0.40147311773604405 0.02251838235294118 0.051470588235294122 0.76938632707879184 0.97781212113892935 0.91409412807680501 0.99218545663043456 0.62202370727958112 0.036764705882352949 0.12020359228713824 0.9898958271128977 0.67441863684527492 0.7236172338812249
decision_type=2 2 2 2 2 2 2 2 2 2 2 2 2 2
left_child=2 -2 -1 5 -3 6 8 -7 9 -4 -5 -12 -10 -14
right_child=1 4 3 10 -6 7 -8 -9 12 -11 11 -13 13 -15
leaf_value=0.00088645945000238597 -0.00067731071023746788 0.0011172692664218045 0.00037931940477734579 -0.0030263135679658155 -0.0026759238891465829 -0.0013320936939402537 0.0081788276995601455 -0.00033513225921440984 -0.00037609691730684059 -8.3871008076662356e-05 0.0012275904381159578 -0.0010582707956750157 0.0086759944571316288 -0.00039199020769143094
leaf_weight=194 28 21 125 21 32 26 70 44 21 116 307 35 27 112
leaf_count=194 28 21 125 21 32 26 70 44 21 116 307 35 27 112
internal_value=0.000588983 -0.00847561 0.00126479 0.000464089 -0.0025 -0.000636531 -0.000201271 -0.00352113 -0.000982587 0.000227273 0.00210165 0.00236152 -0.00279503 -0.00217857
internal_weight=1179 81 1098 904 53 541 471 70 401 241 363 342 160 139
internal_count=1179 81 1098 904 53 541 471 70 401 241 363 342 160 139
is_linear=0
shrinkage=0.05


Tree=67
num_leaves=15
num_cat=2
split_feature=0 8 9 9 11 11 11 5 11 9 8 11 11 11
split_gain=3.00446 1.73222 0.427884 0.440474 0.416656 0.341887 0.334859 0.303161 0.342726 0.354097 0.226513 0.195489 1.28622 0.367957
threshold=0 0.02251838235294118 5.5000000000000009 4.5000000000000009 0.94556136170129623 0.10309787846944714 0.2219132928352042 1 0.66161011071130948 2.5000000000000004 0.075827205882352963 0.95619940680887117 0.92750732661553648 0.98443735097190643
decision_type=1 2 2 2 2 2 2 1 2 2 2 2 2 2
left_child=1 -1 3 5 10 -3 -7 11 9 -9 -4 12 -8 -13
right_child=-2 2 4 -5 -6 6 7 8 -10 -11 -12 13 -14 -15
leaf_value=0.00085704900420202623 -0.00064344517472559454 -0.0069902547644467156 0.00019744678257500045 0.0054947262774528577 -0.0028571033542736392 0.0055224391280410349 -6.7763517099789008e-05 -0.0010834158093305771 0.0020758651399301153 0.0023802216652418317 -0.0016750970724209173 0.010366725189109475 -0.0080543759036109924 -0.00013994022183823403
leaf_weight=178 32 27 79 144 30 60 328 28 89 23 29 34 25 70
leaf_count=178 32 27 79 144 30 60 328 28 89 23 29 34 25 70
internal_value=2.54887e-05 0.000454149 -0.000382626 4.82511e-05 -0.00294964 -0.000481752 -0.00025076 -0.000610368 0.00141844 -0.00182692 -0.00146789 -0.00123362 -0.00179379 0.000666667
internal_weight=1176 1144 966 828 138 684 657 597 140 51 108 457 353 104
internal_count=1176 1144 966 828 138 684 657 597 140 51 108 457 353 104
cat_boundaries=0 1 2
cat_threshold=16 1
is_linear=0
shrinkage=0.05


Tree=68
num_leaves=15
num_cat=2
split_feature=0 7 9 11 9 5 11 11 11 11 11 11 7 11
split_gain=3.21115 1.65001 0.686715 1.02308 0.597612 0.262038 0.232245 0.21118 0.537093 0.295571 0.427731 0.160338 0.158292 0.908654
threshold=0 1.5000000000000002 5.5000000000000009 0.94556136170129623 4.5000000000000009 1 0.49375726027723293 0.10309787846944714 0.25534383660447135 0.7582777201612757 0.98443735097190643 0.99218545663043456 2.5000000000000004 0.63540876391619916
decision_type=1 2 2 2 2 1 2 2 2 2 2 2 2 2
left_child=1 -1 4 6 5 -3 -4 -7 -9 12 -11 -12 13 -10
right_child=-2 2 3 -5 -6 7 -8 8 9 10 11 -13 -14 -15
leaf_value=0.00079928402729216314 -0.00061127291598931516 0.0059105192624124073 -0.0016619477719389767 -0.0023658264106405872 0.0053016721772622269 -0.0034268379005593375 0.00055422219953442972 0.0011038068699400481 9.5177215119993474e-05 0.00027017265967688717 -1.5299614290409379e-05 -0.0012808991859035335 -9.2025066863368765e-05 -0.000135618041803226
leaf_weight=180 31 53 38 34 144 31 70 74 50 198 27 56 174 27
leaf_count=180 31 53 38 34 144 31 70 74 50 198 27 56 174 27
internal_value=0.000155724 0.000587727 -0.000225179 -0.00342657 0.000323353 -0.000289435 -0.00100917 -0.0005721 -0.000362438 -0.000919324 0.000195036 -0.00279762 -0.0021627 -0.00403846
internal_weight=1187 1156 976 142 834 690 108 637 606 532 281 83 251 77
internal_count=1187 1156 976 142 834 690 108 637 606 532 281 83 251 77
cat_boundaries=0 1 2
cat_threshold=16 2
is_linear=0
shrinkage=0.05


Tree=69
num_leaves=15
num_cat=1
split_feature=0 7 7 12 7 12 12 12 12 12 9 9 12 12
split_gain=3.31041 1.49823 0.313532 0.292415 0.233456 0.281848 0.854542 0.255101 0.214186 0.480787 0.387781 0.305756 0.612072 0.370513
threshold=0 1.5000000000000002 3.5000000000000004 -0.95744972225749969 6.0000000000000009 -0.92910699518418138 -0.9668120007078248 -0.1073773691641859 -0.58427653070765262 -0.20930689276358339 2.5000000000000004 4.5000000000000009 -0.83352489619613901 -0.80389818363065602
decision_type=1 2 2 2 2 2 2 2 2 2 2 2 2 2
left_child=1 -1 3 -3 -4 6 -6 -7 11 -10 -11 12 -5 -13
right_child=-2 2 4 8 5 7 -8 -9 9 10 -12 13 -14 -15
leaf_value=0.00075931982592755687 -0.00058070927018984977 0.00012737761280811935 0.0035479517212904928 5.1992657032816079e-05 0.0015327620353906544 0.00093389515331056847 -0.001502137161302683 -0.0057408051705908686 0.00040621521572280732 0.00012468160954125229 -0.0012168542266083578 -0.0015737312833819191 -0.00088222211467795008 0.0038376762020071453
leaf_weight=183 31 94 150 78 43 195 22 22 127 29 51 36 94 40
leaf_count=183 31 94 150 78 43 195 22 22 127 29 51 36 94 40
internal_value=0.000397157 0.000832618 5.60083e-05 -0.000736363 0.00106236 0.000212014 -0.00265151 0.00107798 -0.00126096 -7.21152e-05 -0.00308642 -0.002249 -0.0034104 0.000389611
internal_weight=1195 1164 981 549 432 282 65 217 455 207 80 248 172 76
internal_count=1195 1164 981 549 432 282 65 217 455 207 80 248 172 76
cat_boundaries=0 1
cat_threshold=16
is_linear=0
shrinkage=0.05


Tree=70
num_leaves=15
num_cat=1
split_feature=0 7 11 11 11 9 11 7 7 11 7 11 11 11
split_gain=2.84069 1.54604 0.214243 0.387436 0.781765 0.746419 0.509374 0.568861 0.355351 0.192142 0.614611 0.237513 0.290671 0.182522
threshold=0 1.5000000000000002 0.2219132928352042 0.84978561355144533 0.80133140505178047 2.5000000000000004 0.98731287009808555 2.5000000000000004 3.5000000000000004 0.67441863684527492 2.5000000000000004 0.62202370727958112 0.59470465775869796 0.13727368718622826
decision_type=1 2 2 2 2 2 2 2 2 2 2 2 2 2
left_child=1 -1 13 4 9 -6 -5 -8 -9 11 -11 12 -4 -3
right_child=-2 2 3 6 5 -7 7 8 -10 10 -12 -13 -14 -15
leaf_value=0.00072135383463117764 -0.00055167380668035698 0.0011652914971020908 -0.00029065734574020404 0.00038186423454691248 -0.0013484065141224591 -0.0051939965363508702 0.0018486855222511979 -0.0011560115152779409 -0.0026078626205809754 -3.2827772959133707e-05 0.0043166427964239735 -0.00059834481442630992 0.0047273371419850573 0.0051144887263724461
leaf_weight=187 30 74 263 252 29 20 24 30 55 39 80 41 22 56
leaf_count=187 30 74 263 252 29 20 24 30 55 39 80 41 22 56
internal_value=0.00042394 0.000818414 2.53552e-05 -0.00026285 -0.00117172 -0.0071 0.000980663 -0.00186364 -0.00377907 -0.000504484 0.00120833 -0.0011315 -0.000611888 0.0019084
internal_weight=1202 1172 985 855 494 49 361 109 85 445 119 326 285 130
internal_count=1202 1172 985 855 494 49 361 109 85 445 119 326 285 130
cat_boundaries=0 1
cat_threshold=16
is_linear=0
shrinkage=0.05


Tree=71
num_leaves=15
num_cat=1
split_feature=0 7 11 11 11 9 11 11 7 11 11 11 7 9
split_gain=2.21926 1.22839 0.343499 0.359909 0.215682 0.194881 0.170654 0.441665 0.438084 0.252815 0.256633 0.352879 0.268059 0.247124
threshold=0 1.5000000000000002 0.84978561355144533 0.23866392535577388 0.1712867993320398 5.5000000000000009 0.73538978246754183 0.59470465775869796 2.5000000000000004 0.47871610739127696 0.32125776158017871 0.28847174723635333 3.5000000000000004 1.0000000180025095e-35
decision_type=1 2 2 2 2 2 2 2 2 2 2 2 2 2
left_child=1 -1 3 4 -3 -4 7 9 -9 10 11 -5 -12 -8
right_child=-2 2 5 6 -6 -7 13 8 -10 -11 12 -13 -14 -15
leaf_value=0.00071621758082515143 -0.00052409011634633876 0.0009737954545491408 0.0004746155089427727 0.00019291552876119004 0.00691133439582714 -0.00042065286190872574 0.00059288819548220797 -0.00030525282857158363 0.0045998832515411125 -0.0010043077530886031 -7.5490579084833143e-05 -0.0053714688690908504 0.0011542497312432155 -0.0020355236201047631
leaf_weight=182 27 105 319 32 43 48 20 33 78 86 66 23 47 92
leaf_count=182 27 105 319 32 43 48 20 33 78 86 66 23 47 92
internal_value=0.000877704 0.00120851 0.000513595 -0.00019968 0.00194631 0.00172554 -0.000868201 -0.00034153 0.00227679 -0.0014902 -0.000355029 -0.003125 0.00100877 -0.00256637
internal_weight=1201 1174 992 625 148 367 477 365 111 254 168 55 113 112
internal_count=1201 1174 992 625 148 367 477 365 111 254 168 55 113 112
cat_boundaries=0 1
cat_threshold=16
is_linear=0
shrinkage=0.05


Tree=72
num_leaves=15
num_cat=2
split_feature=3 7 9 11 11 11 9 5 7 11 11 9 11 11
split_gain=2.40016 1.70828 0.55688 0.382937 0.461195 0.341822 0.166602 0.333388 0.281408 0.256724 0.178918 0.146964 0.139281 0.503247
threshold=0 1.5000000000000002 5.5000000000000009 0.95102128832130872 0.92750732661553648 0.99817629101047833 2.5000000000000004 1 3.5000000000000004 0.87585926134142889 0.56668076515725063 3.5000000000000004 0.63540876391619916 0.50865210223081447
decision_type=1 2 2 2 2 2 2 1 2 2 2 2 2 2
left_child=1 -1 3 4 6 -5 7 10 11 -9 -3 -8 13 -10
right_child=-2 2 -4 5 -6 -7 8 9 12 -11 -12 -13 -14 -15
leaf_value=0.00068040670178389222 -0.00049788561052902176 -0.0013920164459696139 -0.0011824119118889441 0.0017325204706914983 -0.0018262698830926777 -0.0012453785132016701 -0.0014424040652232756 8.0498642728985418e-05 0.0024091705841551288 -0.00047157755890356312 0.00033870138415839602 0.0026121755534030682 0.0033938142759494731 -0.00079842174865792375
leaf_weight=193 33 23 135 140 31 47 68 230 65 25 23 134 64 25
leaf_count=193 33 23 135 140 31 47 68 230 65 25 23 134 64 25
internal_value=0.000307195 0.00067691 -0.000148368 0.000313927 -0.00023222 0.00231383 5.31917e-05 -0.000811258 0.000784314 -9.76561e-05 -0.00468085 -0.00044335 0.0023871 0.0010989
internal_weight=1236 1203 1010 875 688 187 657 301 356 255 46 202 154 90
internal_count=1236 1203 1010 875 688 187 657 301 356 255 46 202 154 90
cat_boundaries=0 1 2
cat_threshold=1 4
is_linear=0
shrinkage=0.05


Tree=73
num_leaves=15
num_cat=1
split_feature=0 7 9 13 13 13 9 7 7 13 7 9 9 7
split_gain=2.83954 1.42627 0.423171 0.375051 0.270006 0.289996 0.23978 0.612761 0.315052 0.259891 0.213883 0.248665 0.223533 0.184624
threshold=0 1.5000000000000002 5.5000000000000009 19.500000000000004 20.500000000000004 19.500000000000004 3.5000000000000004 2.5000000000000004 2.5000000000000004 18.500000000000004 3.5000000000000004 2.5000000000000004 1.5000000000000002 3.5000000000000004
decision_type=1 2 2 2 2 2 2 2 2 2 2 2 2 2
left_child=1 -1 4 -4 5 6 7 -3 -8 10 12 -12 -9 -6
right_child=-2 2 3 -5 13 -7 8 9 -10 -11 11 -13 -14 -15
leaf_value=0.00061545492876916583 -0.00047299133000257081 0.0003738081345061928 -0.0021989327794649524 4.2481237257255606e-05 -0.00030917737801875724 0.0042115504199018751 -0.00048251732364195423 6.4544982437175771e-05 0.0035408566649195172 -0.0048446365592614421 -0.001749741281348971 0.0060338028978965778 -0.0032976275576694692 0.0010086259261635599
leaf_weight=169 34 59 62 77 234 70 39 22 96 26 66 24 31 176
leaf_count=169 34 59 62 77 234 70 39 22 96 26 66 24 31 176
internal_value=0.000316189 0.000742188 1.01731e-05 -0.00253571 0.000432465 0.00130184 0.000728022 -0.000262009 0.00238971 -0.00179412 -0.0009375 0.000549451 -0.00342593 -0.000486618
internal_weight=1185 1151 982 139 843 433 363 228 135 169 143 90 53 410
internal_count=1185 1151 982 139 843 433 363 228 135 169 143 90 53 410
cat_boundaries=0 1
cat_threshold=16
is_linear=0
shrinkage=0.05


Tree=74
num_leaves=15
num_cat=1
split_feature=0 7 12 12 7 7 12 12 7 12 12 12 12 12
split_gain=1.90002 1.25749 0.53139 0.437393 0.489986 0.600152 0.362373 0.337965 0.323761 0.397611 0.285748 0.244363 0.202915 0.170027
threshold=0 1.5000000000000002 -0.43663505800854829 -0.61186373645567593 2.5000000000000004 4.5000000000000009 -0.52705818521824688 -0.25950218452349672 3.5000000000000004 -0.9975933521984367 -0.74979862697202038 -0.8520459593969173 -0.52705818521824688 -0.17552498857989962
decision_type=1 2 2 2 2 2 2 2 2 2 2 2 2 2
left_child=1 7 3 8 -5 12 -7 -1 9 -3 11 -10 -6 -4
right_child=-2 2 13 4 5 6 -8 -9 10 -11 -12 -13 -14 -15
leaf_value=0.00061561362025623905 -0.00044934176350244217 0.008048023524435689 0.0010878055695009883 0.00058283008809999746 -0.0046634532939603904 -0.0025317991033228454 0.0038613290231795656 0.00027380869111724195 0.0010806065153178732 -0.00025494550132118662 0.0042488481850314749 -0.00067048698441477786 -0.00045122593008024294 6.2664056724512371e-05
leaf_weight=159 32 22 162 30 21 22 23 23 148 305 54 49 22 121
leaf_count=159 32 22 162 30 21 22 23 23 148 305 54 49 22 121
internal_value=1.2563e-05 0.000348537 -0.000362245 -0.00110473 -0.00386555 -0.00573034 -0.00163043 0.00415301 -0.000535406 -0.00157012 0.000813492 -7.57574e-05 -0.00988636 0.00146127
internal_weight=1193 1161 979 696 118 88 45 182 578 327 251 197 43 283
internal_count=1193 1161 979 696 118 88 45 182 578 327 251 197 43 283
cat_boundaries=0 1
cat_threshold=16
is_linear=0
shrinkage=0.05


end of trees

feature_importances:
doy_sin=357
inventory_count=203
dow=178
doy_cos=157
room_share=62
country=50
room_type_kind=16
currency=11
week_of_year=8
is_weekend=5
primary_rate_mode=3

parameters:
[boosting: gbdt]
[objective: quantile]
[metric: quantile]
[tree_learner: serial]
[device_type: cpu]
[data_sample_strategy: bagging]
[data: ]
[valid: ]
[num_iterations: 75]
[learning_rate: 0.05]
[num_leaves: 15]
[num_threads: 0]
[seed: 42]
[deterministic: 1]
[force_col_wise: 0]
[force_row_wise: 1]
[histogram_pool_size: -1]
[max_depth: -1]
[min_data_in_leaf: 20]
[min_sum_hessian_in_leaf: 0.001]
[bagging_fraction: 0.8]
[pos_bagging_fraction: 1]
[neg_bagging_fraction: 1]
[bagging_freq: 1]
[bagging_seed: 400]
[bagging_by_query: 0]
[feature_fraction: 0.8]
[feature_fraction_bynode: 1]
[feature_fraction_seed: 30056]
[extra_trees: 0]
[extra_seed: 12879]
[early_stopping_round: 0]
[early_stopping_min_delta: 0]
[first_metric_only: 0]
[max_delta_step: 0]
[lambda_l1: 0]
[lambda_l2: 1]
[linear_lambda: 0]
[min_gain_to_split: 0]
[drop_rate: 0.1]
[max_drop: 50]
[skip_drop: 0.5]
[xgboost_dart_mode: 0]
[uniform_drop: 0]
[drop_seed: 17869]
[top_rate: 0.2]
[other_rate: 0.1]
[min_data_per_group: 100]
[max_cat_threshold: 32]
[cat_l2: 10]
[cat_smooth: 10]
[max_cat_to_onehot: 4]
[top_k: 20]
[monotone_constraints: ]
[monotone_constraints_method: basic]
[monotone_penalty: 0]
[feature_contri: ]
[forcedsplits_filename: ]
[refit_decay_rate: 0.9]
[cegb_tradeoff: 1]
[cegb_penalty_split: 0]
[cegb_penalty_feature_lazy: ]
[cegb_penalty_feature_coupled: ]
[path_smooth: 0]
[interaction_constraints: ]
[verbosity: -1]
[saved_feature_importance_type: 0]
[use_quantized_grad: 0]
[num_grad_quant_bins: 4]
[quant_train_renew_leaf: 0]
[stochastic_rounding: 1]
[linear_tree: 0]
[max_bin: 255]
[max_bin_by_feature: ]
[min_data_in_bin: 3]
[bin_construct_sample_cnt: 200000]
[data_random_seed: 175]
[is_enable_sparse: 1]
[enable_bundle: 1]
[use_missing: 1]
[zero_as_missing: 0]
[feature_pre_filter: 1]
[pre_partition: 0]
[two_round: 0]
[header: 0]
[label_column: ]
[weight_column: ]
[group_column: ]
[ignore_column: ]
[categorical_feature: 0,1,2,3,4,5]
[forcedbins_filename: ]
[precise_float_parser: 0]
[parser_config_file: ]
[objective_seed: 16083]
[num_class: 1]
[is_unbalance: 0]
[scale_pos_weight: 1]
[sigmoid: 1]
[boost_from_average: 1]
[reg_sqrt: 0]
[alpha: 0.1]
[fair_c: 1]
[poisson_max_delta_step: 0.7]
[tweedie_variance_power: 1.5]
[lambdarank_truncation_level: 30]
[lambdarank_norm: 1]
[label_gain: ]
[lambdarank_position_bias_regularization: 0]
[eval_at: ]
[multi_error_top_k: 1]
[auc_mu_weights: ]
[num_machines: 1]
[local_listen_port: 12400]
[time_out: 120]
[machine_list_filename: ]
[machines: ]
[gpu_platform_id: -1]
[gpu_device_id: -1]
[gpu_device_id_list: ]
[gpu_use_dp: 0]
[num_gpu: 1]

end of parameters

pandas_categorical:[["AU", "CA", "MX", "NZ", "US", "unknown"], ["AUD", "CAD", "MXN", "NZD", "USD", "unknown"], ["agora", "cms", "unknown"], ["average", "lowest", "unknown"], ["regional", "resort_coastal", "resort_mountain", "unknown", "urban_core", "urban_outer"], ["derived", "optimized", "unknown"]]
