tree
version=v4
num_class=1
num_tree_per_iteration=1
label_index=0
max_feature_idx=13
objective=regression_l1
feature_names=country currency pms_type primary_rate_mode region_type room_type_kind total_rooms inventory_count room_share dow is_weekend doy_sin doy_cos week_of_year
feature_infos=-1:4:1 -1:4:1 none -1:0:1 -1:1:2 -1:0:2:1 [64:68] [1:16] [0.014705882352941176:0.25] [0:6] [0:1] [0.025818440227133081:0.99999073973619013] [-0.99966664851051124:0.055916990100603484] [13:27]
tree_sizes=1236 1276 1257 1294 1317 1275 1292 1339 1361 1384 1404 1347 1398 1392 1370 1418 1436 1414 1432 1427 1414 1455 1478 1424 1427 1420 1462 1418 1420 1463 1418 1412 1443 1454 1441 1461 1445 1439 1442 1470 1462 1455 1456 1459 1440 1485 1477 1471 1460 1477 1460 1485 1464 1450 1457 1476 1479 1449 1466 1477 1488 1447 1461 1450 1478 1480 1469 1450 1470 1453 1448 1449 1457 1466 1481

Tree=0
num_leaves=15
num_cat=0
split_feature=8 7 11 8 11 11 12 11 7 11 11 11 11 11
split_gain=67.3946 18.1678 10.7913 10.1457 3.74635 3.42122 1.45943 1.39292 1.69514 1.59496 1.50904 1.44861 1.0861 1.63522
threshold=0.075827205882352963 1.5000000000000002 0.98443735097190643 0.10615808823529413 0.95102128832130872 0.23866392535577388 -0.038720846584669975 0.7469444191903023 3.5000000000000004 0.30490993010465889 0.84978561355144533 0.80133140505178047 0.87585926134142889 0.90698021620945046
decision_type=2 2 2 2 2 2 2 2 2 2 2 2 2 2
left_child=1 -1 4 -2 5 -3 -4 8 9 -7 11 -9 -12 -14
right_child=3 2 6 -5 -6 7 -8 10 -10 -11 12 -13 13 -15
leaf_value=1 0.99285714328289032 1 0.98750000000000004 0.98846153914928436 1 0.98333333432674408 0.97499999999999998 1 1 1 1 0.98333333432674408 0.98750000000000004 1
leaf_weight=202 144 106 56 154 68 22 23 44 53 190 25 35 23 53
leaf_count=202 144 106 56 154 68 22 23 44 53 190 25 35 23 53
internal_value=0.979942 0.986792 0.982976 0.959365 0.985242 0.983877 0.965625 0.981951 0.984398 0.982394 0.978453 0.973125 0.982843 0.97987
internal_weight=1198 900 698 298 619 551 79 445 265 212 180 79 101 76
internal_count=1198 900 698 298 619 551 79 445 265 212 180 79 101 76
is_linear=0
shrinkage=1


Tree=1
num_leaves=15
num_cat=0
split_feature=8 12 11 7 9 7 9 9 11 11 11 11 11 11
split_gain=86.3052 13.6439 12.0459 9.91445 6.8611 5.51128 4.27943 4.27141 3.88623 2.48097 2.4308 3.56208 3.52657 2.26052
threshold=0.10615808823529413 -0.038720846584669975 0.99728803130978128 2.5000000000000004 5.5000000000000009 3.5000000000000004 3.5000000000000004 1.0000000180025095e-35 0.96570416579410667 0.76938632707879184 0.52339621958889315 0.82144612508491288 0.40147311773604405 0.2219132928352042
decision_type=2 2 2 2 2 2 2 2 2 2 2 2 2 2
left_child=1 2 3 -1 5 6 8 -7 13 -6 12 -12 -9 -5
right_child=-2 -3 -4 4 9 7 -8 10 -10 -11 11 -13 -14 -15
leaf_value=0 -0.0094230763614177714 -0.02375 0.00062499999999999784 0 0 -0.0067857138812541969 0 0 0 -0.013928570598363877 0 0 0.00017857141792774201 -0.016354165673255924
leaf_weight=432 157 33 26 20 43 43 77 50 21 42 57 63 20 108
leaf_count=432 157 33 26 20 43 43 77 50 21 42 57 63 20 108
internal_value=-0.0152557 -0.00999035 -0.00892323 -0.009826 -0.0143119 -0.0118478 -0.0174009 -0.00641026 -0.0223333 -0.0273256 -0.00314136 -0.00743802 0.00422535 -0.0255814
internal_weight=1192 1035 1002 976 544 459 226 233 149 85 190 120 70 128
internal_count=1192 1035 1002 976 544 459 226 233 149 85 190 120 70 128
is_linear=0
shrinkage=0.05


Tree=2
num_leaves=15
num_cat=0
split_feature=8 11 9 7 7 9 11 7 11 11 11 11 7 11
split_gain=96.1305 8.73281 5.84292 4.315 2.05449 1.8772 2.3231 2.23878 1.92345 2.14347 3.17554 3.47877 4.98608 3.55878
threshold=0.10615808823529413 0.99906486341235867 5.5000000000000009 4.5000000000000009 1.5000000000000002 4.5000000000000009 0.9898958271128977 1.5000000000000002 0.95619940680887117 0.52339621958889315 0.66161011071130948 0.79091635943066529 2.5000000000000004 0.85873214889986926
decision_type=2 2 2 2 2 2 2 2 2 2 2 2 2 2
left_child=1 2 5 4 -4 6 7 -1 9 -9 -11 12 -12 -13
right_child=-2 -3 3 -5 -6 -7 -8 8 -10 10 11 13 -14 -15
leaf_value=0 -0.010490383990108966 -0.022562499999999999 0 -0.0086785708740353632 0 0 -0.011890625000000002 0 0 -0.0067857138812541969 0 -0.013928570598363877 0 0
leaf_weight=126 159 32 28 31 82 157 36 198 63 73 23 45 41 89
leaf_count=126 159 32 28 31 82 157 36 198 63 73 23 45 41 89
internal_value=-0.0136402 -0.008 -0.00715005 -0.0165493 -0.0117117 -0.00557512 -0.00669065 -0.00599393 -0.00741088 -0.00851064 -0.0113971 -0.0080402 0.00153846 -0.0125926
internal_weight=1183 1024 992 141 110 851 694 658 532 469 271 198 64 134
internal_count=1183 1024 992 141 110 851 694 658 532 469 271 198 64 134
is_linear=0
shrinkage=0.05


Tree=3
num_leaves=15
num_cat=0
split_feature=8 12 11 11 7 11 11 11 11 11 11 11 11 11
split_gain=108.881 12.0361 7.39888 9.42383 2.33757 2.67509 6.3373 9.08485 4.30521 3.3282 2.18445 1.87598 1.45947 2.81854
threshold=0.10615808823529413 -0.038720846584669975 0.99728803130978128 0.99418108018405604 2.5000000000000004 0.32125776158017871 0.76938632707879184 0.90698021620945046 0.27194808396361153 0.1712867993320398 0.66161011071130948 0.50865210223081447 0.98443735097190643 0.96109418277572278
decision_type=2 2 2 2 2 2 2 2 2 2 2 2 2 2
left_child=1 2 3 4 -1 8 10 -8 9 -6 11 -7 13 -9
right_child=-2 -3 -4 -5 5 6 7 12 -10 -11 -12 -13 -14 -15
leaf_value=0 -0.0084274033438414327 -0.021434374999999995 0.00059374999999999847 -0.023780468750000002 0 0 -0.0088696423303335943 0 -0.013928570598363877 0 0 0 -0.012604519674181939 0
leaf_weight=446 158 37 28 20 62 58 91 59 22 33 59 71 24 34
leaf_count=446 158 37 28 20 62 58 91 59 22 33 59 71 24 34
internal_value=-0.0111388 -0.00526316 -0.00421627 -0.00494898 -0.00421875 -0.00651751 -0.00453401 -0.0105263 -0.0131356 -0.00833333 0.0021164 -0.00153846 -0.00127119 0.00159574
internal_weight=1202 1044 1007 979 959 513 396 208 117 95 188 129 117 93
internal_count=1202 1044 1007 979 959 513 396 208 117 95 188 129 117 93
is_linear=0
shrinkage=0.05


Tree=4
num_leaves=15
num_cat=0
split_feature=8 11 11 11 11 7 11 11 11 11 11 10 7 11
split_gain=115.554 7.81019 6.18469 7.28102 3.67166 2.09418 3.31587 13.9444 10.6245 9.45067 8.08732 2.48012 1.66346 1.52071
threshold=0.10615808823529413 0.99906486341235867 0.99728803130978128 0.99418108018405604 0.94556136170129623 2.5000000000000004 0.79091635943066529 0.84978561355144533 0.87585926134142889 0.90698021620945046 0.6486055352228246 1.0000000180025095e-35 3.5000000000000004 0.1712867993320398
decision_type=2 2 2 2 2 2 2 2 2 2 2 2 2 2
left_child=1 2 3 4 5 -1 10 -8 -9 -10 13 -12 -6 -7
right_child=-2 -3 -4 -5 12 6 7 8 9 -11 11 -13 -14 -15
leaf_value=0 -0.0080060331766493627 -0.020362656249999996 0.00056406250000000109 -0.022591445312500003 0 0 -0.014693421743158254 0.00044348211651668024 -0.014132781877461822 0 0.00033928569406270763 0 0 0
leaf_weight=369 161 30 27 20 103 50 35 22 22 39 56 25 39 208
leaf_count=369 161 30 27 20 103 50 35 22 22 39 56 25 39 208
internal_value=-0.0103977 -0.0043021 -0.00354331 -0.00419616 -0.00356037 -0.00483676 -0.00709607 -0.0142857 -0.00297619 -0.0137097 -0.00455882 0.00914634 0.00384615 -0.00888031
internal_weight=1206 1045 1015 988 968 826 457 118 83 61 339 81 142 258
internal_count=1206 1045 1015 988 968 826 457 118 83 61 339 81 142 258
is_linear=0
shrinkage=0.05


Tree=5
num_leaves=15
num_cat=0
split_feature=8 12 12 9 9 8 8 8 8 12 9 12 8 12
split_gain=114.565 12.2502 7.91138 4.34209 2.86542 2.75501 2.93436 3.0948 2.58634 3.29461 5.2223 2.2694 2.39695 2.29381
threshold=0.10615808823529413 -0.038720846584669975 -0.073092422389869308 5.5000000000000009 2.5000000000000004 0.075827205882352963 0.051470588235294122 0.02251838235294118 0.02251838235294118 -0.58427653070765262 1.0000000180025095e-35 -0.62538740722492581 0.036764705882352949 -0.42108527284769376
decision_type=2 2 2 2 2 2 2 2 2 2 2 2 2 2
left_child=1 2 3 4 8 6 7 -5 -1 -10 -11 -6 -13 -14
right_child=-2 -3 -4 5 11 -7 -8 -9 9 10 -12 12 13 -15
leaf_value=0 -0.0091441929645789798 -0.019344523437499997 0.00053585937500000291 0 0 -0.0063517853375524291 0 0 0 -0.01407383617920336 0 0 0.00042130801069084622 0
leaf_weight=78 170 31 26 25 248 21 20 82 195 36 83 77 43 56
leaf_count=78 170 31 26 25 248 21 20 82 195 36 83 77 43 56
internal_value=-0.0118289 -0.00547945 -0.00449041 -0.00523316 -0.00379437 -0.0130872 -0.0101563 -0.0134259 -0.00687023 -0.00888889 -0.0154167 -0.000941176 0.00338983 0.0085
internal_weight=1191 1021 990 964 816 148 127 107 392 314 119 424 176 99
internal_count=1191 1021 990 964 816 148 127 107 392 314 119 424 176 99
is_linear=0
shrinkage=0.05


Tree=6
num_leaves=15
num_cat=0
split_feature=8 12 9 12 12 12 9 12 7 7 12 12 7 12
split_gain=108.372 13.1811 9.99991 6.07722 3.95074 3.9412 3.55205 3.09734 9.03595 2.96605 2.27974 2.08325 2.00812 2.03125
threshold=0.10615808823529413 -0.038720846584669975 5.5000000000000009 -0.073092422389869308 -0.14153505243942421 -0.27608674622158874 2.5000000000000004 -0.58427653070765262 2.5000000000000004 1.5000000000000002 -0.17552498857989962 -0.52705818521824688 2.5000000000000004 -0.38961601727460732
decision_type=2 2 2 2 2 2 2 2 2 2 2 2 2 2
left_child=1 2 3 4 5 6 7 -1 -9 -4 -7 -8 -13 -14
right_child=-2 -3 9 -5 -6 10 11 8 -10 -11 -12 12 13 -15
leaf_value=0 -0.0086869833163500283 -0.018377297265624992 0 0.00050906640625000279 -0.019846670081764457 0 0 0 -0.013141042372337548 -0.0086430679903868636 0 0 0.00035714283585548402 0
leaf_weight=245 163 36 21 25 26 46 287 39 50 114 23 38 31 20
leaf_count=245 163 36 21 25 26 46 287 39 50 114 23 38 31 20
internal_value=-0.0120172 -0.00583832 -0.00471014 -0.00264741 -0.00341191 -0.00275641 -0.00386779 -0.00761194 -0.0155556 -0.0172794 0.00857143 -0.000530504 0.00611111 0.0125
internal_weight=1164 1001 965 830 805 779 710 334 89 135 69 376 89 51
internal_count=1164 1001 965 830 805 779 710 334 89 135 69 376 89 51
is_linear=0
shrinkage=0.05


Tree=7
num_leaves=15
num_cat=0
split_feature=8 12 12 12 12 7 12 12 12 12 12 7 7 12
split_gain=121.17 12.9082 8.8723 7.402 5.02566 4.65857 4.39534 12.0672 7.72309 8.0113 5.40909 2.42424 1.84353 1.74943
threshold=0.10615808823529413 -0.038720846584669975 -0.073092422389869308 -0.14153505243942421 -0.27608674622158874 2.5000000000000004 -0.59815875725621337 -0.52705818521824688 -0.4673419057595769 -0.38961601727460732 -0.74979862697202038 2.5000000000000004 3.5000000000000004 -0.92910699518418138
decision_type=2 2 2 2 2 2 2 2 2 2 2 2 2 2
left_child=1 2 3 4 5 -1 10 -8 -9 -10 13 -6 -12 -7
right_child=-2 -3 -4 -5 11 6 7 8 9 -11 12 -13 -14 -15
leaf_value=0 -0.0067141727037704439 -0.017458432402343745 0.00048361308593750096 -0.018854336577676236 0 0 -0.013344352514676545 0.00038238546836352749 -0.0037554929308475041 0 0.00043215339951934166 0.00035714283585548402 0 0
leaf_weight=396 163 36 26 34 40 133 30 23 28 47 37 47 36 121
leaf_count=396 163 36 26 34 40 133 30 23 28 47 37 47 36 121
internal_value=-0.00976628 -0.00342995 -0.00235235 -0.00313464 -0.00228967 -0.00346244 -0.00690789 -0.0147287 -0.00606061 -0.0138158 -0.00381098 0.00909091 0.00810811 -0.0072549
internal_weight=1197 1034 998 972 938 851 455 128 98 75 327 87 73 254
internal_count=1197 1034 998 972 938 851 455 128 98 75 327 87 73 254
is_linear=0
shrinkage=0.05


Tree=8
num_leaves=15
num_cat=2
split_feature=5 12 0 9 11 11 11 9 11 11 9 11 11 11
split_gain=118.043 9.30371 7.86051 5.17739 2.19446 2.00095 1.80286 8.69167 3.65879 2.8653 2.4565 1.96898 2.71324 1.53014
threshold=0 -0.021515300460958463 1 2.5000000000000004 0.81150899888343053 0.36971084796686632 0.84978561355144533 5.5000000000000009 0.92093717412624365 0.69943241849707793 5.5000000000000009 0.49375726027723293 0.27194808396361153 0.78026694822287779
decision_type=1 2 1 2 2 2 2 2 2 2 2 2 2 2
left_child=-1 2 3 4 5 -2 9 8 -8 10 -5 12 -12 -11
right_child=1 -3 -4 6 -6 -7 7 -9 -10 13 11 -13 -14 -15
leaf_value=-0.0063784640685819243 0 -0.016585510782226556 -0.039235607202460637 0 -1.7857141792776422e-05 0 0.00016991750474960044 -0.0084468138760919916 0 -8.4821423515679683e-06 0.00043215339951934166 0.00043215339951934166 -0.008437488930814252 0
leaf_weight=157 102 22 30 218 148 148 55 42 106 46 27 37 23 47
leaf_count=157 102 22 30 218 148 148 55 42 106 46 27 37 23 47
internal_value=-0.00938792 -0.003327 -0.00262136 -0.00185 -0.00626566 -0.00338645 0.00107973 0.00490196 0.0101852 -0.000877193 0.00147059 0.00852273 0.00196078 -0.00851064
internal_weight=1208 1051 1029 999 398 250 601 203 161 398 305 87 50 93
internal_count=1208 1051 1029 999 398 250 601 203 161 398 305 87 50 93
cat_boundaries=0 1 2
cat_threshold=4 16
is_linear=0
shrinkage=0.05


Tree=9
num_leaves=15
num_cat=0
split_feature=8 11 7 11 11 11 11 11 9 9 7 9 7 9
split_gain=105.742 13.5223 7.73145 7.55501 6.16755 11.1967 3.47236 7.02611 4.64508 5.67052 5.49612 10.0502 5.3528 3.85508
threshold=0.10615808823529413 0.99906486341235867 1.5000000000000002 0.92750732661553648 0.99728803130978128 0.9898958271128977 0.9700279898265628 0.7469444191903023 1.5000000000000002 5.5000000000000009 2.5000000000000004 3.5000000000000004 2.5000000000000004 5.5000000000000009
decision_type=2 2 2 2 2 2 2 2 2 2 2 2 2 2
left_child=1 2 3 -1 5 6 7 13 12 10 -10 -12 -9 -4
right_child=-2 -3 4 -5 -6 -7 -8 8 9 -11 11 -13 -14 -15
leaf_value=0 -0.0068287715885338718 -0.015756235243115226 0 8.9285708964048644e-07 0.00045943243164062734 -0.017910726891702783 0.00033928569406270763 0 -8.4958752374797452e-06 -0.013152847193081641 -1.6964284703135937e-05 0.00016142162951212071 -0.013270625622657357 0.00041054572954337678
leaf_weight=162 170 28 378 40 23 33 59 21 47 37 49 50 43 62
leaf_count=162 170 28 378 40 23 33 59 21 47 37 49 50 43 62
internal_value=-0.00685786 -0.000822846 0.000149254 0.008867 -0.00205479 -0.00282051 -0.00153949 -0.0025436 -0.00927419 -0.00516304 -0.000680272 0.006 -0.0207692 0.00124717
internal_weight=1202 1032 1004 202 802 779 746 687 247 183 146 99 64 440
internal_count=1202 1032 1004 202 802 779 746 687 247 183 146 99 64 440
is_linear=0
shrinkage=0.05


Tree=10
num_leaves=15
num_cat=0
split_feature=8 12 8 11 11 8 11 11 11 11 11 9 8 11
split_gain=98.2905 17.5501 3.68618 4.16333 10.3454 7.5396 6.92711 3.93035 10.316 11.7861 4.13413 3.89071 3.02906 2.8166
threshold=0.10615808823529413 -0.021515300460958463 0.036764705882352949 0.93982124484292628 0.90698021620945046 0.075827205882352963 0.97406437363071496 0.87585926134142889 0.84978561355144533 0.80133140505178047 0.36971084796686632 1.5000000000000002 0.17371323529411767 0.9898958271128977
decision_type=2 2 2 2 2 2 2 2 2 2 2 2 2 2
left_child=1 2 13 4 7 6 -5 8 9 10 -4 -12 -2 -1
right_child=12 -3 3 5 -6 -7 -8 -9 -10 -11 11 -13 -14 -15
leaf_value=0 -0.0057181022857261347 -0.019968423182936242 0 -1.6116070467975252e-05 0.00015335054803651272 0.00032232140935957166 -3.4821426495912355e-05 -0.0053946100204234244 0.00034669923823226205 -0.014260412405055434 0.00034419640805572198 0 -0.00725656373248822 0.00073372643505859871
leaf_weight=429 88 23 139 33 36 30 52 23 22 25 56 146 80 26
leaf_count=429 88 23 139 33 36 30 52 23 22 25 56 146 80 26
internal_value=-0.00723739 -0.00148895 -0.000491159 -0.00319716 -0.00100446 -0.0116379 -0.019186 -0.0032767 -0.00205656 -0.00408719 -0.00160819 0.00295567 -0.0426036 0.00285088
internal_weight=1208 1040 1017 562 447 115 85 411 388 366 341 202 168 455
internal_count=1208 1040 1017 562 447 115 85 411 388 366 341 202 168 455
is_linear=0
shrinkage=0.05


Tree=11
num_leaves=15
num_cat=0
split_feature=8 12 7 9 11 11 7 11 11 11 9 8 8 11
split_gain=95.3363 15.4525 10.4376 6.51292 8.86658 4.13732 2.97265 2.86836 7.88999 13.5611 7.90782 4.29959 4.2129 5.79216
threshold=0.10615808823529413 -0.021515300460958463 2.5000000000000004 2.5000000000000004 0.81150899888343053 0.67441863684527492 11.500000000000002 0.52339621958889315 0.84058726838585029 0.87585926134142889 3.5000000000000004 0.02251838235294118 0.01516544117647059 0.69943241849707793
decision_type=2 2 2 2 2 2 2 2 2 2 2 2 2 2
left_child=1 2 7 4 5 -4 -2 -1 12 -10 11 -11 13 -9
right_child=6 -3 3 -5 -6 -7 -8 8 9 10 -12 -13 -14 -15
leaf_value=0 -0.0054321971714398291 -0.013970002321812653 0 0 -0.0089892093990121547 0.00076192650858090689 -0.0068937355458638105 0 -8.0710814756024263e-06 8.4821423516068253e-07 -4.4642854479803876e-08 4.247937618717668e-07 0.00033928569406270763 0
leaf_weight=180 92 25 114 334 91 23 73 33 23 24 59 40 86 26
leaf_count=180 92 25 114 334 91 23 73 33 23 24 59 40 86 26
internal_value=-0.00784314 -0.0023135 -0.00135397 -0.00595027 -0.0124454 -0.00434783 -0.0430723 0.00413136 0.00719178 -0.00102041 0.00564516 0.0176923 0.015411 0.005
internal_weight=1223 1058 1033 562 228 137 165 471 291 146 123 64 145 59
internal_count=1223 1058 1033 562 228 137 165 471 291 146 123 64 145 59
is_linear=0
shrinkage=0.05


Tree=12
num_leaves=15
num_cat=0
split_feature=7 12 7 9 11 11 11 11 11 11 11 9 7 11
split_gain=86.0011 16.1031 8.27245 7.48996 13.4542 4.66705 6.38802 3.22903 8.22009 17.48 5.16053 5.23926 4.2156 5.11796
threshold=8.5000000000000018 -0.021515300460958463 1.5000000000000002 2.5000000000000004 0.81150899888343053 0.84978561355144533 0.62202370727958112 0.99728803130978128 0.98127012181273632 0.96109418277572278 0.58077876009839902 5.5000000000000009 6.0000000000000009 0.90698021620945046
decision_type=2 2 2 2 2 2 2 2 2 2 2 2 2 2
left_child=1 2 3 4 -1 6 -5 8 9 10 11 -4 13 -12
right_child=-2 -3 7 5 -6 -7 -8 -9 -10 -11 12 -13 -14 -15
leaf_value=0 -0.005160587312867837 -0.02160483504234998 0 0 8.5044637788134205e-07 -4.2410711753593235e-08 4.2410711758034126e-07 0.00039977672044839155 -0.0073675616903686849 0.00041633770406773187 -1.6540177585555593e-05 0.00039001844306620905 -0.0064464281871914886 4.2702590459797741e-07
leaf_weight=60 162 23 285 44 25 36 24 29 65 44 221 50 69 65
leaf_count=60 162 23 285 44 25 36 24 29 65 44 221 50 69 65
internal_value=-0.00856193 -0.00326609 -0.00230845 0.00710526 0.0180233 -0.00190476 0.0057971 -0.00446321 -0.0050625 -0.00353741 -0.00549928 -0.00104167 -0.00969101 -0.00696864
internal_weight=1202 1040 1017 189 85 104 68 828 799 734 690 335 355 286
internal_count=1202 1040 1017 189 85 104 68 828 799 734 690 335 355 286
is_linear=0
shrinkage=0.05


Tree=13
num_leaves=15
num_cat=1
split_feature=7 12 12 12 12 12 7 5 12 12 7 9 12 12
split_gain=30.2346 13.9829 9.01751 5.6901 8.58208 15.7072 6.0135 5.09897 5.91645 6.3156 4.63864 8.42717 12.9719 9.32819
threshold=11.500000000000002 -0.038720846584669975 -0.073092422389869308 -0.1073773691641859 -0.25950218452349672 -0.17552498857989962 2.5000000000000004 0 -0.61186373645567593 -0.80389818363065602 1.5000000000000002 2.5000000000000004 -0.62538740722492581 -0.66483077113278999
decision_type=2 2 2 2 2 2 2 1 2 2 2 2 2 2
left_child=1 2 3 4 7 6 -6 10 9 -9 11 13 -13 -1
right_child=-2 -3 -4 -5 5 -7 -8 8 -10 -11 -12 12 -14 -15
leaf_value=0 -0.0062910194029272282 -0.013155231242034755 0.0003922370697115263 -0.0099637750175766097 7.6328120450774868e-07 -0.0057491833078270275 0.0004044270683334961 0 -0.0048526617095821295 9.7440264636211587e-05 0 0 -4.0290176162027796e-08 8.0792405898755248e-07
leaf_weight=51 77 37 29 20 24 48 36 54 40 26 648 77 26 22
leaf_count=51 77 37 29 20 24 48 36 54 40 26 648 77 26 22
internal_value=-0.0051398 -0.00307287 -0.00204174 -0.0027959 -0.0022792 0.0110092 0.0278689 -0.00380952 0.00578512 0.0135802 -0.00521212 0.0019774 -0.00721154 0.0148649
internal_weight=1215 1138 1101 1072 1052 108 60 944 120 80 824 176 103 73
internal_count=1215 1138 1101 1072 1052 108 60 944 120 80 824 176 103 73
cat_boundaries=0 1
cat_threshold=1
is_linear=0
shrinkage=0.05


Tree=14
num_leaves=15
num_cat=1
split_feature=8 11 11 11 11 11 11 9 5 9 9 11 8 11
split_gain=31.2436 15.9097 8.09401 7.5544 15.0379 4.666 3.97707 5.7778 4.63635 7.61184 2.24049 4.77131 2.6553 2.82132
threshold=0.15165441176470593 0.99906486341235867 0.99728803130978128 0.9898958271128977 0.96570416579410667 0.98443735097190643 0.69943241849707793 5.5000000000000009 0 2.5000000000000004 2.5000000000000004 0.47871610739127696 0.01516544117647059 0.43275956216002465
decision_type=2 2 2 2 2 2 2 2 1 2 2 2 2 2
left_child=1 2 3 4 6 -6 10 8 -8 -10 11 -1 13 -12
right_child=-2 -3 -4 -5 5 -7 7 -9 9 -11 12 -13 -14 -15
leaf_value=0 -0.0059764684327808688 -0.012497469679933017 0.00036640062358317405 -0.015926008897725229 0.00037529946544767048 -0.0039173211465725393 -6.8405185225439705e-06 -0.012224647323527111 -0.0063478219306426359 0.00028793288556625831 0 0 0 0
leaf_weight=148 87 37 30 40 58 26 296 39 20 26 36 85 266 21
leaf_count=148 87 37 30 40 58 26 296 39 20 26 36 85 266 21
internal_value=-0.00596217 -0.00372011 -0.00260989 -0.00334275 -0.00249511 0.0176471 -0.0043177 -0.00824607 -0.00612245 0.00851064 -0.0016158 -0.00534188 0.00108025 -0.00862069
internal_weight=1215 1128 1091 1061 1021 84 937 381 342 46 556 233 323 57
internal_count=1215 1128 1091 1061 1021 84 937 381 342 46 556 233 323 57
cat_boundaries=0 1
cat_threshold=1
is_linear=0
shrinkage=0.05


Tree=15
num_leaves=15
num_cat=0
split_feature=8 12 7 11 11 9 7 11 11 11 7 11 11 7
split_gain=35.2167 20.1785 8.1954 14.8395 11.9275 9.19225 7.14008 6.30095 4.78513 7.87104 6.40903 12.0576 4.48813 4.1765
threshold=0.15165441176470593 -0.038720846584669975 1.5000000000000002 0.69943241849707793 0.84978561355144533 2.5000000000000004 8.5000000000000018 0.92750732661553648 0.90698021620945046 0.69943241849707793 2.5000000000000004 0.84978561355144533 0.79091635943066529 6.0000000000000009
decision_type=2 2 2 2 2 2 2 2 2 2 2 2 2 2
left_child=1 2 3 -1 -5 -4 8 -6 9 13 -11 12 -12 -7
right_child=-2 -3 5 4 7 6 -8 -9 -10 10 11 -13 -14 -15
leaf_value=0 -0.0056776450111418247 -0.011390610801721247 -1.6137275823857601e-05 7.4492768782907787e-07 -7.7461601931783093e-06 0 9.7440264636211587e-05 1.0649109276839042e-06 0.00014600369526557855 -1.5370456135854748e-05 -1.8017541513271063e-05 0.00033053331112605226 -0.010765021494698322 -0.0058764819505489566
leaf_weight=104 83 36 359 31 21 208 40 37 115 40 29 24 22 40
leaf_count=104 83 36 359 31 21 208 40 37 115 40 29 24 22 40
internal_value=-0.00390756 -0.00153568 -0.000280112 0.00902062 0.0238889 -0.00233485 0.00192678 0.0101695 0.000208768 -0.00260989 -0.0133621 -0.00460526 -0.0182692 0.00240964
internal_weight=1189 1106 1070 193 89 877 518 58 478 363 115 75 51 248
internal_count=1189 1106 1070 193 89 877 518 58 478 363 115 75 51 248
is_linear=0
shrinkage=0.05


Tree=16
num_leaves=15
num_cat=1
split_feature=7 7 12 11 0 11 7 11 9 9 11 11 7 7
split_gain=30.1248 17.3857 23.5788 22.1255 19.6554 16.6974 17.2455 14.6707 8.10287 15.629 8.32636 16.9307 5.50721 5.44531
threshold=11.500000000000002 1.5000000000000002 -0.038720846584669975 0.69943241849707793 0 0.58077876009839902 2.5000000000000004 0.97406437363071496 5.5000000000000009 4.5000000000000009 0.98731287009808555 0.96109418277572278 4.5000000000000009 2.5000000000000004
decision_type=2 2 2 2 1 2 2 2 2 2 2 2 2 2
left_child=1 3 4 -1 5 13 7 -7 9 10 11 -8 -10 -3
right_child=-2 2 -4 -5 -6 6 8 -9 12 -11 -12 -13 -14 -15
leaf_value=0 -0.0053937627605847305 8.0686379119176985e-07 -0.012652647743600046 7.0768130343568109e-07 -0.037676995639875012 -1.4988386106540297e-05 -3.4080949140746777e-05 0.00033455581499795551 -0.0045099203333188792 0.00017617656884618416 -0.012504878989143542 0.00037515385490477504 -0.0050280321207215768 0
leaf_weight=108 69 115 34 87 21 124 181 31 31 60 33 36 29 253
leaf_count=108 69 115 34 87 21 124 181 31 31 60 33 36 29 253
internal_value=-0.00173124 0.000218531 -0.00258166 0.0137755 -0.00103825 0.000111857 -0.00560837 -0.0195513 0.000269542 0.00353698 -0.00199203 0.0016055 -0.0163934 0.00826558
internal_weight=1212 1143 948 195 914 893 525 155 370 310 250 217 60 368
internal_count=1212 1143 948 195 914 893 525 155 370 310 250 217 60 368
cat_boundaries=0 1
cat_threshold=16
is_linear=0
shrinkage=0.05


Tree=17
num_leaves=15
num_cat=0
split_feature=7 7 11 11 7 11 9 11 11 11 11 9 11 11
split_gain=31.4956 20.2458 19.4837 16.1196 11.8082 13.4656 17.6366 16.7333 8.71024 9.66811 6.8237 11.2411 6.18777 15.3072
threshold=11.500000000000002 1.5000000000000002 0.99906486341235867 0.69943241849707793 2.5000000000000004 0.63540876391619916 2.5000000000000004 0.97406437363071496 0.84978561355144533 0.92750732661553648 0.49375726027723293 4.5000000000000009 0.84978561355144533 0.80133140505178047
decision_type=2 2 2 2 2 2 2 2 2 2 2 2 2 2
left_child=1 3 4 -1 5 6 -3 -7 -5 -10 11 -8 13 -6
right_child=-2 2 -4 8 12 7 10 -9 9 -11 -12 -13 -14 -15
leaf_value=0 -0.0051240746225554969 7.6652060163051594e-07 -0.013369597444169785 6.7229723826334195e-07 0 -1.4238966801216614e-05 -4.0343189555702712e-08 0.00031782802424805694 -7.3942362486811852e-06 9.7628131612848014e-07 0.00032228106617001044 0.00018521841726689138 0.00017877251019809693 -0.014340022257918535
leaf_weight=104 77 46 33 31 392 113 26 30 21 41 23 22 214 29
leaf_count=104 77 46 33 31 392 113 26 30 21 41 23 22 214 29
internal_value=-0.00453034 -0.00239787 -0.00548977 0.0121212 -0.00407366 -0.0130268 -0.000423729 -0.0232639 0.0271277 0.015873 -0.0159722 -0.0265306 -0.000393082 -0.00390995
internal_weight=1202 1125 928 197 895 260 117 143 93 62 71 48 635 421
internal_count=1202 1125 928 197 895 260 117 143 93 62 71 48 635 421
is_linear=0
shrinkage=0.05


Tree=18
num_leaves=15
num_cat=1
split_feature=8 7 11 11 5 11 11 11 11 7 11 9 9 7
split_gain=41.2582 20.1993 23.9078 17.8267 15.474 10.4346 11.4731 10.2134 8.16125 9.3018 7.83081 7.48836 13.4703 7.18069
threshold=0.15165441176470593 1.5000000000000002 0.99906486341235867 0.69943241849707793 0 0.96570416579410667 0.98443735097190643 0.99728803130978128 0.69943241849707793 2.5000000000000004 0.84978561355144533 2.5000000000000004 5.5000000000000009 2.5000000000000004
decision_type=2 2 2 2 1 2 2 2 2 2 2 2 2 2
left_child=1 3 4 -1 5 8 -7 -8 11 -10 -5 -3 13 -13
right_child=-2 2 -4 10 -6 6 7 -9 9 -11 -12 12 -14 -15
leaf_value=0 -0.0087140245083329355 7.2819457154760243e-07 -0.015704648877333943 6.386823763526728e-07 9.2568251404401283e-05 0.00034745753664963133 -0.014570204752799229 0.0003019366230356535 -1.3141252327975029e-05 -3.3183065130110158e-05 9.2746725032233363e-07 -3.8326030082913578e-08 0.00036121625685999197 0
leaf_weight=112 82 153 34 31 144 47 50 20 84 174 62 57 62 102
leaf_count=112 82 153 34 31 144 47 50 20 84 174 62 57 62 102
internal_value=-0.00452675 -0.00203001 -0.00517241 0.0121359 -0.00357942 -0.00646667 0.00720339 -0.0056338 -0.00900474 -0.0158301 0.0281915 -0.00426667 -0.0101351 -0.0178125
internal_weight=1214 1132 927 205 893 749 117 70 632 258 93 374 221 159
internal_count=1214 1132 927 205 893 749 117 70 632 258 93 374 221 159
cat_boundaries=0 1
cat_threshold=1
is_linear=0
shrinkage=0.05


Tree=19
num_leaves=15
num_cat=0
split_feature=8 7 12 12 12 12 7 9 9 12 12 12 12 12
split_gain=40.4904 13.9237 16.0624 15.6539 11.0368 8.80181 9.41657 15.321 24.1618 18.1953 12.8681 17.0465 10.2857 5.86923
threshold=0.15165441176470593 1.5000000000000002 -0.038720846584669975 -0.71464691390916013 -0.52705818521824688 -0.073092422389869308 2.5000000000000004 2.5000000000000004 5.5000000000000009 -0.8140159405215136 -0.14153505243942421 -0.27608674622158874 -0.58427653070765262 -0.34155811708470757
decision_type=2 2 2 2 2 2 2 2 2 2 2 2 2 2
left_child=1 3 5 -1 -5 6 7 9 -9 -3 11 13 -11 -8
right_child=-2 2 -4 4 -6 -7 10 8 -10 12 -12 -13 -14 -15
leaf_value=0 -0.0044321696660110767 6.9178484297105494e-07 -0.0119158851280946 6.0674825753670451e-07 8.8109388780566182e-07 0.00031348824135641609 0 -4.4340539660070453e-06 0.00034180558220658355 -1.3905454115858974e-05 -0.013206313965732137 0.00031864439300998418 -2.4655335341525199e-05 -3.0333088780298836e-05
leaf_weight=110 85 42 35 32 55 20 504 122 38 20 27 54 42 33
leaf_count=110 85 42 35 32 55 20 504 122 38 20 27 54 42 33
internal_value=-0.00471311 -0.00220264 -0.00474414 0.00984848 0.0255682 -0.003433 -0.00419026 -0.0120755 -0.0217391 0.00285714 -0.000807754 0.000760135 -0.0142857 -0.00195167
internal_weight=1219 1134 937 197 87 902 882 264 160 104 618 591 62 537
internal_count=1219 1134 937 197 87 902 882 264 160 104 618 591 62 537
is_linear=0
shrinkage=0.05


Tree=20
num_leaves=15
num_cat=0
split_feature=8 12 7 12 12 12 12 12 12 7 7 12 12 9
split_gain=40.9415 15.3 8.4465 17.7672 11.9668 12.3655 10.2706 9.82368 13.844 13.8383 9.31877 7.16748 6.56227 6.03079
threshold=0.15165441176470593 -0.038720846584669975 1.5000000000000002 -0.71464691390916013 -0.86092912513210462 -0.27608674622158874 -0.52705818521824688 -0.15855351192338588 -0.073092422389869308 2.5000000000000004 2.5000000000000004 -0.35768498937424864 -0.92910699518418138 4.5000000000000009
decision_type=2 2 2 2 2 2 2 2 2 2 2 2 2 2
left_child=1 2 3 -1 10 -6 -5 9 -9 -7 13 -8 -12 -4
right_child=-2 -3 4 6 5 7 11 8 -10 -11 12 -13 -14 -15
leaf_value=0 -0.004210561182710521 -0.0086209266961903841 6.5719560082277981e-07 5.7641084466042444e-07 -1.2708226505186993e-05 -3.8613423504041404e-05 -7.114952493159077e-06 -0.0081871806468437457 0.00032446227876113958 0.00031161842282863284 0 8.3703919341315829e-07 0.00031825432488089559 0.0003192120324615078
leaf_weight=109 79 35 57 33 445 20 22 46 22 52 158 36 69 32
leaf_count=109 79 35 57 33 445 20 22 46 22 52 158 36 69 32
internal_value=-0.00230263 0.000131926 0.00117967 0.0104478 -0.000886918 -0.00511945 0.0266304 0.00780142 -0.0057971 0.0205479 0.00694006 0.0135593 0.00153509 0.0205556
internal_weight=1215 1136 1101 200 901 585 91 140 68 72 316 58 227 89
internal_count=1215 1136 1101 200 901 585 91 140 68 72 316 58 227 89
is_linear=0
shrinkage=0.05


Tree=21
num_leaves=15
num_cat=1
split_feature=8 12 7 11 11 11 11 7 5 11 11 7 10 11
split_gain=37.1862 17.0213 10.8318 11.7401 9.53554 7.58442 13.8266 12.8107 12.3302 7.83317 12.4214 8.51021 7.38331 5.12785
threshold=0.15165441176470593 -0.021515300460958463 1.5000000000000002 0.69943241849707793 0.84978561355144533 0.50865210223081447 0.96109418277572278 2.5000000000000004 0 0.98731287009808555 0.99728803130978128 2.5000000000000004 1.0000000180025095e-35 0.43275956216002465
decision_type=2 2 2 2 2 2 2 2 1 2 2 2 2 2
left_child=1 2 3 -1 -5 7 8 12 -7 11 -11 -8 -4 -9
right_child=-2 -3 5 4 -6 6 9 13 -10 10 -12 -13 -14 -15
leaf_value=0 -0.0059231099320275985 -0.013892575842252997 1.5243318968183317e-07 1.4468854072635651e-07 7.9518723374305551e-07 -1.232379263236827e-05 -5.0264818826195601e-05 -3.821548779026074e-06 8.5407284384669829e-05 -0.0095928194103125225 0.00028159071535053539 0.00029857151902521476 -2.5038246676167831e-05 0.00032000280712808085
leaf_weight=106 84 30 64 26 58 366 22 189 73 44 32 55 26 36
leaf_count=106 84 30 64 26 58 366 22 189 73 44 32 55 26 36
internal_value=-0.00457921 -0.00217199 -0.00113843 0.00968586 0.0235294 -0.0034141 -0.00674536 0.0028481 -0.01125 0.00616883 -0.00519481 0.0173077 0.0186813 -0.00353982
internal_weight=1211 1127 1097 190 84 907 592 315 439 153 76 77 90 225
internal_count=1211 1127 1097 190 84 907 592 315 439 153 76 77 90 225
cat_boundaries=0 1
cat_threshold=1
is_linear=0
shrinkage=0.05


Tree=22
num_leaves=15
num_cat=1
split_feature=12 12 12 12 12 12 12 12 12 5 12 9 12 12
split_gain=17.3853 7.9862 6.03914 5.71999 10.9811 4.22215 4.29623 3.70644 3.35698 6.2297 5.30443 7.08482 3.32984 2.93022
threshold=-0.038720846584669975 -0.97502841500522164 -0.073092422389869308 -0.14153505243942421 -0.22610730998347078 -0.95744972225749969 -0.59815875725621337 -0.62538740722492581 -0.52705818521824688 0 -0.30900554811238667 2.5000000000000004 -0.40541071103273002 -0.17552498857989962
decision_type=2 2 2 2 2 2 2 2 2 1 2 2 2 2
left_child=1 -1 3 4 5 -3 7 -7 -8 10 12 -12 -10 -6
right_child=-2 2 -4 -5 13 6 8 -9 9 -11 11 -13 -14 -15
leaf_value=1.4481153020051708e-07 -0.010903124072647874 -0.0080600800280352831 0.00029415962905555705 -0.013474190815823947 0.00054673486442979315 0 -0.0091175142514287998 1.1826326661301679e-07 -6.7989642301924396e-06 0.00022031794674759187 0.00012374055247596217 -1.7051957485059168e-05 1.1530274563853471e-06 0.00048293080663370792
leaf_weight=168 41 57 26 38 37 474 58 29 85 46 24 31 60 30
leaf_count=168 41 57 26 38 37 474 58 29 85 46 24 31 60 30
internal_value=-0.000539419 0.000601375 -0.00110442 -0.00175258 -0.000965665 -0.00248555 -0.00154703 0.00128968 -0.00622951 -0.00364372 -0.00746269 -0.0205357 -0.00239726 0.0183824
internal_weight=1204 1163 995 969 931 864 807 503 304 246 200 55 145 67
internal_count=1204 1163 995 969 931 864 807 503 304 246 200 55 145 67
cat_boundaries=0 1
cat_threshold=1
is_linear=0
shrinkage=0.05


Tree=23
num_leaves=15
num_cat=1
split_feature=12 8 3 11 9 9 11 7 11 7 11 11 11 11
split_gain=21.7939 8.15466 15.8088 10.4155 10.1287 11.8333 8.8522 24.6217 21.9436 16.9412 10.8926 12.5439 9.25152 10.078
threshold=-0.021515300460958463 0.075827205882352963 0 0.98731287009808555 5.5000000000000009 2.5000000000000004 0.38564912093021586 1.5000000000000002 0.2219132928352042 1.5000000000000002 0.9700279898265628 0.98443735097190643 0.69943241849707793 0.84978561355144533
decision_type=2 2 1 2 2 2 2 2 2 2 2 2 2 2
left_child=1 6 3 4 5 -3 7 8 -1 12 -11 -12 -8 -14
right_child=-2 2 -4 -5 -6 -7 9 -9 -10 10 11 -13 13 -15
leaf_value=-7.2405765050298503e-09 -0.012652790846507956 -0.0044357125797196062 -0.034489001453039361 -0.0079635077755764901 -0.0075500384844553355 0.00010313018293652277 0 1.838368624385023e-07 0 -1.1010886056406211e-05 0.00025964341651185663 -0.0023467763282585931 5.403558753946936e-07 8.4686507739184522e-07
leaf_weight=28 34 110 21 29 39 114 53 176 21 399 31 65 30 50
leaf_count=28 34 110 21 29 39 114 53 176 21 399 31 65 30 50
internal_value=-0.00112406 4.28449e-05 -0.00684713 -0.00375427 -0.000568182 0.00355556 0.00257611 0.0110619 -0.02 -0.000476948 -0.0047379 0.0103093 0.0152985 0.0259259
internal_weight=1200 1166 313 292 263 224 853 225 49 628 495 96 133 80
internal_count=1200 1166 313 292 263 224 853 225 49 628 495 96 133 80
cat_boundaries=0 1
cat_threshold=1
is_linear=0
shrinkage=0.05


Tree=24
num_leaves=15
num_cat=1
split_feature=12 7 1 9 9 9 11 11 11 11 7 11 7 11
split_gain=17.4175 7.02211 15.5843 10.6389 19.4128 5.59346 5.46913 7.80611 6.27027 5.2284 19.2789 25.4389 15.4421 14.3339
threshold=-0.021515300460958463 6.0000000000000009 0 5.5000000000000009 4.5000000000000009 2.5000000000000004 0.97406437363071496 0.95102128832130872 0.98443735097190643 0.40147311773604405 1.5000000000000002 0.2219132928352042 1.5000000000000002 0.69943241849707793
decision_type=2 2 1 2 2 2 2 2 2 2 2 2 2 2
left_child=1 6 3 4 5 -3 7 9 -8 10 11 -1 13 -11
right_child=-2 2 -4 -5 -6 -7 8 -9 -10 12 -12 -13 -14 -15
leaf_value=-6.8785476758925768e-09 -0.013686817871508151 -0.0055851151231570365 -0.032834626950581286 -0.007172536560232568 0.00028013812114360272 7.7564393905998902e-05 0.00030773801929996072 -1.5648815307978126e-05 0.00034349356507061839 0 1.7464501931852007e-07 0 -1.0372537879266287e-05 6.5543324536676559e-07
leaf_weight=29 32 119 20 45 41 80 30 50 79 48 184 22 367 59
leaf_count=29 32 119 20 45 41 80 30 50 79 48 184 22 367 59
internal_value=-0.000538972 0.000468484 -0.00604575 -0.00297203 0.00124481 -0.00525 0.0027618 0.00125 0.0131818 0.00260563 0.00868644 -0.0182692 -0.000421053 0.0162037
internal_weight=1205 1173 305 285 240 199 868 759 109 709 235 51 474 107
internal_count=1205 1173 305 285 240 199 868 759 109 709 235 51 474 107
cat_boundaries=0 1
cat_threshold=16
is_linear=0
shrinkage=0.05


Tree=25
num_leaves=15
num_cat=0
split_feature=12 11 11 11 7 8 7 9 8 11 7 7 11 11
split_gain=15.8978 7.73269 6.71734 9.70016 9.5361 6.75207 5.36828 5.79489 4.34657 5.41135 19.0203 15.3048 26.6706 11.5025
threshold=-0.038720846584669975 0.99728803130978128 0.98731287009808555 0.96109418277572278 2.5000000000000004 0.15165441176470593 8.5000000000000018 2.5000000000000004 0.075827205882352963 0.40147311773604405 1.5000000000000002 1.5000000000000002 0.2219132928352042 0.69943241849707793
decision_type=2 2 2 2 2 2 2 2 2 2 2 2 2 2
left_child=1 2 3 5 -5 6 8 -8 9 11 13 12 -1 -11
right_child=-2 -3 -4 4 -6 -7 7 -9 -10 10 -12 -13 -14 -15
leaf_value=-6.5346202893223904e-09 -0.01025780373085608 0.00037790582438713695 -0.0099168450155971543 -1.8401861947692223e-05 0.00045907237673707137 -0.0037239282531531196 -0.0042047060241577477 7.2102191323308862e-05 -0.0049244584683951244 0 -9.9417148596181458e-06 1.6591276835176139e-07 0 4.805664193585635e-07
leaf_weight=29 43 29 51 31 48 71 24 33 122 53 372 173 27 61
leaf_count=29 43 29 51 31 48 71 24 33 122 53 372 173 27 61
internal_value=-0.00119863 -4.44444e-05 -0.000729927 0.000143541 0.016875 -0.00124224 -5.58659e-05 0.0146552 -0.00107399 0.000418994 -0.00256674 0.00673913 -0.0157895 0.0152174
internal_weight=1167 1124 1095 1044 79 965 894 57 837 715 486 229 56 114
internal_count=1167 1124 1095 1044 79 965 894 57 837 715 486 229 56 114
is_linear=0
shrinkage=0.05


Tree=26
num_leaves=15
num_cat=1
split_feature=12 7 12 12 7 12 12 5 12 12 12 7 7 9
split_gain=15.2355 5.09074 40.1082 17.5694 21.2494 10.2926 9.10024 7.75189 7.08288 20.2901 11.3559 13.324 12.8467 12.5539
threshold=-0.021515300460958463 1.5000000000000002 -0.97502841500522164 -0.97502841500522164 3.5000000000000004 -0.71464691390916013 -0.52705818521824688 0 -0.27608674622158874 -0.15855351192338588 -0.71464691390916013 2.5000000000000004 2.5000000000000004 5.5000000000000009
decision_type=2 2 2 2 2 2 2 1 2 2 2 2 2 2
left_child=1 2 -1 4 -3 -4 -7 -6 10 -10 12 -12 -5 -13
right_child=-2 3 5 8 7 6 -8 -9 9 -11 11 13 -14 -15
leaf_value=-6.2078892693051559e-09 -0.01248958679138994 1.5761712993667134e-07 0 1.7110684699617185e-06 7.5483837288325975e-05 4.5653809839230068e-07 1.5629342679568393e-06 -0.0053299487524237771 0.00022520053396746787 -0.0066840383643471286 -9.4446291166394594e-06 -1.4369288799598313e-05 -1.7588310370048044e-05 -0.0089355563477633067
leaf_weight=27 27 73 78 95 20 33 55 44 81 85 87 201 248 28
leaf_count=27 27 73 78 95 20 33 55 44 81 85 87 201 248 28
internal_value=-0.00105664 -0.00017301 0.00721649 -0.00166147 0.0148551 0.0164671 0.0280899 -0.00615385 -0.00441889 0.00479042 -0.00674242 -0.0135647 -0.000436047 -0.00717391
internal_weight=1182 1155 193 962 137 166 88 64 825 166 659 316 343 229
internal_count=1182 1155 193 962 137 166 88 64 825 166 659 316 343 229
cat_boundaries=0 1
cat_threshold=4
is_linear=0
shrinkage=0.05


Tree=27
num_leaves=15
num_cat=1
split_feature=12 7 9 9 5 11 7 11 11 11 7 7 11 11
split_gain=22.8642 10.8975 13.0709 16.7943 10.6657 8.08257 19.7682 25.2732 12.7361 6.79538 5.86834 5.83704 5.38708 4.88106
threshold=-0.021515300460958463 6.0000000000000009 5.5000000000000009 2.5000000000000004 0 0.40147311773604405 1.5000000000000002 0.2219132928352042 0.92093717412624365 0.23866392535577388 1.5000000000000002 2.5000000000000004 0.83113983907127353 0.46353310059116132
decision_type=2 2 2 2 1 2 2 2 2 2 2 2 2 2
left_child=1 5 3 12 -5 6 7 -1 -7 -8 -10 -11 13 -3
right_child=-2 2 -4 4 -6 8 9 -9 10 11 -12 -13 -14 -15
leaf_value=-5.8974948036194524e-09 -0.011865107451820445 -0.012574568867191334 -0.0091831262774531141 -0.00383683857212625 7.6370493383343121e-05 0 5.7537299578691585e-07 0 1.4847875545564993e-06 5.0494100529707713e-07 0.00014910890497313591 -0.0038299034850963949 -0.0086562467835776431 0.00078641693009281479
leaf_weight=26 33 40 44 72 62 429 105 26 43 27 156 46 44 42
leaf_count=26 33 40 44 72 62 429 105 26 43 27 156 46 44 42
internal_value=0.000710702 0.00189166 -0.00622951 -0.00191571 0.0103704 0.00477299 0.0127706 -0.0141509 0.0018283 0.0206704 0.01225 0.00878378 -0.0149606 -0.00722892
internal_weight=1195 1162 304 260 134 858 230 52 628 178 199 73 126 82
internal_count=1195 1162 304 260 134 858 230 52 628 178 199 73 126 82
cat_boundaries=0 1
cat_threshold=1
is_linear=0
shrinkage=0.05


Tree=28
num_leaves=15
num_cat=1
split_feature=11 7 11 7 11 11 7 11 11 5 11 11 7 11
split_gain=15.3295 5.22104 10.169 25.7459 28.197 8.74568 7.71071 6.90623 13.9468 6.00413 6.29929 8.30624 5.47997 7.13846
threshold=0.99906486341235867 6.0000000000000009 0.40147311773604405 1.5000000000000002 0.2219132928352042 0.25534383660447135 2.5000000000000004 0.98731287009808555 0.95102128832130872 0 0.7582777201612757 0.59470465775869796 1.5000000000000002 0.92093717412624365
decision_type=2 2 2 2 2 2 2 2 2 1 2 2 2 2
left_child=1 2 3 4 -1 -5 -7 8 9 -3 11 -11 13 -4
right_child=-2 7 12 5 -6 6 -8 -9 -10 10 -12 -13 -14 -15
leaf_value=-5.6026200678793719e-09 -0.0050914210983541491 -0.0057332663177370683 0 5.4660434599673741e-07 0 4.7969395503000278e-07 -0.012678226804404433 -0.0096207731324121429 0.0010761129505320211 -0.0026882989964243324 -0.0064402785397958467 0.00031633761351794188 -8.6717120770185559e-06 1.4105481768278417e-06
leaf_weight=32 42 136 102 110 23 27 44 26 27 52 33 25 476 38
leaf_count=32 42 136 102 110 23 27 44 26 27 52 33 25 476 38
internal_value=-0.000921273 0.000173611 0.00216882 0.0109705 -0.01875 0.0200549 0.00625 -0.0055 -0.00310219 -0.00688259 0.0018018 0.00961538 -0.00121556 0.00744681
internal_weight=1193 1151 852 236 55 181 71 299 273 246 110 77 616 140
internal_count=1193 1151 852 236 55 181 71 299 273 246 110 77 616 140
cat_boundaries=0 1
cat_threshold=1
is_linear=0
shrinkage=0.05


Tree=29
num_leaves=15
num_cat=1
split_feature=11 8 0 11 7 7 7 11 11 11 11 11 11 11
split_gain=13.7564 11.4218 16.4063 8.52603 44.6379 12.8866 8.93212 7.33757 4.81231 4.18476 15.3283 6.69984 3.32117 11.7544
threshold=0.99906486341235867 0.075827205882352963 0 0.25534383660447135 1.5000000000000002 1.5000000000000002 3.5000000000000004 0.69943241849707793 0.84978561355144533 0.69943241849707793 0.78026694822287779 0.3536630217002506 0.96570416579410667 0.95102128832130872
decision_type=2 2 1 2 2 2 2 2 2 2 2 2 2 2
left_child=1 3 -3 4 -1 7 9 -5 -8 11 -11 -7 13 -12
right_child=-2 2 -4 5 -6 6 8 -9 -10 10 12 -13 -14 -15
leaf_value=-5.3224890605996222e-09 -0.011017281024311716 -0.0030710590919126759 -0.030232340381584566 0 5.1927412869634537e-07 -0.0065557632196802107 0.00025767419891819799 7.7331934649205187e-07 0.00032166037263612891 -2.2293418222651963e-05 -8.0252447636874897e-06 2.0591006503145604e-06 0.00020620818127163322 -2.0672684004430232e-05
leaf_weight=36 36 273 22 79 108 38 70 94 53 41 115 150 75 20
leaf_count=36 36 273 22 79 108 38 70 94 53 41 115 150 75 20
internal_value=0.000289017 0.00123404 -0.00726351 0.00409091 0.0151724 0.00190217 -0.0017762 0.0137931 0.0100806 -0.00511364 -0.0093254 0.000529101 -0.00379147 -0.00845588
internal_weight=1210 1174 295 879 144 735 562 173 123 439 251 188 210 135
internal_count=1210 1174 295 879 144 735 562 173 123 439 251 188 210 135
cat_boundaries=0 1
cat_threshold=16
is_linear=0
shrinkage=0.05


Tree=30
num_leaves=15
num_cat=0
split_feature=12 11 11 11 7 11 7 11 8 7 11 9 11 11
split_gain=13.8521 10.6896 6.23708 10.0213 6.12331 4.88109 9.0211 24.8183 10.2368 8.00616 9.7577 9.32766 11.7113 8.82647
threshold=-0.038720846584669975 0.99728803130978128 0.9898958271128977 0.96570416579410667 2.5000000000000004 0.50865210223081447 1.5000000000000002 0.2219132928352042 0.15165441176470593 1.5000000000000002 0.93982124484292628 1.5000000000000002 0.84978561355144533 0.91409412807680501
decision_type=2 2 2 2 2 2 2 2 2 2 2 2 2 2
left_child=1 2 3 5 -5 6 7 -1 -8 13 11 -11 -13 -7
right_child=-2 -3 -4 4 -6 9 8 -9 -10 10 -12 12 -14 -15
leaf_value=-5.0563646047940836e-09 -0.0086127319652112792 0.00067759014405179843 -0.0084084094594674974 8.6735241447402642e-05 0.0002272429862747616 0 4.933104222615281e-07 0 -0.0093883672982858664 -0.0051780943811726241 -3.0151925703558736e-05 -8.1427763378050254e-06 0.00013744160451177324 8.3257214453236195e-07
leaf_weight=28 42 25 49 34 57 83 316 44 33 100 52 221 93 20
leaf_count=28 42 25 49 34 57 83 316 44 33 100 52 221 93 20
internal_value=-4.17362e-05 0.00099481 0.000265252 0.00106285 0.0168478 -0.000403633 0.00367299 -0.0123288 0.007 -0.00342105 -0.00620985 -0.00361446 0.000634921 0.00913462
internal_weight=1197 1155 1130 1081 91 990 421 72 349 569 466 414 314 103
internal_count=1197 1155 1130 1081 91 990 421 72 349 569 466 414 314 103
is_linear=0
shrinkage=0.05


Tree=31
num_leaves=15
num_cat=0
split_feature=12 8 7 11 11 11 11 8 11 7 11 11 7 11
split_gain=19.8105 9.70458 13.0692 6.84098 6.44614 4.40316 9.8047 12.0025 22.1559 8.13387 7.8489 6.34282 5.84557 5.42233
threshold=-0.021515300460958463 0.075827205882352963 3.5000000000000004 0.38564912093021586 0.59470465775869796 0.96570416579410667 0.68702731818199703 0.01516544117647059 0.2219132928352042 1.5000000000000002 0.80133140505178047 0.1712867993320398 2.5000000000000004 0.40147311773604405
decision_type=2 2 2 2 2 2 2 2 2 2 2 2 2 2
left_child=1 2 5 -4 -5 6 7 8 -1 10 -8 -9 -11 -10
right_child=-2 -3 3 4 -6 -7 9 11 13 12 -12 -13 -14 -15
leaf_value=-4.8035463717788223e-09 -0.010035780374835563 -0.003221953815163112 0.00040011999775304565 -3.4679327106379443e-05 0.00028978597806796904 0.00021588083696102436 -3.296054597035081e-08 4.6864490114706396e-07 0 -7.0170023289350963e-06 7.9094353730435607e-07 1.8554844122553594e-07 -2.0771608494629668e-05 0
leaf_weight=27 31 310 37 22 85 99 25 59 27 92 34 210 93 46
leaf_count=27 31 310 37 22 85 99 25 59 27 92 34 210 93 46
internal_value=-0.000250417 0.000814053 0.00355893 0.0172414 0.0106481 0.000771388 -0.000814332 0.00432432 -0.010396 -0.00857143 0.0075 0.00981481 -0.0137097 0.00405405
internal_weight=1197 1166 856 144 107 712 613 369 100 244 59 269 185 73
internal_count=1197 1166 856 144 107 712 613 369 100 244 59 269 185 73
is_linear=0
shrinkage=0.05


Tree=32
num_leaves=15
num_cat=1
split_feature=12 5 12 12 12 7 12 7 8 12 12 8 12 7
split_gain=10.2099 6.0985 5.14312 8.80353 6.43922 10.8434 15.2234 7.75421 7.63876 20.0948 6.54146 5.78211 5.61481 5.4892
threshold=-0.021515300460958463 0 -0.24284072672761456 -0.17552498857989962 -0.63872576220844934 1.5000000000000002 -0.38961601727460732 2.5000000000000004 0.01516544117647059 -0.97502841500522164 -0.52705818521824688 0.15165441176470593 -0.91583036384466876 2.5000000000000004
decision_type=2 1 2 2 2 2 2 2 2 2 2 2 2 2
left_child=1 -1 4 -4 8 6 -6 10 9 -3 -7 -10 -11 -5
right_child=-2 2 3 13 5 7 -8 -9 11 12 -12 -13 -14 -15
leaf_value=0.00024272077798980776 -0.0022194089825066654 -4.5633690493041006e-09 0.00018147743464028699 0.00042713959735877219 -3.1312518666837265e-08 -7.3847874044630226e-06 7.5139636043775049e-07 -0.001304390552804688 3.188112815855071e-07 0 -1.4764571208303323e-05 -0.0049116976257082062 0 -0.0051988654570261309
leaf_weight=73 31 28 50 42 31 25 21 178 508 25 50 55 67 58
leaf_count=73 31 28 50 42 31 25 21 178 508 25 50 55 67 58
internal_value=-0.00181014 -0.00107261 -0.00197542 0.00662252 -0.00328615 -0.00931373 0.0113208 -0.0135827 -0.000584795 -0.0119835 -0.0269737 0.0018617 -0.000537634 -0.0019802
internal_weight=1242 1211 1138 150 988 305 52 253 683 120 75 563 92 100
internal_count=1242 1211 1138 150 988 305 52 253 683 120 75 563 92 100
cat_boundaries=0 1
cat_threshold=2
is_linear=0
shrinkage=0.05


Tree=33
num_leaves=15
num_cat=0
split_feature=12 12 12 8 8 12 12 8 12 8 12 8 12 12
split_gain=16.7863 9.62259 9.90308 18.1467 16.6271 8.20218 5.34742 4.68301 5.19119 17.889 20.3842 6.94403 6.66838 6.66571
threshold=-0.021515300460958463 -0.30900554811238667 -0.15855351192338588 0.036764705882352949 0.075827205882352963 -0.22610730998347078 -0.073092422389869308 0.15165441176470593 -0.71464691390916013 0.01516544117647059 -0.97502841500522164 0.075827205882352963 -0.74979862697202038 -0.91583036384466876
decision_type=2 2 2 2 2 2 2 2 2 2 2 2 2 2
left_child=1 7 3 5 6 -3 -4 8 9 10 -1 12 13 -11
right_child=-2 2 4 -5 -6 -7 -8 -9 -10 11 -12 -13 -14 -15
leaf_value=-4.3352005985042298e-09 -0.0077563543396428573 -1.7665373341652079e-05 -0.0039260473934183138 0.00058048867191814459 -0.0081447200846130659 0.0003368756337775003 0.00055826271618812933 -0.0038254710059756783 -4.7079529722493518e-06 4.2927209201182315e-07 0 -0.0027493471620328616 0.00057878018632370189 1.9062621105403467e-06
leaf_weight=31 30 24 37 77 24 22 31 70 339 193 74 117 24 145
leaf_count=31 30 24 37 77 24 22 31 70 339 193 74 117 24 145
internal_value=0.000847458 0.00177833 0.0113426 0.0205645 -0.00107527 -0.00425532 0.0115942 -0.000301811 0.000649351 0.00350427 -0.0150943 0.00760417 0.0110193 0.00914454
internal_weight=1238 1208 215 123 92 46 68 993 923 584 105 479 362 338
internal_count=1238 1208 215 123 92 46 68 993 923 584 105 479 362 338
is_linear=0
shrinkage=0.05


Tree=34
num_leaves=15
num_cat=2
split_feature=12 11 8 11 0 11 11 5 11 11 11 11 11 11
split_gain=10.6991 7.77471 8.98768 22.3775 20.3071 11.1581 8.22053 7.48722 6.15964 5.42592 5.2135 5.19429 15.0575 18.0932
threshold=-0.021515300460958463 0.10309787846944714 0.02251838235294118 0.69943241849707793 0 0.15430310492919616 0.84978561355144533 1 0.25534383660447135 0.051617755185161811 0.93982124484292628 0.99728803130978128 0.98731287009808555 0.96570416579410667
decision_type=2 2 2 2 1 2 2 1 2 2 2 2 2 2
left_child=1 9 3 8 5 -4 -5 -7 -3 -1 -8 12 13 -9
right_child=-2 2 4 6 -6 7 10 11 -10 -11 -12 -13 -14 -15
leaf_value=4.0780848741261978e-07 -0.0012112455848787675 -4.1184405663585726e-09 7.5262582768242944e-07 6.3209090205851312e-07 -0.027752787812714747 0.00028765394236139884 -6.47755583884635e-06 -2.3141319849928624e-06 0 -1.7828234932792953e-08 0.00020897016361636213 0.00086494673204305932 -0.011059414627971283 0.0002412818891573021
leaf_weight=29 30 20 34 35 21 58 21 658 79 43 31 27 43 64
leaf_count=29 30 20 34 35 21 58 21 658 79 43 31 27 43 64
internal_value=-4.1876e-05 0.000730241 0.00178571 0.0117647 -0.000275938 0.000903955 0.0301136 -0.000235018 -0.0045 -0.0150685 0.0169811 -0.00151324 -0.0022846 -0.00055325
internal_weight=1193 1163 1091 186 905 884 87 850 99 72 52 792 765 722
internal_count=1193 1163 1091 186 905 884 87 850 99 72 52 792 765 722
cat_boundaries=0 1 2
cat_threshold=16 2
is_linear=0
shrinkage=0.05


Tree=35
num_leaves=15
num_cat=1
split_feature=12 11 5 11 11 10 11 11 11 11 11 11 11 11
split_gain=13.551 10.9993 5.71873 6.62155 7.39477 6.0421 5.68997 5.62926 5.10171 5.52562 5.53787 8.75139 4.33497 3.32242
threshold=-0.021515300460958463 0.10309787846944714 0 0.96570416579410667 0.83113983907127353 1.0000000180025095e-35 0.98443735097190643 0.051617755185161811 0.98731287009808555 0.95102128832130872 0.79091635943066529 0.59470465775869796 0.36971084796686632 0.97406437363071496
decision_type=2 2 1 2 2 2 2 2 2 2 2 2 2 2
left_child=1 7 3 4 5 -3 13 -1 9 10 11 12 -4 -5
right_child=-2 2 8 6 -6 -7 -8 -9 -10 -11 -12 -13 -14 -15
leaf_value=-2.4508864937544672e-08 -0.0056413077760911869 0 0.00064670091216328669 0.0001235791812604803 -6.1536780469051422e-06 -6.330988528702175e-06 0.00019852165543554623 -1.6936823188373753e-08 -0.0035662835105113701 0.00097318465947602575 -0.0026544306240683883 0.00087266740338380058 -8.0484909647837724e-05 0.00030958334390780999
leaf_weight=29 31 407 36 21 184 157 85 42 20 22 42 38 38 31
leaf_count=29 31 407 36 21 184 157 85 42 20 22 42 38 38 31
internal_value=-0.000717905 0.000173461 0.00143253 -0.000282167 -0.00213618 0.000707965 0.00978261 -0.01875 0.00913706 0.0118644 0.0083871 0.0141593 0.004 0.0226415
internal_weight=1183 1152 1081 885 748 564 137 71 196 176 154 112 74 52
internal_count=1183 1152 1081 885 748 564 137 71 196 176 154 112 74 52
cat_boundaries=0 1
cat_threshold=1
is_linear=0
shrinkage=0.05


Tree=36
num_leaves=15
num_cat=2
split_feature=12 11 11 11 11 11 11 9 11 5 11 11 9 5
split_gain=10.2253 9.61038 12.0465 6.20195 7.26584 8.34559 7.6541 5.52486 5.02109 4.00915 3.80845 3.56052 2.93459 6.01221
threshold=-0.021515300460958463 0.10309787846944714 0.40147311773604405 0.99728803130978128 0.9898958271128977 0.97406437363071496 0.76938632707879184 1.0000000180025095e-35 0.7236172338812249 0 0.69943241849707793 0.36971084796686632 5.5000000000000009 1
decision_type=2 2 2 2 2 2 2 2 2 1 2 2 2 1
left_child=1 -1 9 4 5 6 8 -8 10 11 -4 -3 13 -9
right_child=-2 2 3 -5 -6 -7 7 12 -10 -11 -12 -13 -14 -15
leaf_value=-1.608998202451417e-08 -0.0086925755219378117 1.1203318731056733e-07 0 0.00047717616100479424 -0.0092948301314053957 0.0003685642448493676 -0.0083692194277937334 -4.0491648220397637e-06 7.9484621300718325e-05 0.00062682497689671717 -6.330988528702175e-06 0.00042219099596715328 -0.0084206196475010379 0.00053007176933443374
leaf_weight=71 23 190 276 37 42 67 34 204 58 40 25 22 45 49
leaf_count=71 23 190 276 37 42 67 34 204 58 40 25 22 45 49
internal_value=0.00105574 0.00172265 0.00288991 0 -0.00093633 0.000197628 -0.00144509 -0.00690691 0.00361111 0.0124506 0.000993377 0.00962441 -0.00468227 -0.00255906
internal_weight=1183 1160 1089 837 800 758 691 332 359 252 301 212 298 253
internal_count=1183 1160 1089 837 800 758 691 332 359 252 301 212 298 253
cat_boundaries=0 1 2
cat_threshold=1 1
is_linear=0
shrinkage=0.05


Tree=37
num_leaves=15
num_cat=0
split_feature=8 11 11 8 11 11 11 8 11 8 11 8 8 11
split_gain=7.04066 6.12186 18.3453 5.71037 7.76629 7.82405 6.14179 7.28677 4.65559 12.503 12.9906 7.85784 7.51567 13.5025
threshold=0.075827205882352963 0.98731287009808555 0.95619940680887117 0.051470588235294122 0.38564912093021586 0.55241485047541383 0.99728803130978128 0.036764705882352949 0.69943241849707793 0.01516544117647059 0.1712867993320398 0.02251838235294118 0.036764705882352949 0.89959754652979684
decision_type=2 2 2 2 2 2 2 2 2 2 2 2 2 2
left_child=3 2 -2 6 -5 -6 8 -8 9 10 -1 -10 -13 -14
right_child=1 -3 -4 4 5 -7 7 -9 11 -11 -12 12 13 -15
leaf_value=-9.5141779121732387e-09 -0.002956526807906007 -0.0071783686283683314 0.0010675695622792969 0.00024708186033924886 -4.8746898585472209e-05 0.00021377342725393823 0.00016473676461352673 -0.0082579467458409224 9.1703578338764311e-07 3.6457553666546795e-07 0 -6.0144391022642914e-06 -0.0094027445621316773 0.00011760268043855549
leaf_weight=20 243 32 27 40 20 95 27 22 81 281 77 122 60 63
leaf_count=20 243 32 27 40 20 95 27 22 81 281 77 122 60 63
internal_value=-0.000330306 -0.00693069 -0.00442804 0.00187019 0.0105769 0.00387931 6.6313e-05 0.017 -0.00113475 0.00263852 -0.0127551 -0.00550459 -0.00995935 -0.00120968
internal_weight=1210 302 270 908 155 115 753 49 704 378 97 326 245 123
internal_count=1210 302 270 908 155 115 753 49 704 378 97 326 245 123
is_linear=0
shrinkage=0.05


Tree=38
num_leaves=15
num_cat=0
split_feature=12 12 7 7 7 12 12 12 9 12 12 7 12 12
split_gain=10.4313 9.99423 13.3702 7.80247 4.45597 6.84055 4.83958 4.47262 5.54108 4.3847 8.0015 6.72048 22.8716 16.0197
threshold=-0.99463397642532658 -0.97106408147883394 1.5000000000000002 6.0000000000000009 1.5000000000000002 -0.95744972225749969 -0.20930689276358339 -0.52705818521824688 3.5000000000000004 -0.63872576220844934 -0.52705818521824688 2.5000000000000004 -0.22610730998347078 -0.021515300460958463
decision_type=2 2 2 2 2 2 2 2 2 2 2 2 2 2
left_child=-1 2 -2 -4 6 -6 7 8 -3 -7 -11 12 -12 -13
right_child=1 4 3 -5 5 9 -8 -9 -10 10 11 13 -14 -15
leaf_value=-3.3514259756284304e-08 -9.0384690176748002e-09 0 4.0475217754631923e-07 0.00073358487730681434 -0.011953300482886765 0.00012296083880451169 0.0010581138470055153 -5.6893876926200628e-06 3.1654942643788432e-07 -0.0075506909566822296 -3.5459846258190098e-06 0.00018169346840551936 6.7149252556361624e-05 -0.0078450494085488768
leaf_weight=62 21 63 69 34 34 382 21 40 45 86 57 251 42 23
leaf_count=62 21 63 69 34 34 382 21 40 45 86 57 251 42 23
internal_value=0.00077173 0.00183918 0.0152 0.0225962 0.000239234 -0.00119863 0.00764706 0.00436242 0.00963303 -0.000296912 -0.00358696 -0.00040107 -0.0115 0.00363636
internal_weight=1230 1168 124 103 1044 875 169 148 108 841 459 373 99 274
internal_count=1230 1168 124 103 1044 875 169 148 108 841 459 373 99 274
is_linear=0
shrinkage=0.05


Tree=39
num_leaves=15
num_cat=1
split_feature=11 5 7 7 11 11 7 11 11 7 11 11 11 11
split_gain=4.47737 11.6123 10.2677 9.55364 14.8474 5.40043 3.42562 4.23011 9.92078 5.17264 26.3215 9.83416 9.80765 9.86062
threshold=0.23866392535577388 0 6.0000000000000009 1.5000000000000002 0.10309787846944714 0.53798524335129227 1.5000000000000002 0.80133140505178047 0.84978561355144533 2.5000000000000004 0.97406437363071496 0.98731287009808555 0.95619940680887117 0.87585926134142889
decision_type=2 1 2 2 2 2 2 2 2 2 2 2 2 2
left_child=1 2 3 -1 -5 -2 -7 -8 -9 10 -10 12 13 -11
right_child=5 -3 -4 4 -6 6 7 8 9 11 -12 -13 -14 -15
leaf_value=-8.5865455634603901e-09 -7.2046605518183429e-07 0.00070196997662241303 -0.011095995846995461 -3.183854676569453e-08 3.2610915095543372e-07 3.0072195511543498e-07 0.00024243284453721037 -0.0097424744463915254 -1.2687075070161314e-05 0.00082918573013087695 6.3791789928543949e-05 -0.006379864167187211 0.00042547728822366906 -0.0011522960880481548
leaf_weight=33 262 32 27 39 55 120 229 52 50 24 37 91 66 96
leaf_count=33 262 32 27 39 55 120 229 52 50 24 37 91 66 96
internal_value=-0.000700165 0.00641711 0.000645161 0.00664063 0.0147368 -0.00199416 0.000130548 -0.00131579 -0.00431655 -0.00136986 -0.0119318 0.00197842 0.00855615 0
internal_weight=1213 186 154 127 94 1027 765 645 416 364 87 277 186 120
internal_count=1213 186 154 127 94 1027 765 645 416 364 87 277 186 120
cat_boundaries=0 1
cat_threshold=1
is_linear=0
shrinkage=0.05


Tree=40
num_leaves=15
num_cat=0
split_feature=11 7 7 11 7 11 11 11 7 11 11 12 11 11
split_gain=5.3597 10.7036 10.0523 18.4053 8.74117 15.5855 12.9656 7.58236 4.96878 14.3924 11.7901 9.45854 4.4424 4.18286
threshold=0.25534383660447135 6.0000000000000009 1.5000000000000002 0.10309787846944714 1.5000000000000002 0.49375726027723293 0.97781212113892935 0.47871610739127696 2.5000000000000004 0.97406437363071496 0.84978561355144533 -0.021515300460958463 0.60845433159412521 0.40147311773604405
decision_type=2 2 2 2 2 2 2 2 2 2 2 2 2 2
left_child=1 2 -1 -4 5 -2 12 13 9 10 -9 -10 -7 -6
right_child=4 -3 3 -5 7 6 -8 8 11 -11 -12 -13 -14 -15
leaf_value=-8.157218289728263e-09 3.6023302757426379e-08 -0.004364936007953896 -3.0246619431295585e-08 6.5462103367996968e-07 -0.003181212280807122 -1.5036097755771749e-08 0.00029716945236969998 -1.8279226117157156e-05 0.00014699237571054737 0.00010334197715454741 -1.1433362743007436e-05 -0.007133803729762073 -1.5036097755771749e-08 -1.9105073203318225e-05
leaf_weight=31 32 53 44 70 109 22 22 78 481 38 57 22 82 56
leaf_count=31 32 53 44 70 109 22 22 78 481 38 57 22 82 56
internal_value=-0.000459098 0.00703518 0.0140411 0.0208696 -0.00195 0.00880503 0.000787402 -0.00397862 -0.00162482 -0.00890805 -0.0165441 0.000892857 -0.00666667 -0.0135542
internal_weight=1197 198 145 114 999 158 126 841 676 173 135 503 104 165
internal_count=1197 198 145 114 999 158 126 841 676 173 135 503 104 165
is_linear=0
shrinkage=0.05


Tree=41
num_leaves=15
num_cat=1
split_feature=8 9 5 11 11 7 11 11 7 9 11 11 11 11
split_gain=3.30489 4.31714 3.09342 6.07883 2.99054 8.75586 3.05069 8.96313 4.70862 14.3858 10.4603 9.8186 8.41022 11.2281
threshold=0.15165441176470593 1.5000000000000002 0 0.40147311773604405 0.99728803130978128 2.5000000000000004 0.80133140505178047 0.78026694822287779 2.5000000000000004 1.5000000000000002 0.84978561355144533 0.97781212113892935 0.98127012181273632 0.96109418277572278
decision_type=2 2 1 2 2 2 2 2 2 2 2 2 2 2
left_child=2 -2 3 -1 6 -6 7 -4 9 -8 -10 -11 13 -12
right_child=1 -3 4 -5 5 -7 8 -9 10 11 12 -13 -14 -15
leaf_value=0.00035051071328849327 -0.0084222439494857759 -0.0010895261903312026 1.4129215242242311e-09 3.4409536507987175e-05 8.8720725316338014e-05 -0.0067771135432739688 0.00042169502452307219 0.00036048215274939735 -0.0067146218249768963 -5.8205245319076226e-06 4.4515571968045677e-05 9.8174878296819482e-05 -0.00056482394197674422 0.00065901377466688344
leaf_weight=20 26 67 590 56 25 34 42 26 25 85 104 29 38 32
leaf_count=20 26 67 590 56 25 34 42 26 25 85 104 29 38 32
internal_value=-4.16667e-05 -0.00904255 0.000722674 0.0103896 0 0.0108333 -0.000668724 0.00145867 -0.00435393 -0.010828 0.00075 -0.02 0.00514286 0.0109489
internal_weight=1199 93 1106 76 1030 59 971 616 355 156 199 114 174 136
internal_count=1199 93 1106 76 1030 59 971 616 355 156 199 114 174 136
cat_boundaries=0 1
cat_threshold=2
is_linear=0
shrinkage=0.05


Tree=42
num_leaves=15
num_cat=0
split_feature=11 7 7 11 11 11 7 7 11 11 11 11 11 11
split_gain=5.00858 19.914 5.62689 6.57383 4.26708 3.99514 3.84843 3.72384 4.71009 12.5268 9.31607 11.9066 9.87009 8.89529
threshold=0.40147311773604405 6.0000000000000009 4.5000000000000009 0.10309787846944714 0.2219132928352042 0.96570416579410667 8.5000000000000018 2.5000000000000004 0.6486055352228246 0.7469444191903023 0.84978561355144533 0.80133140505178047 0.87585926134142889 0.90698021620945046
decision_type=2 2 2 2 2 2 2 2 2 2 2 2 2 2
left_child=1 2 3 -1 -3 7 -7 -2 -9 -10 11 -11 -12 -14
right_child=5 4 -4 -5 -6 6 -8 8 9 10 12 -13 13 -15
leaf_value=-2.4182946567474774e-08 -1.8716372772731305e-06 -0.002056365014812267 0.0003329851776240678 2.7700199564661965e-07 -0.0080293109759217007 8.428468905052334e-05 -0.0041307593724179024 -2.8872654201150816e-05 0.00051061490593903305 0.00069320858889258547 0.00077815104624039957 -0.0087067377849107952 -0.0069734418175025018 4.2478342777901856e-05
leaf_weight=40 261 45 20 172 45 173 25 147 63 38 28 35 24 82
leaf_count=40 261 45 20 172 45 173 25 147 63 38 28 35 24 82
internal_value=0.000250209 0.00557276 0.0133047 0.0107981 -0.0142857 -0.00171038 0.00452261 -0.00353461 -0.000598086 0.00332103 -0.00264423 -0.0168919 0.00518519 -0.00186916
internal_weight=1198 322 232 212 90 876 198 678 417 270 207 73 134 106
internal_count=1198 322 232 212 90 876 198 678 417 270 207 73 134 106
is_linear=0
shrinkage=0.05


Tree=43
num_leaves=15
num_cat=1
split_feature=8 1 11 11 11 9 11 11 11 11 11 11 8 11
split_gain=13.5494 19.01 11.1362 22.1381 15.3882 7.05754 5.89905 23.5296 7.96289 6.71947 12.2402 7.13822 5.88935 4.8363
threshold=0.02251838235294118 0 0.7236172338812249 0.2219132928352042 0.97781212113892935 3.5000000000000004 0.23866392535577388 0.10309787846944714 0.051617755185161811 0.95102128832130872 0.80133140505178047 0.78026694822287779 0.036764705882352949 0.98127012181273632
decision_type=2 1 2 2 2 2 2 2 2 2 2 2 2 2
left_child=2 6 3 -1 5 -4 7 8 -2 10 11 -8 -9 -11
right_child=1 -3 4 -5 -6 -7 9 12 -10 13 -12 -13 -14 -15
leaf_value=-2.1670103234061602e-08 5.4954637124238204e-07 -0.025323665774203776 -3.3403695723244199e-06 1.1445885411132118e-07 0.00027318800138385061 -5.65553053722967e-06 -3.1548269320724744e-06 2.6315189586290091e-07 -7.3861695959465131e-08 4.0165876230746637e-05 -0.0021506831468598333 0.0010773634919201108 8.5168994687062638e-05 4.678483085604479e-05
leaf_weight=30 22 20 35 85 24 20 423 22 35 78 202 26 61 130
leaf_count=30 22 20 35 85 24 20 423 22 35 78 202 26 61 130
internal_value=0.001771 -0.000539216 0.0138462 0.0237069 -0.000625 -0.0151786 0.00045 0.00992908 -0.0146552 -0.00110465 -0.00360429 0.001 0.0267857 0.00669856
internal_weight=1213 1019 194 115 79 55 999 140 57 859 651 449 83 208
internal_count=1213 1019 194 115 79 55 999 140 57 859 651 449 83 208
cat_boundaries=0 1
cat_threshold=16
is_linear=0
shrinkage=0.05


Tree=44
num_leaves=15
num_cat=0
split_feature=7 11 11 11 11 9 9 9 9 7 9 7 9 7
split_gain=9.68235 15.2099 29.3204 12.5971 11.527 6.49247 5.76395 13.9363 5.47468 9.10737 17.2164 8.1557 13.9003 7.5392
threshold=1.5000000000000002 0.7236172338812249 0.2219132928352042 0.97406437363071496 0.6486055352228246 3.5000000000000004 5.5000000000000009 3.5000000000000004 5.5000000000000009 3.5000000000000004 4.5000000000000009 2.5000000000000004 2.5000000000000004 6.0000000000000009
decision_type=2 2 2 2 2 2 2 2 2 2 2 2 2 2
left_child=1 2 -1 5 8 -3 7 -6 9 10 11 12 -2 -10
right_child=4 3 -4 -5 6 -7 -8 -9 13 -11 -12 -13 -14 -15
leaf_value=-2.0586598070693186e-08 2.499943010714212e-07 -3.1733510937104196e-06 1.2201041270087922e-07 0.00025952860131465695 -2.7021164061147298e-05 -5.3727540103687417e-06 -0.0041402354418000886 0.00032605844220781057 0.00031108942183865067 -3.3742475032427778e-05 -2.3669012062532691e-05 -4.2534418472128802e-06 -7.0168611165932765e-08 -0.0049937697349578709
leaf_weight=30 45 41 84 20 310 24 74 163 46 169 43 89 35 20
leaf_count=30 45 41 84 20 310 24 74 163 46 169 43 89 35 20
internal_value=0.000711893 0.01075 0.0226087 -0.00523256 -0.00130653 -0.0159091 0.00355839 0.00559072 -0.00725446 -0.00955497 -0.0164319 -0.00911765 0.00246914 0.00597015
internal_weight=1193 199 114 85 994 65 547 473 447 381 212 169 80 66
internal_count=1193 199 114 85 994 65 547 473 447 381 212 169 80 66
is_linear=0
shrinkage=0.05


Tree=45
num_leaves=15
num_cat=1
split_feature=7 0 12 12 12 12 7 12 12 12 12 9 12 7
split_gain=13.1688 20.834 11.7983 22.0752 7.77381 4.26731 10.172 7.44628 9.6026 8.77188 19.2707 18.902 6.43437 5.22191
threshold=1.5000000000000002 0 -0.97502841500522164 -0.69014782361074134 -0.20930689276358339 -0.15855351192338588 2.5000000000000004 -0.25950218452349672 -0.34155811708470757 -0.52705818521824688 -0.59815875725621337 2.5000000000000004 -0.62538740722492581 2.5000000000000004
decision_type=2 1 2 2 2 2 2 2 2 2 2 2 2 2
left_child=2 5 -1 -4 -5 7 -7 8 9 10 12 -11 -2 -9
right_child=1 -3 3 4 -6 6 -8 13 -10 11 -12 -13 -14 -15
leaf_value=-1.9557268171599419e-08 -5.0907185833448666e-08 -0.024055795361741968 1.1590989206777814e-07 -3.4377834022047974e-06 0.00024655217124892604 4.5796647516299639e-05 -0.0064434602839025419 -0.00011472412547988143 -4.6144033788897425e-05 -0.0066912825150883372 -0.0079744439009918257 0.00030975552009742118 0.00096849251076114307 0.00067556937182282621
leaf_weight=30 551 23 81 62 21 27 81 20 53 48 50 80 25 46
leaf_count=30 551 23 81 62 21 27 81 20 53 48 50 80 25 46
internal_value=0.000417014 -0.00189055 0.0123077 0.0175758 -0.000595238 -0.000763747 -0.0100917 0.000400458 -0.000928218 0.000529801 -0.00191388 0.0124031 0.000693241 0.0164179
internal_weight=1198 1004 194 164 83 981 108 873 807 754 626 128 576 66
internal_count=1198 1004 194 164 83 981 108 873 807 754 626 128 576 66
cat_boundaries=0 1
cat_threshold=16
is_linear=0
shrinkage=0.05


Tree=46
num_leaves=15
num_cat=1
split_feature=11 5 8 11 11 8 11 8 11 11 9 11 11 11
split_gain=4.54395 9.55571 6.13196 9.10595 6.63134 8.66759 5.84044 4.12178 16.4187 12.9905 6.03412 5.76009 12.4758 5.37355
threshold=0.32125776158017871 0 0.036764705882352949 0.2219132928352042 0.10309787846944714 0.051470588235294122 0.15430310492919616 0.02251838235294118 0.7236172338812249 0.97781212113892935 2.5000000000000004 0.84978561355144533 0.92093717412624365 0.99728803130978128
decision_type=2 1 2 2 2 2 2 2 2 2 2 2 2 2
left_child=1 2 3 6 -4 -6 -1 8 -2 -10 -9 -12 -13 -14
right_child=7 -3 4 -5 5 -7 -8 10 9 -11 11 12 13 -15
leaf_value=-1.5261112795705857e-08 6.1607966977961226e-08 0.00042188590812632933 1.9131474923161918e-07 0.00040300376324876045 -4.0382243955638946e-06 -0.0086460021168652951 -4.8361826543441566e-08 -0.00017109759054448893 -4.3112911129128411e-06 0.00023422456268648031 -2.9910317956183265e-06 0.00030438302040756705 -1.5623646307250105e-05 0.0017051739873410133
leaf_weight=43 70 39 29 29 37 40 20 337 60 22 250 65 110 33
leaf_count=43 70 39 29 29 37 40 20 337 60 22 250 65 110 33
internal_value=8.43882e-05 -0.00609244 -0.0105528 -0.00107527 -0.0186916 -0.0262821 -0.0117188 0.00163502 0.00915033 -0.0060241 0.000188442 0.00392157 0.0100478 0.00173611
internal_weight=1184 237 198 92 106 77 63 947 152 82 795 458 208 143
internal_count=1184 237 198 92 106 77 63 947 152 82 795 458 208 143
cat_boundaries=0 1
cat_threshold=1
is_linear=0
shrinkage=0.05


Tree=47
num_leaves=15
num_cat=1
split_feature=8 7 11 11 11 5 10 11 11 11 11 11 11 11
split_gain=10.2112 5.24405 13.8112 17.326 12.1802 5.69743 5.23557 5.14974 4.94489 6.8746 8.45708 6.87501 5.69932 4.24021
threshold=0.15165441176470593 1.5000000000000002 0.38564912093021586 0.7236172338812249 0.97781212113892935 0 1.0000000180025095e-35 0.2219132928352042 0.66161011071130948 0.93380263866670565 0.96570416579410667 0.90698021620945046 0.98443735097190643 0.87585926134142889
decision_type=2 2 2 2 2 1 2 2 2 2 2 2 2 2
left_child=1 2 -1 6 -5 8 -4 -7 -3 11 -11 13 -12 -10
right_child=-2 5 3 4 -6 7 -8 -9 9 10 12 -13 -14 -15
leaf_value=-5.9996238976900436e-09 -0.0048812232028484061 -2.5489852385818249e-06 9.1206527796927622e-08 -3.0705277779152775e-06 0.00022251333455215462 0.00061717503576527721 4.0775595423481197e-07 0.00026230883037535734 0.00022410545632111647 -2.6124429057605704e-05 0.0001023308514159882 0.00027904859307217313 -0.0057144539045844659 -0.0071359691379620565
leaf_weight=50 88 357 40 55 21 20 22 129 169 47 41 32 88 27
leaf_count=50 88 357 40 55 21 20 22 129 169 47 41 32 88 27
internal_value=0.00168492 0.00300273 0.010582 0.018705 0.0025974 0.001427 0.0380952 0.0103333 -0.000328084 0.00345679 -0.0039548 0.00917031 0.00269231 0.00558376
internal_weight=1186 1098 188 138 76 910 62 149 761 404 176 228 129 196
internal_count=1186 1098 188 138 76 910 62 149 761 404 176 228 129 196
cat_boundaries=0 1
cat_threshold=1
is_linear=0
shrinkage=0.05


Tree=48
num_leaves=15
num_cat=2
split_feature=8 0 12 11 11 11 11 11 11 5 11 11 8 11
split_gain=9.74453 19.4511 13.5492 6.79047 10.9509 23.1156 9.09613 6.7223 6.25016 7.24976 6.88171 6.68299 8.49483 7.30503
threshold=0.036764705882352949 0 -0.021515300460958463 0.68702731818199703 0.97406437363071496 0.95102128832130872 0.52339621958889315 0.78026694822287779 0.66161011071130948 1 0.2219132928352042 0.085961614525331076 0.051470588235294122 0.30490993010465889
decision_type=2 1 2 2 2 2 2 2 2 1 2 2 2 2
left_child=3 2 8 6 5 7 -1 -5 9 11 -11 -2 13 -13
right_child=1 -3 -4 4 -6 -7 -8 -9 -10 10 -12 12 -14 -15
leaf_value=8.1505526711156412e-08 1.0275786989311087e-06 -0.022176644327669182 -0.0058270096949509659 -2.9170013890245098e-06 0.00033778438989693352 -1.3536242539002874e-05 5.3967242241714788e-08 3.507783388034813e-05 0.00026509616341856556 0.00093341463046550113 -7.2171511695073856e-05 -3.708863913853833e-06 -2.2675633415503163e-05 -1.6056297829214473e-05
leaf_weight=170 26 21 21 48 58 25 65 101 368 31 70 42 93 69
leaf_count=170 26 21 21 48 58 25 65 101 368 31 70 42 93 69
internal_value=0.00215054 -0.00141509 0 0.00779915 0.00171674 -0.00457143 0.0137712 0.003 0.00121429 -0.00376506 0.00735294 -0.00865801 -0.0117073 -0.0209821
internal_weight=1208 741 720 467 232 174 235 149 699 331 101 230 204 111
internal_count=1208 741 720 467 232 174 235 149 699 331 101 230 204 111
cat_boundaries=0 1 2
cat_threshold=16 1
is_linear=0
shrinkage=0.05


Tree=49
num_leaves=15
num_cat=1
split_feature=7 12 12 12 9 12 9 9 5 12 7 12 12 7
split_gain=10.932 8.29868 9.82632 26.685 8.56475 7.66687 6.75712 7.24846 15.8913 12.1831 6.4403 5.33518 5.19658 4.72024
threshold=2.5000000000000004 -0.055914918885874035 -0.30900554811238667 -0.22610730998347078 4.5000000000000009 -0.038720846584669975 2.5000000000000004 5.5000000000000009 0 -0.70250145193066571 6.0000000000000009 -0.38961601727460732 -0.51235243343851777 3.5000000000000004
decision_type=2 2 2 2 2 2 2 2 1 2 2 2 2 2
left_child=1 2 4 -4 -1 6 13 8 -8 -10 -9 12 -11 -2
right_child=5 -3 3 -5 -6 -7 7 10 9 11 -12 -13 -14 -15
leaf_value=8.2570925075131648e-08 -0.0087429963949009707 0.00032089517040208575 -2.41413954777725e-05 0.0001200383801927496 -5.6960918623838456e-06 -0.0055356592102034172 0.00098112140558357383 0.00029725654113322289 -1.5253482937749308e-05 0.00038911870265911919 -0.0046798838102665328 1.2994457595577603e-05 0.00038991944417047234 -5.5183829023552901e-05
leaf_weight=265 105 20 28 46 117 28 63 56 121 38 52 55 24 189
leaf_count=265 105 20 28 46 117 28 63 56 121 38 52 55 24 189
internal_value=0.00144868 0.00733753 0.0059081 -0.0106667 0.00913838 -0.00239071 -0.00134943 0.00280488 0.00678808 0.00083682 -0.00825688 0.0122881 0.0222222 -0.00711864
internal_weight=1207 476 456 74 382 731 703 409 301 238 108 117 62 294
internal_count=1207 476 456 74 382 731 703 409 301 238 108 117 62 294
cat_boundaries=0 1
cat_threshold=4
is_linear=0
shrinkage=0.05


Tree=50
num_leaves=15
num_cat=0
split_feature=7 12 9 11 11 9 11 11 11 11 11 11 11 7
split_gain=5.1375 6.99883 5.89715 6.87422 10.2414 10.2082 8.11721 6.21709 5.8507 8.59173 7.82742 23.721 6.08774 5.35606
threshold=2.5000000000000004 -0.038720846584669975 5.5000000000000009 0.63540876391619916 0.18821973775956946 3.5000000000000004 0.7469444191903023 0.86742422337961667 0.68702731818199703 0.52339621958889315 0.97406437363071496 0.95102128832130872 0.81150899888343053 6.0000000000000009
decision_type=2 2 2 2 2 2 2 2 2 2 2 2 2 2
left_child=8 2 3 4 -2 6 13 -8 9 -1 11 12 -10 -5
right_child=1 -3 -4 5 -6 -7 7 -9 10 -11 -12 -13 -14 -15
leaf_value=7.3301704123229783e-08 0.00023668183173985449 -0.0052588762496932452 -0.0052249884333588938 0.0011646167689975896 -2.9879349252137644e-05 0.00044108441677261637 -0.0063753786732816233 0.00023594654160575269 -2.7752798658187141e-06 6.4756298473467313e-08 0.00030485041188198225 -2.2934325703882763e-05 3.3319813640075857e-05 -0.00082298538002406889
leaf_weight=173 61 25 104 30 211 112 41 125 64 68 63 25 81 22
leaf_count=173 61 25 104 30 211 112 41 125 64 68 63 25 81 22
internal_value=0.00310945 0.000478142 0.00141443 0.00331675 -0.0025641 0.0081571 0.00182648 -0.00359281 0.00715789 0.0126033 0.00149573 -0.00409357 0.00376712 0.0188679
internal_weight=1205 731 706 602 272 330 218 166 474 241 233 170 145 52
internal_count=1205 731 706 602 272 330 218 166 474 241 233 170 145 52
is_linear=0
shrinkage=0.05


Tree=51
num_leaves=15
num_cat=1
split_feature=8 9 9 7 12 12 12 12 5 7 12 8 12 12
split_gain=7.65924 6.97223 4.18524 3.32832 2.99411 3.82535 9.19335 6.11299 4.72617 5.82418 7.56945 5.47937 12.4067 26.2135
threshold=0.15165441176470593 3.5000000000000004 1.0000000180025095e-35 4.5000000000000009 -0.12447465306484813 -0.37370587188196386 -0.25950218452349672 -0.30900554811238667 0 2.5000000000000004 -0.52705818521824688 0.01516544117647059 -0.69014782361074134 -0.92260537345622995
decision_type=2 2 2 2 2 2 2 2 1 2 2 2 2 2
left_child=2 -2 3 -1 5 8 7 -7 9 11 -11 12 13 -4
right_child=1 -3 4 -5 -6 6 -8 -9 -10 10 -12 -13 -14 -15
leaf_value=0.00014102225666619563 -0.0061031968681056706 0.00085956375290475735 -1.7568550492175206e-08 -0.0025981084584650567 0.00048378473001935016 -1.1149766538759433e-05 3.367692319623528e-05 -1.0505644352964972e-05 0.00034535815020538267 -1.2996841328249964e-05 0.00022040643851550248 3.1653822958072067e-05 -7.077277951261785e-06 4.3902518953586878e-08
leaf_weight=105 47 38 44 38 76 36 87 35 95 275 45 189 39 45
leaf_count=105 47 38 44 38 76 36 87 35 95 275 45 189 39 45
internal_value=0.00100418 -0.0133721 0.00211712 0.0100694 0.000930714 0.000112233 -0.00691824 -0.0201389 0.00163711 7.83699e-05 -0.0046729 0.00487421 -0.00310078 0.00722222
internal_weight=1194 85 1109 143 966 890 158 71 732 637 320 317 128 89
internal_count=1194 85 1109 143 966 890 158 71 732 637 320 317 128 89
cat_boundaries=0 1
cat_threshold=1
is_linear=0
shrinkage=0.05


Tree=52
num_leaves=15
num_cat=1
split_feature=12 5 9 7 8 12 9 12 12 12 7 12 7 12
split_gain=17.935 15.728 7.44741 8.86914 3.84422 9.77726 3.9029 3.71236 17.4374 8.7401 4.68011 3.67517 5.18984 8.19402
threshold=-0.97502841500522164 0 4.5000000000000009 2.5000000000000004 0.15165441176470593 -0.86955717898714335 4.5000000000000009 -0.35768498937424864 -0.22610730998347078 -0.42108527284769376 2.5000000000000004 -0.61186373645567593 2.5000000000000004 -0.52705818521824688
decision_type=2 1 2 2 2 2 2 2 2 2 2 2 2 2
left_child=1 2 3 -1 7 -6 -7 9 10 11 -9 -2 -13 -14
right_child=4 -3 -4 -5 5 6 -8 8 -10 -11 -12 12 13 -15
leaf_value=-1.2263077928231781e-06 8.8409638987485561e-08 0.00081018551590964502 -9.1929775241750285e-06 -9.9269339043028828e-06 -0.012318523365318537 -0.0016815516526767077 0.0014533804431202614 -9.9803621353200537e-06 0.00026541865478691421 6.4742403617351615e-05 -3.8438578989086208e-05 4.2534277907702035e-05 -0.0051722507132619146 0.00021515558445809325
leaf_weight=41 495 32 47 45 20 38 20 41 162 54 52 59 44 47
leaf_count=41 495 32 47 45 20 38 20 41 162 54 52 59 44 47
internal_value=-0.000709516 -0.0159639 -0.0235075 -0.0321839 0.0017425 -0.00886076 0.00169492 0.0026178 -0.00253906 0.0045 -0.0196809 0.00286378 -0.00397351 -0.011413
internal_weight=1197 165 133 86 1032 78 58 954 255 699 93 645 150 91
internal_count=1197 165 133 86 1032 78 58 954 255 699 93 645 150 91
cat_boundaries=0 1
cat_threshold=1
is_linear=0
shrinkage=0.05


Tree=53
num_leaves=15
num_cat=0
split_feature=11 11 7 9 9 8 11 7 9 9 11 11 7 11
split_gain=6.10109 6.16746 7.55118 7.39814 8.61621 7.37008 15.8815 6.30418 5.63707 15.5204 8.64062 7.64437 4.44894 5.11778
threshold=0.36971084796686632 0.7236172338812249 1.5000000000000002 5.5000000000000009 4.5000000000000009 0.01516544117647059 0.97781212113892935 3.5000000000000004 5.5000000000000009 3.5000000000000004 0.95102128832130872 0.99728803130978128 1.5000000000000002 0.2219132928352042
decision_type=2 2 2 2 2 2 2 2 2 2 2 2 2 2
left_child=12 2 -2 4 -4 6 -3 -6 9 -7 -11 -12 13 -1
right_child=1 5 3 -5 7 8 -8 -9 -10 10 11 -13 -14 -15
leaf_value=3.3987868242046915e-08 3.7286911058753702e-08 -2.9427098741541259e-06 9.8979116214958923e-05 0.00054428855732897581 -2.4281068930331885e-05 -0.00019557045668064377 0.00086632289601459302 0.00011695427087933808 -0.0091714669520609141 0.00020527340082202584 -9.4813440285501659e-06 0.001113142675007367 -6.5835810478476203e-06 -2.1110604919716281e-08
leaf_weight=29 62 53 186 44 26 286 20 20 61 62 39 24 246 22
leaf_count=29 62 53 186 44 26 286 20 20 61 62 39 24 246 22
internal_value=-0.00237087 -0.000282805 0.00501475 0.00144404 -0.00214592 -0.00357143 -0.0182432 -0.0212766 -0.0012685 0.000849515 0.0154762 0.00234375 -0.00855705 0.00480769
internal_weight=1180 883 338 276 232 545 73 46 472 411 125 63 297 51
internal_count=1180 883 338 276 232 545 73 46 472 411 125 63 297 51
is_linear=0
shrinkage=0.05


Tree=54
num_leaves=15
num_cat=0
split_feature=11 8 11 9 9 11 11 11 11 11 11 11 9 11
split_gain=7.41845 3.18001 5.95118 2.73321 2.59233 2.16044 2.87055 2.28285 4.98138 2.02368 9.26946 8.12771 2.86685 2.33282
threshold=0.10309787846944714 0.15165441176470593 0.46353310059116132 4.5000000000000009 1.5000000000000002 0.13727368718622826 0.18821973775956946 0.25534383660447135 0.28847174723635333 0.92750732661553648 0.96570416579410667 0.90698021620945046 3.5000000000000004 0.7236172338812249
decision_type=2 2 2 2 2 2 2 2 2 2 2 2 2 2
left_child=3 5 -3 -1 -4 -2 -7 -8 -9 11 12 13 -11 -10
right_child=1 2 4 -5 -6 6 7 8 9 10 -12 -13 -14 -15
leaf_value=-6.2045689547152174e-06 3.1109148035390888e-08 -0.0080534085815923608 -0.0051325352879577103 -8.4041495955755607e-06 0.00077998066599392906 -9.4448611694220037e-06 2.0858870535267472e-07 -0.010789770011354555 6.6297340162169147e-08 -6.890180320340278e-06 4.0523016889126855e-05 0.00015906462882887552 -9.0072768271221015e-06 -2.1399369631969203e-06
leaf_weight=35 26 28 20 32 40 38 54 25 385 46 191 37 33 219
leaf_count=35 26 28 20 32 40 38 54 25 385 46 191 37 33 219
internal_value=-0.000867769 8.74891e-05 -0.00898876 -0.0169118 0 0.000853081 0.000485909 0.00100908 0.000426894 0.00104167 -0.00258303 0.00257009 -0.016875 0.00115702
internal_weight=1209 1142 88 67 60 1054 1028 990 936 911 270 641 79 604
internal_count=1209 1142 88 67 60 1054 1028 990 936 911 270 641 79 604
is_linear=0
shrinkage=0.05


Tree=55
num_leaves=15
num_cat=1
split_feature=12 5 8 9 9 12 12 12 12 12 7 12 12 7
split_gain=6.28437 4.28984 18.8023 6.00804 9.4504 4.54701 19.9645 5.09397 2.5557 2.08311 5.18994 4.81737 7.3739 7.63376
threshold=-0.99463397642532658 0 0.10615808823529413 3.5000000000000004 5.5000000000000009 -0.34155811708470757 -0.25950218452349672 -0.30900554811238667 -0.99862982478704421 -0.42108527284769376 2.5000000000000004 -0.48248986924805454 -0.52705818521824688 1.5000000000000002
decision_type=2 1 2 2 2 2 2 2 2 2 2 2 2 2
left_child=8 3 5 -2 -5 9 7 -7 -1 11 -11 12 13 -3
right_child=1 2 -4 4 -6 6 -8 -9 -10 10 -12 -13 -14 -15
leaf_value=-5.8943405069844528e-06 -0.00038143497028471644 3.2107698494376889e-08 -0.020639831843160251 0.0010936308141251099 -0.004500244279200905 -0.011656751823996904 3.849686604466829e-05 -8.5569129857687724e-06 -8.9095907742864352e-06 -2.4510653644282957e-06 0.00023829797358360661 -0.0030935908892771899 6.7947064007956032e-05 -8.3736880818197079e-07
leaf_weight=26 79 122 20 40 21 21 167 35 36 25 32 36 33 485
leaf_count=26 79 122 20 40 21 21 167 35 36 25 32 36 33 485
internal_value=-0.000508906 0.000358102 -0.000818833 0.00851064 0.0201613 0.000208986 -0.00602679 -0.0315789 -0.015873 0.00211172 0.0112069 0.00132939 0.00234009 0.00106908
internal_weight=1178 1116 976 140 61 956 223 56 62 733 57 676 640 607
internal_count=1178 1116 976 140 61 956 223 56 62 733 57 676 640 607
cat_boundaries=0 1
cat_threshold=4
is_linear=0
shrinkage=0.05


Tree=56
num_leaves=15
num_cat=1
split_feature=11 11 11 11 8 0 11 11 11 11 11 11 11 8
split_gain=6.55164 4.32519 17.1655 6.80124 10.197 20.207 8.4507 4.39909 11.8654 2.92352 15.601 12.6529 5.244 4.65393
threshold=0.085961614525331076 0.92093717412624365 0.96570416579410667 0.90698021620945046 0.02251838235294118 0 0.7236172338812249 0.38564912093021586 0.23866392535577388 0.87585926134142889 0.84978561355144533 0.80133140505178047 0.62202370727958112 0.12821691176470593
decision_type=2 2 2 2 2 1 2 2 2 2 2 2 2 2
left_child=-1 3 -3 4 6 9 7 8 -2 10 11 12 -6 -14
right_child=1 2 -4 -5 5 -7 -8 -9 -10 -11 -12 -13 13 -15
leaf_value=-7.5384625770835717e-06 2.7948305708624946e-08 -1.02124315949359e-05 0.00011103209087938715 0.00013413886055074208 -7.1131313237327023e-07 -0.019607998525715459 -1.9941492970243502e-06 7.7204559550958507e-08 -2.4975326606835326e-08 -0.0043613321169066552 0.00039193676788827907 -0.0071986582857540178 0.00019498188459933787 0.0013556882695906437
leaf_weight=52 24 98 201 30 373 21 35 61 20 42 37 48 139 22
leaf_count=52 24 98 201 30 373 21 35 61 20 42 37 48 139 22
internal_value=0.000207641 0.000998264 -0.00416667 0.0028136 0.00194411 -0.000585652 0.0141844 0.0212264 0.00888889 0.000981873 0.00185484 -0.000171527 0.00205607 0.0095679
internal_weight=1203 1151 299 852 822 682 140 105 44 661 619 582 534 161
internal_count=1203 1151 299 852 822 682 140 105 44 661 619 582 534 161
cat_boundaries=0 1
cat_threshold=16
is_linear=0
shrinkage=0.05


Tree=57
num_leaves=15
num_cat=0
split_feature=12 8 12 12 12 12 12 12 8 8 12 12 8 12
split_gain=8.26323 5.49568 11.9717 10.6348 8.32249 5.17531 8.87804 5.11666 20.2892 5.4741 6.01232 4.48084 4.11507 8.288
threshold=-0.99626127116974506 0.02251838235294118 -0.69014782361074134 -0.20930689276358339 -0.84291031405530259 -0.95744972225749969 -0.90146829171281551 -0.91583036384466876 0.075827205882352963 0.15165441176470593 -0.9523422988233432 -0.87792756428346708 0.036764705882352949 -0.9668120007078248
decision_type=2 2 2 2 2 2 2 2 2 2 2 2 2 2
left_child=-1 2 5 -4 7 -2 -7 9 11 10 12 -9 -3 -14
right_child=1 4 3 -5 -6 6 -8 8 -10 -11 -12 -13 13 -15
leaf_value=-7.161539448230503e-06 8.0964124520854783e-07 -1.0555554252000832e-06 -1.8944418321731328e-06 0.00010548048633541863 6.396374967704288e-05 -2.3726560272052666e-08 2.6642085593220344e-08 -2.5170559939202699e-05 0.0016101863078306191 -0.009120377491823109 0.00047997228505133882 -5.8363396790550588e-06 2.755933671161337e-07 -0.010946406833718178
leaf_weight=50 24 37 60 23 631 22 58 40 25 30 60 29 83 20
leaf_count=50 24 37 60 23 631 22 58 40 25 30 60 29 83 20
internal_value=8.38223e-05 0.00096238 0.0087766 -0.00535714 -0.000575314 0.02 0.0135802 -0.00707692 -0.0168421 -0.0030303 0 -0.0307143 -0.00567376 -0.000480769
internal_weight=1192 1142 187 83 955 104 80 324 94 230 200 69 140 103
internal_count=1192 1142 187 83 955 104 80 324 94 230 200 69 140 103
is_linear=0
shrinkage=0.05


Tree=58
num_leaves=15
num_cat=1
split_feature=11 5 7 9 11 7 11 11 11 11 12 7 7 9
split_gain=8.95445 6.07345 5.88387 6.71585 8.28553 5.70804 2.79762 7.11153 6.42907 5.91965 2.08361 2.07047 2.62392 2.98409
threshold=0.36971084796686632 0 6.0000000000000009 5.5000000000000009 0.18821973775956946 1.5000000000000002 0.88403476330151454 0.96109418277572278 0.95102128832130872 0.85873214889986926 -0.021515300460958463 6.0000000000000009 2.5000000000000004 2.5000000000000004
decision_type=2 1 2 2 2 2 2 2 2 2 2 2 2 2
left_child=1 -1 3 4 -3 -6 9 8 11 -2 -9 12 -8 -14
right_child=6 2 -4 -5 5 -7 7 10 -10 -11 -12 -13 13 -15
leaf_value=0.0008326004117616665 2.530998131078377e-08 -5.6776182464912672e-06 -0.010090903809171343 0.00029659883404224989 -2.1625822910209536e-08 2.6181369875977189e-07 -1.1654670964089676e-06 0.00015386053315544213 -9.707098704181405e-06 0.00015461903105498111 -0.005019176746121715 -0.0051580127223581412 -0.0052150049160903274 0.00015599678942073149
leaf_weight=36 513 81 51 31 25 73 41 186 22 35 29 28 21 23
leaf_count=36 513 81 51 31 25 73 41 186 22 35 29 28 21 23
internal_value=-0.000710702 -0.00822148 -0.0108779 -0.007109 -0.0108333 -0.0010101 0.00177976 -0.0017094 -0.0106618 0.00400729 0.00393519 -0.00570175 -0.00174419 0.00666667
internal_weight=1195 297 261 210 179 98 898 350 135 548 215 113 85 44
internal_count=1195 297 261 210 179 98 898 350 135 548 215 113 85 44
cat_boundaries=0 1
cat_threshold=4
is_linear=0
shrinkage=0.05


Tree=59
num_leaves=15
num_cat=1
split_feature=0 7 11 11 11 11 11 11 11 9 9 7 11 11
split_gain=3.47304 3.7674 5.70096 3.65027 9.67082 11.825 5.99467 4.14485 3.95552 3.88786 6.38011 3.89787 9.21527 6.14835
threshold=0 3.5000000000000004 0.10309787846944714 0.7236172338812249 0.96570416579410667 0.95102128832130872 0.52339621958889315 0.7582777201612757 0.47871610739127696 5.5000000000000009 4.5000000000000009 2.5000000000000004 0.2219132928352042 0.12020359228713824
decision_type=1 2 2 2 2 2 2 2 2 2 2 2 2 2
left_child=1 3 -3 6 5 7 8 -5 9 10 11 12 13 -1
right_child=-2 2 -4 4 -6 -7 -8 -9 -10 -11 -12 -13 -14 -15
leaf_value=-1.2035790764031163e-08 -0.016600092772747693 -0.0035332069970065967 0.00024261429778655588 -1.8413814425688458e-06 0.00014286265715771629 -1.0331278305386605e-05 2.4044482244134359e-08 -3.6724398120413506e-06 -6.9781709791327811e-06 0.00028176889234013961 -1.1049061826584605e-05 2.4872301382372619e-07 7.0746728225712374e-08 -1.0158683388716839e-06
leaf_weight=27 34 22 416 30 126 26 114 163 26 42 30 59 62 24
leaf_count=27 34 22 416 30 126 26 114 163 26 42 30 59 62 24
internal_value=-0.0016223 -0.00115582 0.00250569 -0.00335616 -0.00708092 -0.0134091 0 -0.00902062 -0.00405904 -0.00204082 -0.00492611 -0.00115607 -0.00657895 -0.0221154
internal_weight=1201 1167 438 729 345 219 384 193 270 244 202 172 113 51
internal_count=1201 1167 438 729 345 219 384 193 270 244 202 172 113 51
cat_boundaries=0 1
cat_threshold=16
is_linear=0
shrinkage=0.05


Tree=60
num_leaves=15
num_cat=2
split_feature=7 0 12 12 12 12 12 12 12 12 5 10 12 12
split_gain=8.07057 16.4891 8.76314 9.26401 5.7489 7.18155 2.93841 7.44465 5.72305 7.5613 3.75882 3.0346 4.05718 3.58267
threshold=1.5000000000000002 0 -0.69014782361074134 -0.34155811708470757 -0.92260537345622995 -0.97106408147883394 -0.59815875725621337 -0.74979862697202038 -0.52705818521824688 -0.48248986924805454 1 1.0000000180025095e-35 -0.98208922706762081 -0.90878397393106225
decision_type=2 1 2 2 2 2 2 2 2 2 1 2 2 2
left_child=2 6 4 -4 5 -1 7 10 -8 -10 11 12 -2 -14
right_child=1 -3 3 -5 -6 -7 8 -9 9 -11 -12 -13 13 -15
leaf_value=2.7055153002386588e-07 -2.501407458271876e-06 -0.016869553688052964 -1.7493123704359627e-06 1.0910234366040551e-05 5.5987270056179206e-08 -2.4996277525612955e-08 -0.0054305028904700521 0.00022325547593912421 0.00035838133800666363 -1.4945587315834397e-05 0.00015533663939190645 -1.5033430120670044e-05 5.2662378272647084e-05 -1.1957776439036616e-05
leaf_weight=27 52 20 51 39 64 20 53 130 28 316 100 113 84 110
leaf_count=27 52 20 51 39 64 20 53 130 28 316 100 113 84 110
internal_value=-0.00194536 -0.00377358 0.00717822 -0.0043956 0.0165179 0.003125 -0.00283688 -0.00059322 -0.00615578 -0.00376812 -0.00358696 -0.00597222 -0.00283401 0.000512821
internal_weight=1207 1006 201 90 111 47 986 589 397 344 459 359 246 194
internal_count=1207 1006 201 90 111 47 986 589 397 344 459 359 246 194
cat_boundaries=0 1 2
cat_threshold=16 1
is_linear=0
shrinkage=0.05


Tree=61
num_leaves=15
num_cat=2
split_feature=7 0 13 7 9 7 5 9 13 13 9 13 13 7
split_gain=3.66276 20.5526 8.10067 3.6022 8.52562 6.34834 4.18611 5.34514 4.08149 3.66102 3.59899 3.56326 13.5004 3.0579
threshold=1.5000000000000002 0 24.500000000000004 3.5000000000000004 2.5000000000000004 4.5000000000000009 1 5.5000000000000009 24.500000000000004 23.500000000000004 4.5000000000000009 15.500000000000002 17.500000000000004 11.500000000000002
decision_type=2 1 2 2 2 2 1 2 2 2 2 2 2 2
left_child=2 3 11 8 5 -5 7 10 9 -2 13 -1 -13 -6
right_child=1 -3 -4 4 6 -7 -8 -9 -10 -11 -12 12 -14 -15
leaf_value=8.4824790784687745e-05 -7.3362340788363234e-06 -0.0160585997959607 3.0721558092472458e-07 0.00029722783461434422 0.00064106604637497464 -0.0022924473055523534 0.00014506012304005001 -0.0024816358362812849 -2.3968320504996754e-06 0.00013429403027019894 0.0013503999820523472 -9.7972535823775977e-06 2.0042894627314568e-08 1.5497214430842956e-05
leaf_weight=25 402 23 38 29 20 151 172 22 93 38 23 27 113 23
leaf_count=25 402 23 38 29 20 151 172 22 93 38 23 27 113 23
internal_value=-0.000958333 -0.00220662 0.00514706 -0.00107803 0.00226757 -0.00607735 0.00804598 0.0168539 -0.00383895 -0.00181406 0.0238806 0.000301205 -0.00283688 0.0147727
internal_weight=1199 996 203 973 440 180 260 88 533 440 66 165 140 43
internal_count=1199 996 203 973 440 180 260 88 533 440 66 165 140 43
cat_boundaries=0 1 2
cat_threshold=16 4
is_linear=0
shrinkage=0.05


Tree=62
num_leaves=15
num_cat=2
split_feature=0 5 9 9 7 7 12 12 12 12 9 9 12 12
split_gain=4.96427 5.09982 4.17088 3.55455 3.57712 5.6904 12.781 7.37043 6.08278 6.18777 5.37609 5.41682 7.90334 5.65633
threshold=0 1 2.5000000000000004 1.0000000180025095e-35 3.5000000000000004 1.5000000000000002 -0.69014782361074134 -0.32533003375364639 -0.92260537345622995 -0.97502841500522164 5.5000000000000009 4.5000000000000009 -0.14153505243942421 -0.27608674622158874
decision_type=1 1 2 2 2 2 2 2 2 2 2 2 2 2
left_child=1 2 -1 -3 5 6 8 -8 9 -5 11 12 13 -6
right_child=-2 3 -4 4 10 -7 7 -9 -10 -11 -12 -13 -14 -15
leaf_value=0.00025712216947331167 -0.014189553620696811 -5.8541809216328127e-06 0.00010036502632292944 1.3605296278473845e-09 0.00030885525376255776 -3.4783522330439355e-06 -5.4851198999505968e-06 4.6070454078339652e-07 5.4272679089750757e-08 -2.474860838486137e-08 -0.0019066916795856649 0.00092412742477382967 -0.0080055977349209103 0.0016041682586546147
leaf_weight=35 32 158 38 23 170 468 38 32 50 20 53 53 20 23
leaf_count=35 32 158 38 23 170 468 38 32 50 20 53 53 20 23
internal_value=0.000947282 0.00148054 0.0141892 0.000631199 0.00178759 -0.00039557 0.00762195 -0.0084507 0.0196809 0.00568182 0.00609375 0.00898876 0.00537383 0.00850515
internal_weight=1213 1181 73 1108 950 631 163 70 93 43 319 266 213 193
internal_count=1213 1181 73 1108 950 631 163 70 93 43 319 266 213 193
cat_boundaries=0 1 2
cat_threshold=16 2
is_linear=0
shrinkage=0.05


Tree=63
num_leaves=15
num_cat=2
split_feature=8 0 9 11 11 11 11 9 11 9 5 9 11 11
split_gain=4.25907 19.608 10.2463 11.894 11.7729 5.59024 13.9943 3.49513 3.10439 3.94882 4.22418 6.15196 3.72177 11.6205
threshold=0.02251838235294118 0 1.0000000180025095e-35 0.7236172338812249 0.94556136170129623 0.38564912093021586 0.23866392535577388 4.5000000000000009 0.28847174723635333 1.0000000180025095e-35 1 2.5000000000000004 0.92750732661553648 0.90698021620945046
decision_type=2 1 2 2 2 2 2 2 2 2 1 2 2 2
left_child=2 8 -1 5 -5 6 -4 -7 9 -2 11 -11 13 -10
right_child=1 -3 3 4 -6 7 -8 -9 12 10 -12 -13 -14 -15
leaf_value=-6.3403548923424153e-06 -0.0050682825718295467 -0.014481144540507055 2.9178677539709598e-07 -9.0331349082539709e-06 3.2690585976075105e-06 4.738521059421963e-08 -2.3511177960067189e-08 9.895207281895857e-07 1.6829017782410416e-05 0.0003798123563966638 0.00078485715901039092 -4.1130661866728427e-06 -8.5267057087334848e-06 0.00014966858062168131
leaf_weight=28 35 21 26 40 32 34 21 21 523 36 22 78 255 37
leaf_count=28 35 21 26 40 32 34 21 21 523 36 22 78 255 37
internal_value=0.000289256 -0.00104167 0.00689655 0.0114286 -0.00410959 0.0223301 0.009375 0.0330357 0 -0.00610465 -0.00218978 -0.00608696 0.00128676 0.00356506
internal_weight=1209 1007 202 174 72 102 47 55 986 171 136 114 815 560
internal_count=1209 1007 202 174 72 102 47 55 986 171 136 114 815 560
cat_boundaries=0 1 2
cat_threshold=16 1
is_linear=0
shrinkage=0.05


Tree=64
num_leaves=15
num_cat=1
split_feature=5 8 11 11 11 11 9 11 11 11 11 8 9 11
split_gain=4.52975 2.40498 3.94501 7.2164 6.68234 5.9623 2.82828 2.73747 11.925 3.93364 6.31055 3.75024 8.0378 4.77932
threshold=0 0.02251838235294118 0.97781212113892935 0.7236172338812249 0.38564912093021586 0.25534383660447135 2.5000000000000004 0.30490993010465889 0.1712867993320398 0.79091635943066529 0.84058726838585029 0.051470588235294122 1.5000000000000002 0.99728803130978128
decision_type=1 2 2 2 2 2 2 2 2 2 2 2 2 2
left_child=-1 2 3 4 5 -2 -5 8 -3 -9 -11 13 -13 -12
right_child=1 7 -4 6 -6 -7 -8 9 -10 10 11 12 -14 -15
leaf_value=0.0002200733146064643 2.7719743662668605e-07 0.00012492217470070621 8.0397063088538675e-05 6.7059746560244054e-05 4.5015950062010648e-08 -2.2335619065394497e-08 -9.6928323541245486e-06 0.00016521900954087344 -2.01800747746117e-05 -0.0051592784675200737 -1.3689987102227797e-05 -0.0044810556584556852 0.00058754843891683237 0.00049475550712211052
leaf_weight=66 35 92 21 30 60 20 32 363 77 45 157 37 104 36
leaf_count=66 35 92 21 30 60 20 32 363 77 45 157 37 104 36
internal_value=0.000807823 4.5045e-05 0.00502513 0.00252809 0.00991379 -0.00267857 -0.0111111 -0.00104167 -0.00676471 0.000269179 -0.00328947 -0.000895522 0.00528169 -0.00541237
internal_weight=1175 1109 198 177 115 55 62 911 169 742 379 334 141 193
internal_count=1175 1109 198 177 115 55 62 911 169 742 379 334 141 193
cat_boundaries=0 1
cat_threshold=2
is_linear=0
shrinkage=0.05


Tree=65
num_leaves=15
num_cat=1
split_feature=8 0 8 11 11 10 11 11 11 11 11 11 11 11
split_gain=4.21576 18.1314 5.83561 8.83228 7.05588 4.78375 4.01571 3.40722 7.60744 7.58738 4.08464 3.48153 2.91907 3.83955
threshold=0.02251838235294118 0 0.051470588235294122 0.99817629101047833 0.99728803130978128 1.0000000180025095e-35 0.95102128832130872 0.7236172338812249 0.38564912093021586 0.93982124484292628 0.18821973775956946 0.58077876009839902 0.68702731818199703 0.84058726838585029
decision_type=2 1 2 2 2 2 2 2 2 2 2 2 2 2
left_child=7 2 4 -4 5 -2 12 8 10 -9 -1 -10 -7 -14
right_child=1 -3 3 -5 -6 6 -8 9 11 -11 -12 -13 13 -15
leaf_value=2.633375647931313e-07 -4.9864031664514924e-06 -0.013760555012137641 9.0835243612918948e-05 -0.0087770950268100528 0.00047001773176600373 -1.5776204085327095e-05 -7.4158710681837554e-06 -4.2899234842352916e-06 5.6074191584487569e-08 1.3379998993673371e-06 -2.1218838108794104e-08 1.1707057900878226e-08 0.00023754001922467462 -1.3005487747119738e-05
leaf_weight=21 365 22 423 21 37 78 22 46 31 38 28 32 20 28
leaf_count=21 365 22 423 21 37 78 22 46 31 38 28 32 20 28
internal_value=-0.00263809 -0.00393314 -0.00291457 0.00134831 -0.00635209 -0.00787938 -0.0154362 0.00406091 0.00973451 -0.00352941 -0.005 0.0210938 -0.011811 -0.00204082
internal_weight=1212 1016 994 444 550 513 148 196 112 84 49 63 126 48
internal_count=1212 1016 994 444 550 513 148 196 112 84 49 63 126 48
cat_boundaries=0 1
cat_threshold=16
is_linear=0
shrinkage=0.05


Tree=66
num_leaves=15
num_cat=1
split_feature=11 8 5 11 11 11 8 11 8 11 8 11 11 11
split_gain=7.64701 5.57303 5.86068 12.001 5.57836 5.15048 2.93743 3.37931 9.6251 5.60661 10.992 2.8656 7.54893 5.59842
threshold=0.30490993010465889 0.02251838235294118 0 0.051617755185161811 0.10309787846944714 0.15430310492919616 0.02251838235294118 0.40147311773604405 0.036764705882352949 0.47871610739127696 0.066176470588235309 0.73538978246754183 0.93982124484292628 0.50865210223081447
decision_type=2 2 1 2 2 2 2 2 2 2 2 2 2 2
left_child=1 -1 3 -3 -5 -6 11 8 -8 10 -9 13 -13 -2
right_child=6 2 -4 4 5 -7 7 9 -10 -11 -12 12 -14 -15
leaf_value=2.5017068655541763e-07 -2.0157896207795291e-08 0.00025342452678984165 0.00013788562828521701 -1.3186579109458752e-05 0.0002425878552561156 -1.8382260831617536e-05 0.00041763031900187157 -1.9672239509332947e-05 -0.0017158737973446915 3.9304854444777161e-05 0.001770777179435379 -4.0754273100240821e-06 1.8502418021981715e-06 1.0831065267169483e-07
leaf_weight=41 24 20 42 28 24 80 24 38 50 659 20 45 38 46
leaf_count=41 24 20 42 28 24 80 24 38 50 659 20 45 38 46
internal_value=-0.000211864 -0.00826271 -0.0117949 -0.0163399 -0.0218045 -0.0161905 0.00179894 0.000568182 0.0106667 -0.000487465 -0.0152542 0.00811688 0.00178571 0.015493
internal_weight=1179 235 194 152 132 104 944 791 74 717 58 153 83 70
internal_count=1179 235 194 152 132 104 944 791 74 717 58 153 83 70
cat_boundaries=0 1
cat_threshold=1
is_linear=0
shrinkage=0.05


Tree=67
num_leaves=15
num_cat=2
split_feature=0 8 9 8 11 11 11 11 11 11 11 11 5 11
split_gain=2.67954 3.35068 4.97447 5.91645 3.62226 3.08218 2.28866 3.20481 4.11322 3.77958 6.8386 2.97712 6.2712 3.90305
threshold=0 0.051470588235294122 1.5000000000000002 0.075827205882352963 0.82144612508491288 0.46353310059116132 0.20509690261668631 0.81150899888343053 0.98731287009808555 0.95619940680887117 0.91409412807680501 0.50865210223081447 1 0.30490993010465889
decision_type=1 2 2 2 2 2 2 2 2 2 2 2 1 2
left_child=1 -1 3 -3 5 -5 -4 11 9 10 -9 13 -13 -8
right_child=-2 2 6 4 -6 -7 7 8 -10 -11 -12 12 -14 -15
leaf_value=-9.2134437341684365e-07 -0.012379551279719911 0.00063348650017031884 0.00057431617911183339 -0.0067777643242033754 -0.0047977808842095517 0.0015262795211522851 -0.0019795689422493906 0.00085431361543067408 -0.0019983281977701385 0.00083098730928146127 -0.0017259201829855576 -0.0018269665018754322 0.0001174804010076136 0.00088708611784664166
leaf_weight=718 32 40 35 22 34 24 20 39 33 28 22 41 48 40
leaf_count=718 32 40 35 22 34 24 20 39 33 28 22 41 48 40
internal_value=-0.0011045 -0.00069869 0.0028103 -0.00578512 -0.0135802 -0.00425532 0.00618893 0.00459559 0.0105691 0.0161111 0.00887097 -0.000333333 -0.00611111 0.00819672
internal_weight=1176 1144 426 120 80 46 306 271 122 89 61 149 89 60
internal_count=1176 1144 426 120 80 46 306 271 122 89 61 149 89 60
cat_boundaries=0 1 2
cat_threshold=16 1
is_linear=0
shrinkage=0.05


Tree=68
num_leaves=15
num_cat=1
split_feature=7 9 11 9 11 11 11 11 5 9 11 9 11 7
split_gain=12.996 10.2404 21.6985 13.4688 10.7879 2.7705 8.87137 5.80372 3.57743 6.00202 5.04537 4.65126 4.42525 4.48555
threshold=1.5000000000000002 1.0000000180025095e-35 0.73538978246754183 4.5000000000000009 0.94556136170129623 0.93380263866670565 0.96570416579410667 0.98127012181273632 0 3.5000000000000004 0.91409412807680501 5.5000000000000009 0.80133140505178047 11.500000000000002
decision_type=2 2 2 2 2 2 2 2 1 2 2 2 2 2
left_child=1 -1 3 -3 -4 8 -7 -8 10 12 -2 -11 13 -10
right_child=5 2 4 -5 -6 6 7 -9 9 11 -12 -13 -14 -15
leaf_value=-5.9813165413147299e-06 -8.9766532857415992e-06 8.4786963555627542e-08 -9.8552101693183413e-06 5.7849423834022149e-07 1.8037969307604929e-06 -4.7294961259841675e-05 0.00040115843177460087 -0.00021109136295730525 0.00035309426349758311 0.00058853897120961229 0.00015131507191548101 -0.0015357484813189493 -0.0033082983836365907 -0.0015681936470614277
leaf_weight=31 567 61 33 35 32 66 43 126 48 49 26 23 22 25
leaf_count=31 567 61 33 35 32 66 43 126 48 49 26 23 22 25
internal_value=4.20875e-05 0.0119171 0.0169753 0.0319588 -0.00530303 -0.00225904 -0.00699153 -0.000882353 -0.000788436 0.00565476 -0.00260943 0.0164384 -0.00260417 0.00337838
internal_weight=1187 192 161 96 65 995 235 169 760 167 593 72 95 73
internal_count=1187 192 161 96 65 995 235 169 760 167 593 72 95 73
cat_boundaries=0 1
cat_threshold=1
is_linear=0
shrinkage=0.05


Tree=69
num_leaves=15
num_cat=0
split_feature=7 12 12 9 9 9 8 12 9 12 7 9 12 12
split_gain=15.9596 15.6714 9.78703 5.68363 5.0871 8.99226 2.72386 6.32381 4.66348 5.44557 7.75356 9.26063 12.2859 22.4353
threshold=1.5000000000000002 -0.6775896895960708 -0.34155811708470757 2.5000000000000004 1.5000000000000002 4.5000000000000009 0.15165441176470593 -0.80389818363065602 1.0000000180025095e-35 -0.073092422389869308 2.5000000000000004 5.5000000000000009 -0.97502841500522164 -0.91583036384466876
decision_type=2 2 2 2 2 2 2 2 2 2 2 2 2 2
left_child=1 4 3 -3 -1 -6 8 -8 -2 10 11 12 -10 -14
right_child=6 2 -4 -5 5 -7 7 -9 9 -11 -12 -13 13 -15
leaf_value=4.531568618126869e-08 0.00023095336237626831 6.4663854499083525e-05 1.7136070842249663e-06 -1.5682382684534259e-05 8.9451727797174035e-08 1.1566505909110792e-06 -0.0054491763301446261 0.00047367253485565701 -1.6968247907067637e-05 0.00045515223782200136 7.7491729461032222e-07 0.00025129790676536867 0.00039724370293473535 -1.5670101686593442e-05
leaf_weight=29 120 24 37 22 48 36 34 50 24 53 522 43 20 133
leaf_count=29 120 24 37 22 48 36 34 50 24 53 522 43 20 133
internal_value=0.00171405 0.0147208 -0.00178571 -0.0170213 0.0267544 0.0329412 -0.00085 -0.00941176 -5.45852e-05 -0.00144472 -0.0025572 -0.0104072 -0.0154494 -0.0100649
internal_weight=1195 196 83 46 113 84 999 84 915 795 742 220 177 153
internal_count=1195 196 83 46 113 84 999 84 915 795 742 220 177 153
is_linear=0
shrinkage=0.05


Tree=70
num_leaves=15
num_cat=1
split_feature=7 11 11 11 9 9 9 5 9 9 9 7 11 11
split_gain=7.66649 11.8967 8.88608 7.4851 4.33135 3.82887 2.59903 2.37244 4.5744 5.15759 4.02822 6.42694 6.34811 5.01105
threshold=1.5000000000000002 0.73538978246754183 0.93982124484292628 0.32125776158017871 1.5000000000000002 4.5000000000000009 3.5000000000000004 0 3.5000000000000004 5.5000000000000009 1.0000000180025095e-35 3.5000000000000004 0.10309787846944714 0.2219132928352042
decision_type=2 2 2 2 2 2 2 1 2 2 2 2 2 2
left_child=1 3 -3 6 -5 -6 -1 10 -9 -10 11 -2 -12 -14
right_child=7 2 -4 4 5 -7 -8 8 9 -11 12 -13 13 -15
leaf_value=2.7722423840970122e-07 0.00021940569425745739 -6.5660209423334949e-06 1.0487848322165982e-06 3.1730993330092441e-08 7.6075028987432358e-08 8.8888462927427807e-07 -1.2490157685896009e-09 -6.2987145069370862e-05 0.00034438363508598746 -0.0037588221349729948 -9.0578599996726801e-06 -0.004532742899727266 4.2196790490112159e-07 -1.3386569028317475e-05
leaf_weight=23 76 44 40 20 31 20 20 133 61 31 33 32 57 581
leaf_count=23 76 44 40 20 31 20 20 133 61 31 33 32 57 581
internal_value=0.000581879 0.00954774 -0.00470588 0.02 0.0298611 0.0375 0.00340909 -0.00119403 0.00331858 0.011828 -0.0025 0.00642202 -0.00394345 -0.0028169
internal_weight=1202 198 84 114 71 51 43 1004 225 92 779 108 671 638
internal_count=1202 198 84 114 71 51 43 1004 225 92 779 108 671 638
cat_boundaries=0 1
cat_threshold=1
is_linear=0
shrinkage=0.05


Tree=71
num_leaves=15
num_cat=0
split_feature=7 11 11 11 11 11 11 11 11 7 11 11 9 9
split_gain=10.2823 13.3426 17.7001 3.77495 3.22368 6.84412 5.77945 5.53791 4.42938 7.96994 5.32401 3.20491 2.59636 2.2389
threshold=1.5000000000000002 0.73538978246754183 0.93982124484292628 0.32125776158017871 0.10309787846944714 0.051617755185161811 0.23866392535577388 0.28847174723635333 0.40147311773604405 2.5000000000000004 0.46353310059116132 0.18821973775956946 2.5000000000000004 3.5000000000000004
decision_type=2 2 2 2 2 2 2 2 2 2 2 2 2 2
left_child=1 3 12 13 5 -2 11 -8 9 -9 -10 -6 -3 -1
right_child=4 2 -4 -5 6 -7 7 8 10 -11 -12 -13 -14 -15
leaf_value=2.6336302648699573e-07 0.00022393322274832095 -6.1973236922807651e-06 7.6035555625353357e-05 4.368170889446077e-08 0.00020843540954458285 -8.6049669996923758e-06 -0.0092418817117833636 0.00038820071611552214 -1.2878299435936659e-05 -0.00041825247150571732 -5.1466714195980146e-06 7.1507303463502765e-07 -1.4569962503196977e-05 -1.1865649796050094e-09
leaf_weight=21 22 21 31 75 63 35 38 22 48 58 688 34 24 21
leaf_count=21 22 21 31 75 63 35 38 22 48 58 688 34 24 21
internal_value=0.000540765 0.0110825 -0.00519481 0.0216102 -0.00148662 -0.012931 -0.000787815 -0.00210526 -0.00122399 0.00987654 -0.00244233 0.0107143 -0.025 0.00930233
internal_weight=1201 193 76 117 1008 57 951 854 816 80 736 97 45 42
internal_count=1201 193 76 117 1008 57 951 854 816 80 736 97 45 42
is_linear=0
shrinkage=0.05


Tree=72
num_leaves=15
num_cat=2
split_feature=7 3 11 9 11 9 11 9 9 5 9 11 11 11
split_gain=4.98821 18.8151 13.3957 12.1491 7.92634 7.59602 8.96528 5.26184 3.55546 6.98865 7.44985 6.59629 5.67642 10.8945
threshold=1.5000000000000002 0 0.73538978246754183 5.5000000000000009 0.98443735097190643 1.5000000000000002 0.32125776158017871 2.5000000000000004 4.5000000000000009 1 5.5000000000000009 0.97781212113892935 0.41717814939258779 0.10309787846944714
decision_type=2 1 2 2 2 2 2 2 2 1 2 2 2 2
left_child=2 8 3 5 7 -1 -7 -4 12 11 -11 -10 13 -2
right_child=1 -3 4 -5 -6 6 -8 -9 9 10 -12 -13 -14 -15
leaf_value=1.6641449679388743e-08 -1.0949758794609466e-05 -0.012115703694892135 -5.1689495957463201e-06 -2.0891568384806547e-05 0.00078025744403187325 5.8934162308066371e-07 2.3145151491488215e-07 -1.1736318262706158e-05 -2.1814796193475595e-05 0.00071602690848909247 -0.0043397985713417801 0.00019525738615500389 -5.0108112437108332e-06 0.00027380012121700495
leaf_weight=34 39 20 31 21 20 26 42 32 189 34 29 38 532 149
leaf_count=34 39 20 31 21 20 26 42 32 189 34 29 38 532 149
internal_value=0.000646726 -0.000775946 0.00772947 0.0181452 -0.0077381 0.0252427 0.0347826 -0.0164063 0.000197824 -0.00446735 0.0101563 -0.00855263 0.00208044 0.00952381
internal_weight=1236 1030 206 123 83 102 68 63 1010 290 63 227 720 188
internal_count=1236 1030 206 123 83 102 68 63 1010 290 63 227 720 188
cat_boundaries=0 1 2
cat_threshold=1 1
is_linear=0
shrinkage=0.05


Tree=73
num_leaves=15
num_cat=1
split_feature=7 0 13 9 9 13 7 9 13 13 13 9 13 13
split_gain=6.55498 18.2894 8.53377 12.5479 8.56031 7.1166 5.99463 9.91732 4.708 4.56305 4.10178 9.89199 5.5264 11.9754
threshold=1.5000000000000002 0 17.500000000000004 1.0000000180025095e-35 3.5000000000000004 15.500000000000002 3.5000000000000004 1.0000000180025095e-35 23.500000000000004 19.500000000000004 22.500000000000004 5.5000000000000009 24.500000000000004 23.500000000000004
decision_type=2 1 2 2 2 2 2 2 2 2 2 2 2 2
left_child=2 6 5 -4 -5 -1 7 9 -6 -2 -9 12 13 -12
right_child=1 -3 3 4 8 -7 -8 10 -10 -11 11 -13 -14 -15
leaf_value=0.00074124457183027959 -0.0048351412542708919 -0.011547562546739248 -5.6891192061536703e-06 7.4073248279571407e-08 4.3353610422736112e-07 -4.9105021159623344e-06 0.00013633581389984052 -6.5491646541016031e-06 -3.0594317879106824e-08 0.00018432363300650013 -1.182278504291423e-05 0.00022907998309934507 -1.3010686677950023e-05 0.00034495080437278448
leaf_weight=23 29 21 21 55 35 27 434 313 21 53 34 27 57 35
leaf_count=23 29 21 21 55 35 27 434 313 21 53 34 27 57 35
internal_value=-0.00105396 -0.00263944 0.00765027 0.0142857 0.0209821 -0.00980392 -0.00162767 -0.00510018 0.00701754 0.0108434 -0.00792291 -0.0146104 -0.0204724 -0.0107143
internal_weight=1185 1003 182 132 111 50 982 548 56 82 466 153 126 69
internal_count=1185 1003 182 132 111 50 982 548 56 82 466 153 126 69
cat_boundaries=0 1
cat_threshold=16
is_linear=0
shrinkage=0.05


Tree=74
num_leaves=15
num_cat=2
split_feature=12 12 12 12 12 7 12 5 12 12 12 12 5 7
split_gain=3.97631 6.13263 3.88193 2.63503 5.26881 10.2487 7.14894 3.94376 7.67527 6.57696 3.77273 7.62655 6.03275 3.00588
threshold=-0.99626127116974506 -0.99862982478704421 -0.98798606843101155 -0.9523422988233432 -0.6775896895960708 1.5000000000000002 -0.86092912513210462 0 -0.91583036384466876 -0.90146829171281551 -0.25950218452349672 -0.30900554811238667 1 3.5000000000000004
decision_type=2 2 2 2 2 2 2 1 2 2 2 2 1 2
left_child=1 -1 -2 13 5 6 -5 -7 -9 -10 11 12 -6 -4
right_child=2 -3 3 4 10 7 -8 8 9 -11 -12 -13 -14 -15
leaf_value=9.228140780683792e-05 9.4771605690935345e-07 -6.4334445061375873e-06 -1.2674355869024545e-05 4.5234612194855479e-09 0.00021550099498802712 0.00058894191640734568 3.6899849842342292e-08 0.00032770326415414446 -2.0101203816325077e-05 -2.0396598151095626e-05 0.00037630489880026712 -3.471139806232593e-06 -1.1912437280481304e-05 6.5094494675557729e-05
leaf_weight=32 55 25 70 28 21 44 46 58 20 213 201 35 289 56
leaf_count=32 55 25 70 28 21 44 46 58 20 213 201 35 289 56
internal_value=-0.00188442 -0.0146552 -0.00123131 -0.00189464 -0.000993724 0.00329268 0.02 -0.000446429 -0.00256849 -0.00662393 -0.00420475 -0.00736994 -0.00482315 -0.00866142
internal_weight=1193 57 1136 1081 955 409 74 335 291 233 546 345 310 126
internal_count=1193 57 1136 1081 955 409 74 335 291 233 546 345 310 126
cat_boundaries=0 1 2
cat_threshold=4 2
is_linear=0
shrinkage=0.05


end of trees

feature_importances:
doy_sin=421
doy_cos=199
inventory_count=151
dow=123
room_share=83
room_type_kind=36
country=15
week_of_year=12
is_weekend=6
currency=2
primary_rate_mode=2

parameters:
[boosting: gbdt]
[objective: regression_l1]
[metric: l1]
[tree_learner: serial]
[device_type: cpu]
[data_sample_strategy: bagging]
[data: ]
[valid: ]
[num_iterations: 75]
[learning_rate: 0.05]
[num_leaves: 15]
[num_threads: 0]
[seed: 42]
[deterministic: 1]
[force_col_wise: 0]
[force_row_wise: 1]
[histogram_pool_size: -1]
[max_depth: -1]
[min_data_in_leaf: 20]
[min_sum_hessian_in_leaf: 0.001]
[bagging_fraction: 0.8]
[pos_bagging_fraction: 1]
[neg_bagging_fraction: 1]
[bagging_freq: 1]
[bagging_seed: 400]
[bagging_by_query: 0]
[feature_fraction: 0.8]
[feature_fraction_bynode: 1]
[feature_fraction_seed: 30056]
[extra_trees: 0]
[extra_seed: 12879]
[early_stopping_round: 0]
[early_stopping_min_delta: 0]
[first_metric_only: 0]
[max_delta_step: 0]
[lambda_l1: 0]
[lambda_l2: 1]
[linear_lambda: 0]
[min_gain_to_split: 0]
[drop_rate: 0.1]
[max_drop: 50]
[skip_drop: 0.5]
[xgboost_dart_mode: 0]
[uniform_drop: 0]
[drop_seed: 17869]
[top_rate: 0.2]
[other_rate: 0.1]
[min_data_per_group: 100]
[max_cat_threshold: 32]
[cat_l2: 10]
[cat_smooth: 10]
[max_cat_to_onehot: 4]
[top_k: 20]
[monotone_constraints: ]
[monotone_constraints_method: basic]
[monotone_penalty: 0]
[feature_contri: ]
[forcedsplits_filename: ]
[refit_decay_rate: 0.9]
[cegb_tradeoff: 1]
[cegb_penalty_split: 0]
[cegb_penalty_feature_lazy: ]
[cegb_penalty_feature_coupled: ]
[path_smooth: 0]
[interaction_constraints: ]
[verbosity: -1]
[saved_feature_importance_type: 0]
[use_quantized_grad: 0]
[num_grad_quant_bins: 4]
[quant_train_renew_leaf: 0]
[stochastic_rounding: 1]
[linear_tree: 0]
[max_bin: 255]
[max_bin_by_feature: ]
[min_data_in_bin: 3]
[bin_construct_sample_cnt: 200000]
[data_random_seed: 175]
[is_enable_sparse: 1]
[enable_bundle: 1]
[use_missing: 1]
[zero_as_missing: 0]
[feature_pre_filter: 1]
[pre_partition: 0]
[two_round: 0]
[header: 0]
[label_column: ]
[weight_column: ]
[group_column: ]
[ignore_column: ]
[categorical_feature: 0,1,2,3,4,5]
[forcedbins_filename: ]
[precise_float_parser: 0]
[parser_config_file: ]
[objective_seed: 16083]
[num_class: 1]
[is_unbalance: 0]
[scale_pos_weight: 1]
[sigmoid: 1]
[boost_from_average: 1]
[reg_sqrt: 0]
[alpha: 0.9]
[fair_c: 1]
[poisson_max_delta_step: 0.7]
[tweedie_variance_power: 1.5]
[lambdarank_truncation_level: 30]
[lambdarank_norm: 1]
[label_gain: ]
[lambdarank_position_bias_regularization: 0]
[eval_at: ]
[multi_error_top_k: 1]
[auc_mu_weights: ]
[num_machines: 1]
[local_listen_port: 12400]
[time_out: 120]
[machine_list_filename: ]
[machines: ]
[gpu_platform_id: -1]
[gpu_device_id: -1]
[gpu_device_id_list: ]
[gpu_use_dp: 0]
[num_gpu: 1]

end of parameters

pandas_categorical:[["AU", "CA", "MX", "NZ", "US", "unknown"], ["AUD", "CAD", "MXN", "NZD", "USD", "unknown"], ["agora", "cms", "unknown"], ["average", "lowest", "unknown"], ["regional", "resort_coastal", "resort_mountain", "unknown", "urban_core", "urban_outer"], ["derived", "optimized", "unknown"]]
