tree
version=v4
num_class=1
num_tree_per_iteration=1
label_index=0
max_feature_idx=14
objective=regression
feature_names=country currency pms_type primary_rate_mode region_type room_type_kind total_rooms inventory_count room_share dow is_weekend doy_sin doy_cos week_of_year cp
monotone_constraints=0 0 0 0 0 0 0 0 0 0 0 0 0 0 -1
feature_infos=-1:4:1 -1:4:1 none -1:0:1 -1:1:2 -1:0:2:1 [64:68] [1:16] [0.014705882352941176:0.25] [0:6] [0:1] [0.025818440227133081:0.99999073973619013] [-0.99966664851051124:0.055916990100603484] [13:27] [1:90]
tree_sizes=2774 2919 2930 2939 2937 2914 2926 2924 2941 2919 2945 2913 2933 2916 2932 2949 2942 2920 2947 2921 2940 2929 2939 2943 2948 2959 2929 2947 2964 2971 2938 2968 2966 2974 2945 2967 2945 2979 2954 2936 2955 2974 2967 2993 2981 2940 2933 2942 2997 2957 2935 2980 2922

Tree=0
num_leaves=31
num_cat=2
split_feature=14 14 11 14 14 11 0 0 14 11 14 11 11 11 11 11 14 14 11 11 14 11 7 7 14 14 14 11 11 11
split_gain=387.9 65.909 60.3725 28.8244 27.1949 24.1408 13.2462 9.67664 5.75301 5.53075 5.48033 5.34907 4.43377 4.33157 2.52842 2.43249 2.26435 2.14973 2.01104 2.67104 1.902 1.8424 1.7193 1.60544 1.51826 1.28504 1.28356 1.09106 0.980555 0.8798
threshold=25.500000000000004 5.0000000000000009 0.73538978246754183 75.000000000000014 52.500000000000007 0.88403476330151454 0 1 10.500000000000002 0.98731287009808555 52.500000000000007 0.92750732661553648 0.73538978246754183 0.93982124484292628 0.068799878299628026 0.84978561355144533 37.500000000000007 2.0000000000000004 0.98127012181273632 0.95102128832130872 75.000000000000014 0.38564912093021586 1.5000000000000002 1.5000000000000002 75.000000000000014 10.500000000000002 37.500000000000007 0.97406437363071496 0.68702731818199703 0.30490993010465889
decision_type=2 2 2 2 2 2 1 1 2 2 2 2 2 2 2 2 2 2 2 2 2 2 2 2 2 2 2 2 2 2
left_child=1 9 3 7 11 6 8 10 -3 17 -2 16 14 20 -10 -14 -4 -1 19 -7 -6 -12 -5 -13 -15 -21 27 -25 -19 -24
right_child=2 5 4 22 13 18 -8 -9 12 -11 21 23 15 24 -16 -17 -18 28 -20 25 -22 -23 29 26 -26 -27 -28 -29 -30 -31
leaf_value=0.63530095674112352 0.61690736911595212 0.62751326316622147 0.613827159615286 0.59719910507319685 0.60119958136491114 0.61723800605197277 0.61690736911595212 0.60932894437405372 0.61690736911595212 0.62751326316622147 0.60934785401518698 0.61022290750559183 0.61690736911595212 0.59504405834848362 0.62570032137274656 0.62566501567696498 0.60719014760130952 0.63346279627049107 0.61690736911595212 0.62751326316622147 0.59574623844086638 0.61455610073748179 0.60153619734176589 0.609641297307431 0.58914675008012973 0.62109524810882322 0.60119958136491114 0.60324511120878554 0.63032431150497936 0.60603118810466983
leaf_weight=1082 1245 800 260 105 282 381 88 70 82 244 297 80 268 271 1148 101 257 606 428 99 290 329 184 97 241 179 248 157 483 324
leaf_count=1082 1245 800 260 105 282 381 88 70 82 244 297 80 268 271 1148 101 257 606 428 99 290 329 184 97 241 179 248 157 483 324
internal_value=0.618025 0.62648 0.607334 0.612556 0.60123 0.622167 0.624908 0.615544 0.62586 0.63286 0.616612 0.606789 0.623887 0.59561 0.625329 0.619076 0.610514 0.633694 0.616907 0.619958 0.598686 0.612205 0.603113 0.603499 0.592218 0.623675 0.602445 0.605291 0.632083 0.604374
internal_weight=10726 5989 4737 2554 2183 3574 2487 1941 2399 2415 1871 1099 1599 1084 1230 369 517 2171 1087 659 572 626 613 582 512 278 502 254 1089 508
internal_count=10726 5989 4737 2554 2183 3574 2487 1941 2399 2415 1871 1099 1599 1084 1230 369 517 2171 1087 659 572 626 613 582 512 278 502 254 1089 508
cat_boundaries=0 1 2
cat_threshold=16 16
is_linear=0
shrinkage=1


Tree=1
num_leaves=31
num_cat=2
split_feature=14 14 11 0 14 14 11 11 0 14 11 14 11 11 14 11 14 14 14 14 11 11 11 11 11 7 9 7 11 11
split_gain=351.047 62.0999 52.1123 29.5429 24.0781 23.1628 13.6634 13.2582 9.26649 7.26156 5.4267 4.91783 4.19322 3.84629 2.9912 1.94563 1.9055 1.62249 1.51418 1.43909 1.40201 1.24031 0.935424 0.852672 0.730559 0.726237 0.963216 0.722107 0.864095 0.835577
threshold=25.500000000000004 10.500000000000002 0.73538978246754183 0 75.000000000000014 52.500000000000007 0.73538978246754183 0.98731287009808555 1 5.0000000000000009 0.92750732661553648 52.500000000000007 0.93982124484292628 0.085961614525331076 37.500000000000007 0.68702731818199703 2.0000000000000004 75.000000000000014 75.000000000000014 37.500000000000007 0.40147311773604405 0.068799878299628026 0.99817629101047833 0.7582777201612757 0.12020359228713824 3.5000000000000004 2.5000000000000004 1.5000000000000002 0.40147311773604405 0.50865210223081447
decision_type=2 2 2 1 2 2 2 2 1 2 2 2 2 2 2 2 2 2 2 2 2 2 2 2 2 2 2 2 2 2
left_child=1 7 3 4 11 10 8 9 13 16 14 -2 18 -3 -4 24 -1 -14 -7 22 -13 -6 -12 -18 -11 26 -16 28 -23 -29
right_child=2 6 5 -5 21 12 -8 -9 -10 15 19 20 17 -15 25 -17 23 -19 -20 -21 -22 27 -24 -25 -26 -27 -28 29 -30 -31
leaf_value=0.016539235947634193 -0.0011549422189175498 -0.0011549422189175498 -0.0031341593073425343 -0.030115916528578465 -0.021246315175017648 -0.015927220687976484 -0.0011549422189175498 0.0069358545944341946 -0.0011549422189175498 0.0071467004299752019 -0.0095764633009194182 -0.0071513592224794285 -0.021324407865265103 0.0069358545944341946 -0.015927220687976484 0.0075928647572225368 0.014686938103983511 -0.027241578700948746 -0.020699151481951138 -0.015927220687976484 -0.0033565462505424563 -0.021087302237140892 -0.013696893103062286 0.012455222228971531 0.012455222228971531 -0.0072876400514505814 -0.0095143635379205845 -0.0095830143304894977 -0.011469598327364241 -0.014043056609582424
leaf_weight=1052 1209 109 254 115 42 278 1111 382 53 75 231 315 263 1133 60 495 685 266 285 280 326 48 52 392 491 99 100 289 55 180
leaf_count=1052 1209 109 254 115 42 278 1111 382 53 75 231 315 263 1133 60 495 685 266 285 280 326 48 52 392 491 99 100 289 55 180
internal_value=-0.000110059 0.00795032 -0.0102602 -0.0054537 -0.00429091 -0.0159728 0.00173985 0.0121319 0.00531972 0.0133102 -0.0107499 -0.00144087 -0.0211045 0.00674108 -0.0070081 0.00991225 0.0149982 -0.0243456 -0.0180214 -0.014141 -0.00555815 -0.0128618 -0.0114666 0.013479 0.0119237 -0.0107806 -0.0128832 -0.0122102 -0.0161113 -0.011321
internal_weight=10725 5978 4747 2579 2464 2168 2406 3572 1295 3190 1076 1850 1092 1242 513 1061 2129 529 563 563 641 614 283 1077 566 259 160 572 103 469
internal_count=10725 5978 4747 2579 2464 2168 2406 3572 1295 3190 1076 1850 1092 1242 513 1061 2129 529 563 563 641 614 283 1077 566 259 160 572 103 469
cat_boundaries=0 1 2
cat_threshold=16 16
is_linear=0
shrinkage=0.05


Tree=2
num_leaves=31
num_cat=2
split_feature=14 14 11 14 14 11 11 0 0 14 11 11 14 11 11 14 11 14 11 9 14 7 14 11 7 11 11 11 11 9
split_gain=316.891 54.7956 53.0967 25.453 20.8672 12.2823 12.1855 9.92796 8.72932 6.61081 5.2402 4.95795 3.53764 2.72714 2.57707 1.85816 1.64264 1.47228 1.14555 1.12732 1.10205 1.09101 0.907675 0.876378 0.784793 1.12572 0.538443 0.52832 0.509548 0.415077
threshold=25.500000000000004 10.500000000000002 0.73538978246754183 75.000000000000014 52.500000000000007 0.73538978246754183 0.98731287009808555 0 1 5.0000000000000009 0.93380263866670565 0.085961614525331076 37.500000000000007 0.085961614525331076 0.92750732661553648 2.0000000000000004 0.73538978246754183 75.000000000000014 0.88403476330151454 3.5000000000000004 52.500000000000007 1.5000000000000002 75.000000000000014 0.73538978246754183 1.5000000000000002 0.97781212113892935 0.30490993010465889 0.95619940680887117 0.13727368718622826 2.5000000000000004
decision_type=2 2 2 2 2 2 2 1 1 2 2 2 2 2 2 2 2 2 2 2 2 2 2 2 2 2 2 2 2 2
left_child=1 6 3 7 12 8 9 11 13 15 17 -2 14 -3 29 -1 28 -6 -14 -5 -13 -20 -12 -17 25 -7 -21 -18 -11 -4
right_child=2 5 4 19 10 24 -8 -9 -10 16 22 20 18 -15 -16 23 27 -19 21 26 -22 -23 -24 -25 -26 -27 -28 -29 -30 -31
leaf_value=0.015822066854084806 -0.0074683388648300294 -0.00085577197954159331 -0.0062118299104071961 -0.011208669129934019 -0.015109573593857934 0.0066519066299262804 0.0067487969968915932 -0.0074683388648300294 -0.00085577197954159331 0.007580343289583018 -0.02108878833622907 -0.00085577197954159331 -0.010256388275924722 0.0067487969968915932 -0.010256388275924722 0.01412074268058832 0.0067487969968915932 -0.019324061945899501 -0.010256388275924722 -0.018391323281633381 -0.0038146892295413855 -0.015109573593857934 -0.025545094394730728 0.011911261695547083 -0.00085577197954159331 -0.00085577197954159331 -0.013627408903926774 0.010515912247783676 0.01165387012656928 -0.0022042542253620924
leaf_weight=1078 163 111 110 361 276 113 384 81 51 98 280 1162 189 1137 286 669 315 272 56 112 563 304 285 427 954 45 182 97 559 159
leaf_count=1078 163 111 110 361 276 113 384 81 51 98 280 1162 189 1137 286 669 315 272 56 112 563 304 285 427 954 45 182 97 559 159
internal_value=8.86449e-05 0.00772912 -0.00944066 -0.00462469 -0.0151361 0.0018858 0.0116118 -0.00178184 0.00527333 0.0127365 -0.0199689 -0.000855772 -0.0102502 0.00666573 -0.00741181 0.0143232 0.00949928 -0.0164181 -0.013101 -0.0131548 -0.000855772 -0.0147899 -0.0233778 0.0128359 -0.000855772 0.00390955 -0.0154984 0.0069918 0.0110587 -0.00385998
internal_weight=10879 6038 4841 2624 2217 2411 3627 1969 1299 3243 1113 1888 1104 1248 555 2174 1069 548 549 655 1725 360 565 1096 1112 158 294 412 657 269
internal_count=10879 6038 4841 2624 2217 2411 3627 1969 1299 3243 1113 1888 1104 1248 555 2174 1069 548 549 655 1725 360 565 1096 1112 158 294 412 657 269
cat_boundaries=0 1 2
cat_threshold=16 16
is_linear=0
shrinkage=0.05


Tree=3
num_leaves=31
num_cat=2
split_feature=14 14 11 14 11 14 0 0 11 11 14 11 11 14 11 14 14 8 11 11 11 14 11 11 8 11 11 8 8 11
split_gain=277.17 51.6488 46.8482 25.0579 19.5113 18.4727 12.2427 9.24392 5.02371 4.25452 4.19279 3.9906 3.69694 2.4394 1.68913 1.62909 1.25146 1.22216 1.17812 1.15508 1.83112 1.08829 0.986896 0.713679 0.712698 0.674498 0.66466 0.653934 0.635401 0.820015
threshold=25.500000000000004 5.0000000000000009 0.73538978246754183 75.000000000000014 0.87585926134142889 52.500000000000007 0 1 0.92093717412624365 0.98127012181273632 17.500000000000004 0.98731287009808555 0.085961614525331076 37.500000000000007 0.76938632707879184 2.0000000000000004 75.000000000000014 0.02251838235294118 0.10309787846944714 0.98127012181273632 0.95619940680887117 75.000000000000014 0.73538978246754183 0.085961614525331076 0.090533088235294129 0.13727368718622826 0.84978561355144533 0.036764705882352949 0.10615808823529413 0.50865210223081447
decision_type=2 2 2 2 2 2 1 1 2 2 2 2 2 2 2 2 2 2 2 2 2 2 2 2 2 2 2 2 2 2
left_child=1 11 3 7 6 9 10 12 16 13 25 15 -2 -4 18 -1 -7 -5 -12 20 27 -10 -17 -19 -22 -3 -16 -6 29 -25
right_child=2 4 5 17 19 8 -8 -9 21 -11 14 -13 -14 -15 26 22 -18 23 -20 -21 24 -23 -24 28 -26 -27 -28 -29 -30 -31
leaf_value=0.014820818302022795 -0.0072425927290583171 0.0058955867697967883 -0.0050689143602810714 -0.017661406009093574 0.0025849997926100047 -0.014265527073483532 -0.00095641198866412778 -0.0072425927290583171 -0.019609825895399946 -0.014265527073483532 -0.00095641198866412778 0.0079805523576472626 -0.00095641198866412778 -0.010624744612578825 -0.00095641198866412778 0.013256737013905118 -0.018092917372628411 -0.017545933492551995 0.005569690860716652 -0.00095641198866412778 0.0069846137801463579 -0.024207368885151678 0.010092440636958494 -0.0083647470557057443 0.00049029442301967696 0.0079805523576472626 0.0054395627139545077 -0.00095641198866412778 -0.015054721767032739 -0.013064706299124604
leaf_weight=1080 174 191 412 114 156 266 92 78 300 301 67 259 1706 385 95 662 256 52 591 441 173 304 429 240 56 1385 40 288 92 163
leaf_count=1080 174 191 412 114 156 266 92 78 300 301 67 259 1706 385 95 662 256 52 591 441 173 304 429 240 56 1385 40 288 92 163
internal_value=-9.56054e-05 0.00708132 -0.00899415 -0.00445983 0.00325675 -0.0143294 0.00579602 -0.0016157 -0.0188308 -0.00970023 0.0068076 0.0127044 -0.000956412 -0.00776267 0.00381062 0.0134209 -0.015175 -0.0128695 0.00485644 -0.000956412 0.00178454 -0.02196 0.0120229 -0.0118404 0.00540552 0.00798055 -0.000956412 -9.09945e-05 -0.0112069 -0.0102934
internal_weight=10848 6005 4843 2619 3575 2224 2461 1958 1126 1098 2369 2430 1880 797 793 2171 522 661 658 1114 673 604 1091 547 229 1576 135 444 495 403
internal_count=10848 6005 4843 2619 3575 2224 2461 1958 1126 1098 2369 2430 1880 797 793 2171 522 661 658 1114 673 604 1091 547 229 1576 135 444 495 403
cat_boundaries=0 1 2
cat_threshold=16 16
is_linear=0
shrinkage=0.05


Tree=4
num_leaves=31
num_cat=1
split_feature=12 0 12 12 12 7 12 12 7 7 10 12 12 7 12 12 7 7 7 12 7 12 7 7 12 7 7 10 12 7
split_gain=58.2833 44.4395 20.3174 9.71229 6.5432 5.0801 3.37699 3.22475 3.59263 2.78461 2.56804 2.27076 3.52682 3.01015 2.59127 1.46359 1.41025 1.40777 3.03066 1.2407 1.2115 1.29449 1.14145 1.10346 1.03482 1.30567 1.15702 0.976829 0.868611 0.862945
threshold=-0.4673419057595769 0 -0.021515300460958463 -0.6775896895960708 -0.99626127116974506 2.5000000000000004 -0.52705818521824688 -0.15855351192338588 1.5000000000000002 1.5000000000000002 1.0000000180025095e-35 -0.9523422988233432 -0.97106408147883394 1.5000000000000002 -0.8520459593969173 -0.48248986924805454 11.500000000000002 2.5000000000000004 4.5000000000000009 -0.99271195016773384 2.5000000000000004 -0.78295110140207613 3.5000000000000004 6.0000000000000009 -0.090248267031646914 6.0000000000000009 3.5000000000000004 1.0000000180025095e-35 -0.97502841500522164 3.5000000000000004
decision_type=2 1 2 2 2 2 2 2 2 2 2 2 2 2 2 2 2 2 2 2 2 2 2 2 2 2 2 2 2 2
left_child=1 3 7 4 9 -4 -5 -2 -9 -1 11 12 13 19 16 27 -13 -14 -19 -6 -16 -22 -17 28 26 -26 -10 -8 -15 -23
right_child=2 -3 5 6 10 -7 15 8 24 -11 -12 14 17 23 20 22 -18 18 -20 -21 21 29 -24 -25 25 -27 -28 -29 -30 -31
leaf_value=-0.00985890468809663 -0.0034413082726372467 -0.017353771583757539 -0.0085375715934094942 -0.0016351014381139131 -0.0087773300534070928 -0.023610088878034893 0.0067801487622313021 0.0017042296604045386 -0.013068912138143627 0.00024218924866453801 0.0028403480253858414 0.0082162940579864618 0.0026873491345399837 0.0056888299707444044 0.0064802543570597962 -0.0055631257753287044 0.0010344721647482869 -0.01403035674938711 0.0012872068667396284 0.0012305276485176774 0.0010321326625250433 0.0024589487484688709 0.0046481789979669784 0.0092669285877915192 -0.0044245664533156858 -0.010722411482320091 -0.0073460348747746169 0.0011886465344459638 -0.00054463040817958805 0.0066978526791233077
leaf_weight=81 2151 275 83 1216 42 181 237 102 180 406 1473 1150 82 431 536 69 73 58 71 110 338 200 44 205 262 121 184 117 64 306
leaf_count=81 2151 275 83 1216 42 181 237 102 180 406 1473 1150 82 431 536 69 73 58 71 110 338 200 44 205 262 121 184 117 64 306
internal_value=-6.24621e-05 0.00234186 -0.00564797 0.00308517 0.0040819 -0.0189215 -0.00024717 -0.00447399 -0.00708323 -0.00145463 0.00460675 0.00531553 0.00336303 0.00479522 0.00611128 0.00336257 0.00778881 -0.00241539 -0.00565471 -0.0015741 0.00462004 0.00343241 -0.00158115 0.00617855 -0.0082838 -0.00643697 -0.0102041 0.00494066 0.00488341 0.00503055
internal_weight=10848 7584 3264 7309 5626 264 1683 3000 849 487 5139 3666 1063 852 2603 467 1223 211 129 152 1380 844 113 700 747 383 364 354 495 506
internal_count=10848 7584 3264 7309 5626 264 1683 3000 849 487 5139 3666 1063 852 2603 467 1223 211 129 152 1380 844 113 700 747 383 364 354 495 506
cat_boundaries=0 1
cat_threshold=16
is_linear=0
shrinkage=0.05


Tree=5
num_leaves=31
num_cat=3
split_feature=14 14 11 14 11 1 11 1 1 14 11 14 11 14 14 11 11 9 9 14 11 11 7 9 11 11 7 14 9 9
split_gain=255.031 61.2763 25.3052 23.3695 18.4553 13.9072 10.5465 5.67773 4.81651 4.10427 4.04431 3.75716 3.57487 3.30059 2.93812 2.21875 1.64408 1.37799 1.30365 1.20725 1.0241 1.00776 0.979292 0.934475 0.874092 0.784478 0.764594 0.753753 0.674627 0.58037
threshold=17.500000000000004 52.500000000000007 0.73538978246754183 5.0000000000000009 0.73538978246754183 0 0.98127012181273632 1 2 75.000000000000014 0.92750732661553648 75.000000000000014 0.92093717412624365 37.500000000000007 10.500000000000002 0.93380263866670565 0.73538978246754183 2.5000000000000004 2.5000000000000004 2.0000000000000004 0.085961614525331076 0.89959754652979684 6.0000000000000009 5.5000000000000009 0.27194808396361153 0.085961614525331076 4.5000000000000009 2.0000000000000004 3.5000000000000004 2.5000000000000004
decision_type=2 2 2 2 2 1 2 1 1 2 2 2 2 2 2 2 2 2 2 2 2 2 2 2 2 2 2 2 2 2
left_child=3 2 5 12 7 25 8 11 14 15 13 -3 27 17 -5 29 24 22 -18 -14 -13 -11 -4 -19 26 -2 -16 -1 -22 -6
right_child=1 4 10 6 9 -7 -8 -9 -10 21 -12 20 19 -15 16 -17 18 23 -20 -21 28 -23 -24 -25 -26 -27 -28 -29 -30 -31
leaf_value=0.014372003533004843 -0.005255658303651151 -0.0078321747328287342 -0.0047886426093379075 0.0086686096579543549 -0.014053708437181468 -0.0078321747328287342 0.00090788776517071804 -0.026160915001578956 0.00090788776517071804 -0.017704719110866483 -0.0078321747328287342 -0.018220184325914959 0.011896385991595836 -0.0078321747328287342 0.001587264997134399 -0.017636265648154001 0.00090788776517071804 0.00090788776517071804 0.0055663247640493595 0.0086686096579543549 -0.0097853678886994522 -0.022421368634956165 0.00090788776517071804 -0.0047886426093379075 0.0069872882166015452 0.00090788776517071804 0.0069872882166015452 0.012214925133580912 -0.013085610628407449 -0.0092340805208494456
leaf_weight=887 165 611 161 1022 116 81 289 45 61 211 857 57 297 271 143 293 187 234 216 304 325 352 57 60 426 1707 61 883 249 161
leaf_count=887 165 611 161 1022 116 81 289 45 61 211 857 57 297 271 143 293 187 234 216 304 325 352 57 60 426 1707 61 883 249 161
internal_value=2.09051e-05 -0.00682974 -0.00268601 0.00864552 -0.0129783 0.000907888 0.00516948 -0.00887016 0.00666075 -0.017633 -0.00726768 -0.00822314 0.0121677 -0.00413872 0.00722725 -0.0145843 0.00530597 -0.00174511 0.00280184 0.00880656 -0.0117386 -0.0206882 -0.00474773 0.000489869 0.00690084 0.000907888 0.00368262 0.0133034 -0.0110643 -0.0112957
internal_weight=10789 6013 3593 4776 2420 1953 2405 1287 2116 1133 1640 1242 2371 783 2055 570 1033 512 403 601 631 563 218 294 630 1872 204 1770 574 277
internal_count=10789 6013 3593 4776 2420 1953 2405 1287 2116 1133 1640 1242 2371 783 2055 570 1033 512 403 601 631 563 218 294 630 1872 204 1770 574 277
cat_boundaries=0 1 2 3
cat_threshold=16 16 16
is_linear=0
shrinkage=0.05


Tree=6
num_leaves=31
num_cat=2
split_feature=11 0 12 11 11 7 7 11 11 7 11 11 11 7 5 11 11 11 11 7 7 7 11 11 11 7 7 11 11 7
split_gain=49.2194 34.2481 17.6843 8.72853 6.21715 6.73351 4.49352 3.7006 3.23215 2.17108 3.01042 1.95932 1.71706 1.71074 1.60707 1.50721 1.33838 1.29283 2.14949 3.05076 3.54703 1.979 1.19941 2.34228 1.36885 2.72419 1.86728 1.1535 1.09939 1.02478
threshold=0.88403476330151454 0 -0.021515300460958463 0.73538978246754183 0.30490993010465889 1.5000000000000002 2.5000000000000004 0.50865210223081447 0.84978561355144533 1.5000000000000002 0.98731287009808555 0.12020359228713824 0.71163026189157008 11.500000000000002 1 0.94556136170129623 0.43275956216002465 0.068799878299628026 0.2219132928352042 2.5000000000000004 4.5000000000000009 2.5000000000000004 0.95619940680887117 0.92750732661553648 0.89959754652979684 3.5000000000000004 2.5000000000000004 0.25534383660447135 0.068799878299628026 6.0000000000000009
decision_type=2 1 2 2 2 2 2 2 2 2 2 2 2 2 1 2 2 2 2 2 2 2 2 2 2 2 2 2 2 2
left_child=1 3 9 4 5 11 -4 13 -5 15 14 28 -9 16 22 -2 -6 21 29 -20 -21 -7 23 24 25 26 -11 -13 -1 -19
right_child=2 -3 6 8 7 17 -8 12 -10 10 -12 27 -14 -15 -16 -17 -18 18 19 20 -22 -23 -24 -25 -26 -27 -28 -29 -30 -31
leaf_value=-0.0052256785990560765 -0.0048128376567834301 -0.015438831199828843 -0.0079256642481376396 -0.0017579241347992732 0.0060401134179141119 0.0061020719616309456 -0.021926014033238312 0.0030390363340500057 0.0031991568531145108 -0.0047668725888176666 -0.007280225209902365 1.1982289196430952e-05 0.007534432434669335 0.00036445456945719863 -0.00073928588164705496 0.0013492203779987522 0.0091430807484331883 0.0038685635226283922 0.0073009599303436841 -0.0072727704293822915 0.0029905490356795187 -0.0026309535535983743 -0.002671853058913994 -0.0085750737577067939 -0.001272856545955187 0.0025825694917390746 -0.019849750983782791 -0.0085444277408076273 -0.014668813099463782 0.0076190600879201603
leaf_weight=67 151 265 86 1185 931 91 181 1780 454 40 748 173 241 97 407 285 567 639 128 155 182 219 631 360 304 44 43 50 59 257
leaf_count=67 151 265 86 1185 931 91 181 1780 454 40 748 173 241 97 407 285 567 639 128 155 182 219 631 360 304 44 43 50 59 257
internal_value=-4.0433e-05 0.00218377 -0.00515249 0.00282772 0.00376154 0.00153863 -0.0174629 0.00500255 -0.000383708 -0.00405615 -0.00460806 -0.00476902 0.00357856 0.00680349 -0.00351185 -0.000791017 0.00721992 0.00285809 0.0035214 0.00076082 -0.00173752 -5.60102e-05 -0.00430432 -0.00560156 -0.00310379 -0.00744231 -0.0127242 -0.00193608 -0.00972815 0.00495161
internal_weight=10820 7540 3280 7275 5636 2020 267 3616 1639 3013 2577 349 2021 1595 1829 436 1498 1671 1361 465 337 310 1422 791 431 127 83 223 126 896
internal_count=10820 7540 3280 7275 5636 2020 267 3616 1639 3013 2577 349 2021 1595 1829 436 1498 1671 1361 465 337 310 1422 791 431 127 83 223 126 896
cat_boundaries=0 1 2
cat_threshold=16 1
is_linear=0
shrinkage=0.05


Tree=7
num_leaves=31
num_cat=2
split_feature=14 14 13 14 13 0 14 14 0 14 13 13 13 14 13 13 14 14 13 14 9 13 13 9 7 13 13 9 13 14
split_gain=229.961 39.1623 34.2242 21.0166 14.4989 8.78763 7.55879 5.22715 4.73577 4.31489 3.7869 2.83453 2.28448 1.70759 1.70083 1.65074 1.61699 1.07232 1.06692 0.996371 0.925787 0.840728 0.747732 0.7458 0.686434 0.651214 0.631638 0.581254 0.491946 0.450827
threshold=25.500000000000004 5.0000000000000009 17.500000000000004 52.500000000000007 15.500000000000002 0 52.500000000000007 75.000000000000014 1 17.500000000000004 19.500000000000004 15.500000000000002 19.500000000000004 37.500000000000007 20.500000000000004 19.500000000000004 75.000000000000014 2.0000000000000004 22.500000000000004 2.0000000000000004 2.5000000000000004 15.500000000000002 18.500000000000004 3.5000000000000004 2.5000000000000004 14.500000000000002 25.500000000000004 1.5000000000000002 19.500000000000004 37.500000000000007
decision_type=2 2 2 2 2 1 2 2 1 2 2 2 2 2 2 2 2 2 2 2 2 2 2 2 2 2 2 2 2 2
left_child=1 11 6 8 -3 9 13 14 10 12 29 17 24 25 -5 20 -8 -1 -9 -13 -11 -15 -22 -20 27 -2 -17 -6 -21 -4
right_child=2 4 3 7 5 -7 16 18 -10 15 -12 19 -14 21 -16 26 -18 -19 23 28 22 -23 -24 -25 -26 -27 -28 -29 -30 -31
leaf_value=0.011356446562734034 -0.011230483596560058 -0.0008415038327106994 -0.0029699689302878792 -0.0094821297531013319 0.0047027759497114997 -0.0008415038327106994 -0.016156281391884138 -0.013917743663415721 -0.0056278392834850687 -0.0008415038327106994 -0.0008415038327106994 0.013230107898477894 0.0073097743465928289 -0.014955833068456782 -0.0056278392834850687 0.0047027759497114997 -0.021269826668717746 0.0073097743465928289 -0.0094821297531013319 0.0093167072653756559 0.0045256998797027484 -0.011230483596560058 -0.0008415038327106994 -0.013133166480181089 0.0047027759497114997 -0.0072948632011204445 0.00055356274403276895 0.0073097743465928289 0.011757943000378353 -0.0056278392834850687
leaf_weight=167 85 490 172 259 64 88 336 465 60 141 1353 1046 1322 150 578 557 334 163 230 334 150 175 48 165 443 258 104 181 699 178
leaf_count=167 85 490 172 259 64 88 336 465 60 141 1353 1046 1322 150 578 557 334 163 230 334 150 175 48 165 443 258 104 181 699 178
internal_value=-2.61338e-05 0.00650093 -0.00818394 -0.00555514 0.00318868 0.00468183 -0.0149726 -0.00952541 -0.00173026 0.00537905 -0.000864165 0.0114309 0.00671423 -0.0111783 -0.00669891 0.00269132 -0.0187333 0.00730977 -0.0122653 0.0121171 -0.000145663 -0.0137922 0.00268855 -0.0102899 0.00470278 -0.00866873 0.00414431 0.00730977 0.0109784 -0.00562784
internal_weight=10795 5997 4798 3460 3588 3098 1338 1697 1763 3010 1703 2409 2010 668 837 1000 670 330 860 2079 339 325 198 395 688 343 661 245 1033 350
internal_count=10795 5997 4798 3460 3588 3098 1338 1697 1763 3010 1703 2409 2010 668 837 1000 670 330 860 2079 339 325 198 395 688 343 661 245 1033 350
cat_boundaries=0 1 2
cat_threshold=16 16
is_linear=0
shrinkage=0.05


Tree=8
num_leaves=31
num_cat=1
split_feature=11 0 12 11 11 11 7 7 11 11 11 11 9 7 11 7 7 11 7 11 7 9 7 11 9 7 11 7 7 11
split_gain=41.6391 32.9757 16.2652 5.23365 5.21078 4.57095 5.10531 4.56048 2.91131 2.16578 1.91637 1.89144 1.73925 1.60216 1.49571 3.84472 2.29007 2.21329 1.50988 1.4524 1.25176 1.22284 1.46189 1.59806 1.08385 1.24114 1.61295 2.51091 1.05926 1.0527
threshold=0.87585926134142889 0 -0.021515300460958463 0.73538978246754183 0.85873214889986926 0.30490993010465889 1.5000000000000002 2.5000000000000004 0.50865210223081447 0.98127012181273632 0.12020359228713824 0.25534383660447135 3.5000000000000004 11.500000000000002 0.23866392535577388 2.5000000000000004 4.5000000000000009 0.068799878299628026 2.5000000000000004 0.41717814939258779 1.5000000000000002 5.5000000000000009 1.5000000000000002 0.63540876391619916 1.5000000000000002 3.5000000000000004 0.9700279898265628 2.5000000000000004 4.5000000000000009 0.68702731818199703
decision_type=2 1 2 2 2 2 2 2 2 2 2 2 2 2 2 2 2 2 2 2 2 2 2 2 2 2 2 2 2 2
left_child=1 3 9 5 20 6 10 -4 13 24 -1 -12 -11 19 17 -16 -17 18 -8 -7 -5 22 -10 -24 25 26 27 -2 29 -23
right_child=2 -3 7 4 -6 8 14 -9 21 12 11 -13 -14 -15 15 16 -18 -19 -20 -21 -22 28 23 -25 -26 -27 -28 -29 -30 -31
leaf_value=-0.008954369113212679 -0.0044114516274137905 -0.014799175909064738 -0.0066099657504646876 0.0027357829793503412 0.0071414566422691164 0.0050952652589755787 0.0051743138730129673 -0.021092876126424652 0.0069321053632127004 -0.0074857693184014812 0.0016066758289481654 -0.0086990076498907123 -0.0034915369292390225 -0.00014980662538922236 0.0083617601054485399 -0.0081958863081607394 0.0010160493656682472 0.0047069920370333548 -0.0023963205631695353 0.0082253154835211454 -0.0016538016244020967 0.0016633187728240793 0.0015410679994902554 0.0048628428192832585 -0.0018018059268264297 -0.0016749829474649294 -0.001522045447888185 -0.01464919602931148 0.0049681407353066769 -0.0061455175635980117
leaf_weight=122 155 276 80 189 229 812 93 177 298 511 164 60 590 95 98 122 149 975 219 695 1120 87 780 677 1384 270 128 98 73 84
leaf_count=122 155 276 80 189 229 812 93 177 298 511 164 60 590 95 98 122 149 975 219 695 1120 87 780 677 1384 270 128 98 73 84
internal_value=2.9129e-05 0.00212797 -0.00455815 0.00278419 0.000200404 0.00349326 0.00157685 -0.0166277 0.00455797 -0.00356405 -0.00393927 -0.00118017 -0.00535046 0.00614653 0.00273105 -7.53307e-05 -0.00314591 0.00353511 -0.000130367 0.00654328 -0.00101841 0.00328246 0.00374333 0.00308682 -0.00259539 -0.00427718 -0.00611204 -0.00841912 -3.41001e-05 -0.00218603
internal_weight=10810 7417 3393 7141 1538 5603 2002 257 3601 3136 346 224 1101 1602 1656 369 271 1287 312 1507 1309 1999 1755 1457 2035 651 381 253 244 171
internal_count=10810 7417 3393 7141 1538 5603 2002 257 3601 3136 346 224 1101 1602 1656 369 271 1287 312 1507 1309 1999 1755 1457 2035 651 381 253 244 171
cat_boundaries=0 1
cat_threshold=16
is_linear=0
shrinkage=0.05


Tree=9
num_leaves=31
num_cat=2
split_feature=14 14 11 11 0 0 14 14 14 11 11 14 11 11 9 7 11 14 11 11 9 9 7 11 9 9 9 7 7 11
split_gain=204.554 57.3937 22.3762 13.4113 10.7097 9.89165 9.0939 8.61056 4.67741 2.95397 2.86126 2.66236 2.60147 2.16328 1.68262 2.02942 1.57898 2.68721 1.44335 1.3949 1.04979 1.00072 0.993433 0.960519 0.798163 0.777663 0.891872 0.768461 0.768036 1.49625
threshold=37.500000000000007 10.500000000000002 0.73538978246754183 0.73538978246754183 0 1 75.000000000000014 5.0000000000000009 75.000000000000014 0.085961614525331076 0.30490993010465889 2.0000000000000004 0.87585926134142889 0.92750732661553648 2.5000000000000004 3.5000000000000004 0.98127012181273632 17.500000000000004 0.89959754652979684 0.87585926134142889 4.5000000000000009 5.5000000000000009 1.5000000000000002 0.085961614525331076 2.5000000000000004 2.5000000000000004 5.5000000000000009 4.5000000000000009 1.5000000000000002 0.40147311773604405
decision_type=2 2 2 2 1 1 2 2 2 2 2 2 2 2 2 2 2 2 2 2 2 2 2 2 2 2 2 2 2 2
left_child=1 7 4 5 6 9 10 11 13 -3 27 -1 -9 14 15 -4 17 24 -10 -13 -16 -11 -15 -8 -5 -19 -27 -2 29 -25
right_child=2 3 8 16 -6 -7 23 12 18 21 -12 19 -14 22 20 -17 -18 25 -20 -21 -22 -23 -24 28 -26 26 -28 -29 -30 -31
leaf_value=0.01281591443946398 -0.0065045571438175666 -0.0021279613657567936 -0.01486515279757758 0.00055677535967364657 -0.02381024820569121 -0.0023332918902191097 -0.016855934323169865 0.0080141193702337066 -0.01486515279757758 0.0049647784416528328 -0.0023332918902191097 0.010911788200294821 0.0049647784416528328 -0.0087639159336686135 -0.00432086298319576 -0.0060823643382322285 -0.0023332918902191097 -0.0023332918902191097 -0.019804332311104036 0.008563903647304803 -0.01024901426815409 0.0017461348793159877 -0.01486515279757758 -0.020326653155295749 0.0049647784416528328 0.00049438307040353786 -0.0023332918902191097 -0.002773692984048697 -0.0086951203941020606 -0.0078091043504801665
leaf_weight=1213 320 155 138 176 80 75 51 833 213 1475 786 820 374 79 157 77 455 370 340 376 146 245 487 45 206 310 121 141 458 54
leaf_count=1213 320 155 138 176 80 75 51 833 213 1475 786 820 374 79 157 77 455 370 340 376 146 245 487 45 206 310 121 141 458 54
internal_value=0.000132121 0.00498281 -0.00964939 0.000502096 -0.0060046 0.00332153 -0.00522429 0.00942746 -0.0139514 0.00448141 -0.00277579 0.0111554 0.00597246 -0.0120184 -0.00964396 -0.0130366 -0.00233329 -0.000406004 -0.0177119 0.00946189 -0.00720165 0.00496478 -0.0141707 -0.0102333 0.00303986 -0.00205109 -0.0001744 -0.00633625 -0.00959783 -0.0136453
internal_weight=10776 7204 3572 3588 1935 1950 1855 3616 1637 1875 1247 2409 1207 1084 518 215 1638 1183 553 1196 303 1720 566 608 382 801 431 461 557 99
internal_count=10776 7204 3572 3588 1935 1950 1855 3616 1637 1875 1247 2409 1207 1084 518 215 1638 1183 553 1196 303 1720 566 608 382 801 431 461 557 99
cat_boundaries=0 1 2
cat_threshold=16 16
is_linear=0
shrinkage=0.05


Tree=10
num_leaves=31
num_cat=1
split_feature=14 14 11 11 0 14 11 14 14 11 11 11 11 14 7 9 7 11 9 14 11 9 11 9 7 9 7 7 11 11
split_gain=183.383 53.3625 18.8119 13.135 9.87918 8.48482 7.06534 4.88055 4.00215 3.05933 2.25368 1.93757 1.32665 1.24435 1.23899 1.19992 1.4371 1.1118 1.79898 0.97392 0.934634 0.786582 0.769754 0.763417 0.75855 0.666982 0.622965 0.583346 0.579348 1.15397
threshold=37.500000000000007 10.500000000000002 0.73538978246754183 0.73538978246754183 0 75.000000000000014 0.98731287009808555 75.000000000000014 5.0000000000000009 0.30490993010465889 0.10309787846944714 0.92750732661553648 0.91409412807680501 2.0000000000000004 1.5000000000000002 2.5000000000000004 4.5000000000000009 0.92750732661553648 2.5000000000000004 17.500000000000004 0.68702731818199703 5.5000000000000009 0.95619940680887117 5.5000000000000009 6.0000000000000009 5.5000000000000009 1.5000000000000002 3.5000000000000004 0.18821973775956946 0.085961614525331076
decision_type=2 2 2 2 1 2 2 2 2 2 2 2 2 2 2 2 2 2 2 2 2 2 2 2 2 2 2 2 2 2
left_child=1 6 5 4 10 9 8 11 13 28 27 15 -9 -1 -13 16 -4 18 24 -20 -10 -12 -22 -17 -5 -21 -7 -3 29 -2
right_child=2 3 7 17 -6 26 -8 12 20 -11 21 14 -14 -15 -16 23 -18 -19 19 25 22 -23 -24 -25 -26 -27 -28 -29 -30 -31
leaf_value=0.012074149375471547 -0.0071159748032791296 -0.0023764771441114581 -0.014100046464715001 -0.0023764771441114581 -0.0023764771441114581 -0.014226972780845785 0.0045264116859457778 -0.014100046464715001 0.0084749813012288677 -0.0023764771441114581 0.0045264116859457778 -0.0073243062805246426 -0.019158946003881284 0.0096456897914434583 -0.014100046464715001 -0.0056025579164030778 -0.005917781545478549 -0.0023764771441114581 0.0045264116859457778 0.0015145893666863323 0.0045264116859457778 0.0015674007068164721 0.0089763768612783883 -0.011742213316205325 0.0024363980400951557 -0.0023764771441114581 -0.0099057794363647499 0.0030523737230973825 -0.0071159748032791296 -0.0023764771441114581
leaf_weight=1087 107 130 149 244 78 107 372 245 571 819 1418 80 319 1101 496 242 73 865 146 248 378 247 109 65 88 60 521 62 195 161
leaf_count=1087 107 130 149 244 78 107 372 245 571 819 1418 80 319 1101 496 242 73 865 146 248 378 247 109 65 88 60 521 62 195 161
internal_value=-4.96826e-05 0.00454615 -0.00929911 0.000223339 0.00305376 -0.00590564 0.00882948 -0.0131767 0.00963366 -0.00356847 0.00425837 -0.0112238 -0.0169763 0.0108571 -0.0132444 -0.00900287 -0.0118167 -0.00237648 -0.000227278 0.00185275 0.00709564 0.00452641 0.00546433 -0.00693639 -0.00237648 0.000228507 -0.0106635 -0.000949952 -0.00689581 -0.00473771
internal_weight=10783 7204 3579 3586 1935 1910 3618 1669 3246 1282 1857 1105 564 2188 576 529 222 1651 786 454 1058 1665 487 307 332 308 628 192 463 268
internal_count=10783 7204 3579 3586 1935 1910 3618 1669 3246 1282 1857 1105 564 2188 576 529 222 1651 786 454 1058 1665 487 307 332 308 628 192 463 268
cat_boundaries=0 1
cat_threshold=16
is_linear=0
shrinkage=0.05


Tree=11
num_leaves=31
num_cat=3
split_feature=14 14 14 11 11 0 11 0 0 14 11 14 14 11 11 11 7 11 14 11 7 11 11 11 7 11 7 11 7 11
split_gain=169.762 35.3402 17.9031 16.0131 11.7267 10.7532 8.7306 5.007 3.55623 2.80401 2.32212 2.26606 2.16931 2.16779 1.74241 1.65829 1.59432 1.40347 1.24027 0.893955 0.741407 0.7813 0.727793 0.748382 0.683791 0.676023 0.614269 0.507761 0.783754 0.465866
threshold=17.500000000000004 52.500000000000007 5.0000000000000009 0.73538978246754183 0.87585926134142889 0 0.98731287009808555 1 2 75.000000000000014 0.92750732661553648 2.0000000000000004 37.500000000000007 0.88403476330151454 0.73538978246754183 0.84058726838585029 2.5000000000000004 0.12020359228713824 75.000000000000014 0.95619940680887117 1.5000000000000002 0.40147311773604405 0.88403476330151454 0.84058726838585029 3.5000000000000004 0.76938632707879184 1.5000000000000002 0.93982124484292628 3.5000000000000004 0.085961614525331076
decision_type=2 2 2 2 2 1 2 1 1 2 2 2 2 2 2 2 2 2 2 2 2 2 2 2 2 2 2 2 2 2
left_child=2 3 11 5 7 -2 8 9 14 -3 12 -1 15 -13 17 -5 -16 24 26 22 21 -11 23 -18 -4 29 -6 28 -28 -22
right_child=1 4 6 10 18 -7 -8 -9 -10 20 -12 13 -14 -15 16 -17 19 -19 -20 -21 25 -23 -24 -25 -26 -27 27 -29 -30 -31
leaf_value=0.011271141477621358 0.00036598994859773156 -0.0067425731696895037 0.00036598994859773156 -0.0044610787728617809 -0.0086110005687390061 -0.0067425731696895037 0.00036598994859773156 -0.021702172640544266 0.00036598994859773156 -0.017898604854688808 -0.0067425731696895037 0.0097219931546874607 -0.0067425731696895037 0.0066654494482794842 0.0065966500668589627 0.00036598994859773156 0.0012509973719716074 0.0066654494482794842 -0.018010389618575574 0.0057194348673622773 -0.013537789041057548 -0.010016370728248503 0.00036598994859773156 0.0066654494482794842 0.0065897831752557649 -0.012957762508148993 -0.015768950864488339 -0.015888385241075109 -0.0067425731696895037 -0.0083885568850057841
leaf_weight=1196 1844 792 107 266 55 85 247 66 61 58 884 847 269 355 316 289 157 1077 361 129 46 81 171 76 54 108 47 239 47 493
leaf_count=1196 1844 792 107 266 55 85 247 66 61 58 884 847 269 355 316 289 157 1077 361 129 46 81 171 76 54 108 47 239 47 493
internal_value=-0.000354275 -0.00593677 0.00666875 -0.00283058 -0.0106546 0.000291621 0.00360873 -0.00828315 0.00504366 -0.00770851 -0.00635486 0.00972217 -0.00402169 0.00817284 0.00554072 -0.00217958 0.00378718 0.00666545 -0.0158417 0.00211229 -0.0100345 -0.0134097 0.00094922 0.0032582 0.00197776 -0.00928985 -0.0137828 -0.0146086 -0.0112217 -0.00853227
internal_weight=10823 6030 4793 3637 2393 1929 2395 1644 2148 1578 1708 2398 824 1202 2087 555 849 1238 749 533 786 139 404 233 161 647 388 333 94 539
internal_count=10823 6030 4793 3637 2393 1929 2395 1644 2148 1578 1708 2398 824 1202 2087 555 849 1238 749 533 786 139 404 233 161 647 388 333 94 539
cat_boundaries=0 1 2 3
cat_threshold=16 16 16
is_linear=0
shrinkage=0.05


Tree=12
num_leaves=31
num_cat=2
split_feature=11 0 12 11 11 7 7 7 11 11 7 7 11 7 11 11 11 5 11 11 11 11 11 7 11 11 11 12 11 9
split_gain=32.1622 22.6486 12.5858 6.97023 4.99444 4.23977 3.4449 2.75384 1.9551 1.73069 5.40109 3.36752 2.21881 1.62579 1.55031 1.53768 1.56795 1.82617 1.51881 1.25327 1.21617 1.16608 2.8199 1.14963 1.18821 1.12044 0.948351 0.942478 0.913198 0.860064
threshold=0.92750732661553648 0 -0.021515300460958463 0.73538978246754183 0.30490993010465889 1.5000000000000002 2.5000000000000004 1.5000000000000002 0.50865210223081447 0.23866392535577388 2.5000000000000004 4.5000000000000009 0.085961614525331076 11.500000000000002 0.12020359228713824 0.98731287009808555 0.95102128832130872 1 0.71163026189157008 0.25534383660447135 0.25534383660447135 0.84978561355144533 0.87585926134142889 4.5000000000000009 0.1712867993320398 0.94556136170129623 0.41717814939258779 1.0000000180025095e-35 0.13727368718622826 4.5000000000000009
decision_type=2 1 2 2 2 2 2 2 2 2 2 2 2 2 2 2 2 1 2 2 2 2 2 2 2 2 2 2 2 2
left_child=1 3 7 4 5 14 27 25 13 12 -11 -12 -7 26 -1 16 17 -9 -10 -3 -16 -5 29 24 -14 -2 -6 -4 -25 -23
right_child=2 19 6 21 8 9 -8 15 18 10 11 -13 23 -15 20 -17 -18 -19 -20 -21 -22 22 -24 28 -26 -27 -28 -29 -30 -31
leaf_value=-0.0087499144176642115 -0.0061005348238078036 -0.0073882714433725488 -0.0019450016478274731 -0.0014888388685704238 0.0045480518528051451 -0.00028209895957807823 -0.019134735326216522 0.0015548055012004625 0.0024323035177736562 0.0084000668783958728 -0.011202779626473786 0.00038842564725641618 0.0049077569788399467 -0.0010869258155146763 0.00033834908072921362 -0.0063621801637205842 -0.00232449860669095 -0.0077582877689120564 0.0066924540354858526 -0.014814217724861243 -0.0080142300447513318 0.0061558287757049711 -0.00095954851883025226 0.0027977959331968484 0.0003152299746816848 0.001714941832250443 0.0071300882767682417 -0.0123553899427255 0.0085636877015151658 0.00094080221993256903
leaf_weight=119 54 85 46 1206 795 408 182 63 1762 103 119 131 311 93 175 722 894 310 237 194 57 237 766 105 257 275 658 41 205 119
leaf_count=119 54 85 46 1206 795 408 182 63 1762 103 119 131 311 93 175 722 894 310 237 194 57 237 766 105 257 275 658 41 205 119
internal_value=-0.000155274 0.00138791 -0.00501074 0.00188528 0.0028506 0.000845373 -0.0152296 -0.0038188 0.00397568 0.00191366 -0.0011849 -0.00515164 0.00276446 0.00531145 -0.00413428 -0.0045194 -0.0034651 -0.00618535 0.00294048 -0.0125863 -0.00173938 -0.000410055 0.000749786 0.00417888 0.00283401 0.000417559 0.00572144 -0.0069357 0.006626 0.00442012
internal_weight=10729 8142 2587 7863 5535 1990 269 2318 3545 1639 353 250 1286 1546 351 1989 1267 373 1999 279 232 2328 1122 878 568 329 1453 87 310 356
internal_count=10729 8142 2587 7863 5535 1990 269 2318 3545 1639 353 250 1286 1546 351 1989 1267 373 1999 279 232 2328 1122 878 568 329 1453 87 310 356
cat_boundaries=0 1 2
cat_threshold=16 4
is_linear=0
shrinkage=0.05


Tree=13
num_leaves=31
num_cat=3
split_feature=11 0 11 11 7 11 7 7 10 11 11 5 11 11 11 7 7 7 11 11 11 7 11 11 7 11 7 11 7 5
split_gain=25.8189 16.253 10.8069 6.24834 3.45202 3.43641 2.85582 2.42886 1.5304 1.42388 1.94337 1.49363 1.07226 1.04702 1.68806 1.47675 1.91882 1.31618 1.02308 0.974869 0.881179 0.87052 0.823694 2.28813 0.85819 1.4993 0.837607 0.816548 1.42712 0.88413
threshold=0.92750732661553648 0 0.99906486341235867 0.73538978246754183 1.5000000000000002 0.10309787846944714 1.5000000000000002 2.5000000000000004 1.0000000180025095e-35 0.98731287009808555 0.95102128832130872 1 0.99418108018405604 0.30490993010465889 0.23866392535577388 2.5000000000000004 4.5000000000000009 6.0000000000000009 0.27194808396361153 0.47871610739127696 0.43275956216002465 2.5000000000000004 0.84978561355144533 0.87585926134142889 3.5000000000000004 0.89959754652979684 2.5000000000000004 0.62202370727958112 3.5000000000000004 2
decision_type=2 1 2 2 2 2 2 2 2 2 2 1 2 2 2 2 2 2 2 2 2 2 2 2 2 2 2 2 2 1
left_child=1 3 4 5 12 6 -1 -4 13 10 11 -6 -2 14 17 -16 -17 -7 -3 20 -15 -21 -5 -24 25 26 -25 29 -29 -23
right_child=2 18 7 22 9 8 -8 -9 -10 -11 -12 -13 -14 19 15 16 -18 -19 -20 21 -22 27 23 24 -26 -27 -28 28 -30 -31
leaf_value=-0.0086093261247814287 0.00029940809920537387 -0.0065691890815893815 -0.0066656927447183989 -0.00137402836377679 0.0013065339240711184 0.0020210731707181579 0.0005849719830191254 -0.015294085629670823 0.0016892786271056354 -0.0057783022088310591 -0.0016958591058390715 -0.0074287492233691549 0.0077769433373007279 0.0042670556454244869 0.0033456808728415791 -0.01249787200523435 0.00011165272645344039 0.0068781918638802222 -0.013157998987062033 0.0048085350649200494 0.0073353174052912936 0.0022310782178823923 0.003791396737474733 -0.0032113957090997231 0.0009962388127155615 -0.00018566322409072154 -0.010408036945306738 0.00052973771305693854 0.0058661031745160458 -0.0027476677837124631
leaf_weight=100 277 95 127 1218 58 538 515 240 1485 666 917 303 57 724 81 52 70 188 171 588 351 288 358 101 301 277 68 213 304 128
leaf_count=100 277 95 127 1218 58 538 515 240 1485 666 917 303 57 724 81 52 70 188 171 588 351 288 358 101 301 277 68 213 304 128
internal_value=-8.73438e-05 0.00129622 -0.00438283 0.00170364 -0.00309692 0.00260443 -0.000921585 -0.0123345 0.00303736 -0.00390343 -0.00292264 -0.00602556 0.00159492 0.00360464 0.00216045 -0.0018633 -0.00532081 0.00328657 -0.0108383 0.00412042 0.00527476 0.00330163 -0.000477752 0.000510528 -0.0010648 -0.00245488 -0.00615128 0.00234781 0.00367283 0.000696241
internal_weight=10859 8214 2645 7948 2278 5625 615 367 5010 1944 1278 361 334 3525 929 203 122 726 266 2596 1075 1521 2323 1105 747 446 169 933 517 416
internal_count=10859 8214 2645 7948 2278 5625 615 367 5010 1944 1278 361 334 3525 929 203 122 726 266 2596 1075 1521 2323 1105 747 446 169 933 517 416
cat_boundaries=0 1 2 3
cat_threshold=16 4 1
is_linear=0
shrinkage=0.05


Tree=14
num_leaves=31
num_cat=3
split_feature=14 14 12 0 14 12 14 0 14 9 12 14 12 12 14 9 12 7 14 12 12 7 5 14 9 12 7 12 9 14
split_gain=156.492 28.4287 20.7368 14.1142 14.7127 10.1416 7.95145 6.6432 2.95542 2.24383 2.01697 1.90495 1.85455 1.69108 1.43498 1.41636 1.36184 1.31046 1.17366 1.15492 0.760492 0.732718 0.700298 0.695265 0.68914 0.528674 0.508361 0.64219 0.447787 0.405141
threshold=25.500000000000004 5.0000000000000009 -0.6775896895960708 0 75.000000000000014 -0.20930689276358339 52.500000000000007 1 10.500000000000002 4.5000000000000009 -0.63872576220844934 2.0000000000000004 -0.37370587188196386 -0.99626127116974506 37.500000000000007 2.5000000000000004 -0.40541071103273002 2.5000000000000004 37.500000000000007 -0.15855351192338588 -0.25950218452349672 1.5000000000000002 2 75.000000000000014 2.5000000000000004 -0.54160775828284868 1.5000000000000002 -0.91583036384466876 2.5000000000000004 75.000000000000014
decision_type=2 2 2 1 2 2 2 1 2 2 2 2 2 2 2 2 2 2 2 2 2 2 1 2 2 2 2 2 2 2
left_child=1 11 3 4 9 7 12 8 -3 -2 13 -1 18 -10 -11 20 29 -17 25 -13 -12 -14 -23 28 -20 -4 27 -6 -18 -8
right_child=2 5 6 -5 26 -7 16 -9 10 14 15 19 21 -15 -16 17 23 -19 24 -21 -22 22 -24 -25 -26 -27 -28 -29 -30 -31
leaf_value=0.010816499152585375 -0.0008176548241891308 0.0059025322958188688 -0.0052302201736893041 -0.021176924875804359 -0.017025541055660981 -0.0008176548241891308 -0.010388568251556811 -0.0008176548241891308 -0.0008176548241891308 -0.0008176548241891308 -0.0008176548241891308 0.0086475082418386081 -0.0049015162815881329 0.0045340354643187272 -0.0052713930108909584 0.0045340354643187272 -0.01487708638029759 0.00028736626003631095 -0.010388568251556811 0.0059025322958188688 0.0044908211848355443 -0.0035916206493441551 -0.010388568251556811 -0.01664144807145931 -0.0052673186194531771 -0.0008176548241891308 -0.0090453955420671545 -0.0086820714473724355 -0.011307868790344558 -0.012877283710986377
leaf_weight=1213 1306 995 127 111 51 493 239 89 113 198 222 1076 85 1210 375 163 129 234 116 124 75 41 485 319 146 142 518 49 180 248
leaf_count=1213 1306 995 127 111 51 493 239 89 113 198 222 1076 85 1210 375 163 129 234 116 124 75 41 485 319 146 142 518 49 180 248
internal_value=-0.000184231 0.0052139 -0.00684921 -0.0038102 -0.00303002 0.00239433 -0.0103576 0.00366901 0.00430456 -0.000827129 0.00316554 0.00941073 -0.00741393 0.00431009 -0.00394403 0.000980566 -0.0133632 0.00299614 -0.00523548 0.00798192 -0.000817655 -0.0092955 -0.0099949 -0.0149288 -0.00761401 -0.00289923 -0.00971566 -0.0130637 -0.0131127 -0.0113179
internal_weight=10872 6007 4865 2608 2497 3594 2257 3101 3012 1879 2017 2413 1142 1323 573 694 1115 397 531 1200 297 611 526 628 262 269 618 100 309 487
internal_count=10872 6007 4865 2608 2497 3594 2257 3101 3012 1879 2017 2413 1142 1323 573 694 1115 397 531 1200 297 611 526 628 262 269 618 100 309 487
cat_boundaries=0 1 2 3
cat_threshold=16 16 2
is_linear=0
shrinkage=0.05


Tree=15
num_leaves=31
num_cat=2
split_feature=14 14 14 11 11 0 11 0 14 14 14 11 14 11 14 11 11 11 9 9 11 11 9 9 11 8 8 11 11 8
split_gain=141.492 30.1983 13.6347 13.1141 8.28912 7.22671 7.2094 3.23823 3.04778 1.69421 1.58582 1.5041 1.41075 1.39794 1.24275 0.702234 0.685617 0.621588 0.615468 0.554137 0.420595 0.405818 0.402534 0.688214 0.386581 0.831001 0.375881 0.353461 0.324025 0.326017
threshold=17.500000000000004 52.500000000000007 5.0000000000000009 0.73538978246754183 0.73538978246754183 0 0.98443735097190643 1 75.000000000000014 25.500000000000004 2.0000000000000004 0.98127012181273632 75.000000000000014 0.92093717412624365 10.500000000000002 0.67441863684527492 0.85873214889986926 0.068799878299628026 3.5000000000000004 1.5000000000000002 0.93982124484292628 0.89959754652979684 5.5000000000000009 2.5000000000000004 0.32125776158017871 0.036764705882352949 0.066176470588235309 0.96570416579410667 0.55241485047541383 0.10615808823529413
decision_type=2 2 2 2 2 1 2 1 2 2 2 2 2 2 2 2 2 2 2 2 2 2 2 2 2 2 2 2 2 2
left_child=2 3 10 5 8 17 7 14 -3 11 -1 16 20 -12 -4 24 26 -2 28 -18 -6 -14 23 27 25 -16 -5 -17 29 -10
right_child=1 4 6 9 12 -7 -8 -9 18 -11 13 -13 21 -15 15 22 19 -19 -20 -21 -22 -23 -24 -25 -26 -27 -28 -29 -30 -31
leaf_value=0.010117435189906279 -0.0042862257377545201 -0.0059765866790877954 0.0061871688205474978 -0.004539628351220455 -0.0095191276619269252 -0.0059765866790877954 0.00046045276544790827 0.00046045276544790827 -0.0077801986954879124 -0.0059765866790877954 0.0086986917206479369 -0.004539628351220455 -0.012757574385527755 0.0061871688205474978 0.00046045276544790827 0.00046045276544790827 -0.0039614846005143834 0.00046045276544790827 -0.011245327217343707 0.00046045276544790827 -0.012457524206405977 -0.015730744750927325 0.00046045276544790827 0.0051180779215367353 0.0051180779215367353 0.0051180779215367353 0.00015350093029458853 0.0051180779215367353 -0.010680867566667293 -0.012709832664335237
leaf_weight=1222 126 649 1046 100 286 69 280 61 216 1121 911 144 214 300 92 159 70 1743 312 180 256 344 70 212 313 144 47 43 108 41
leaf_count=1222 126 649 1046 100 286 69 280 61 216 1121 911 144 214 300 92 159 70 1743 312 180 256 344 70 212 313 144 47 43 108 41
internal_value=-0.000157819 -0.00527464 0.00619554 -0.00236788 -0.00958529 0.000427003 0.00353596 0.00483242 -0.00691437 -0.0056252 0.00883838 -0.00310267 -0.0127958 0.00754042 0.00531503 0.00404899 -0.00103084 0.000460453 -0.00958381 0.000460453 -0.0109274 -0.0145878 0.00264613 0.00329037 0.00511808 0.00305695 -0.00373043 0.0011895 -0.00813671 -0.0077802
internal_weight=10879 6026 4853 3600 2426 1938 2420 2140 1326 1662 2433 541 1100 1211 2079 1033 397 1869 677 250 542 558 484 414 549 236 147 202 365 257
internal_count=10879 6026 4853 3600 2426 1938 2420 2140 1326 1662 2433 541 1100 1211 2079 1033 397 1869 677 250 542 558 484 414 549 236 147 202 365 257
cat_boundaries=0 1 2
cat_threshold=16 16
is_linear=0
shrinkage=0.05


Tree=16
num_leaves=31
num_cat=3
split_feature=14 14 11 11 1 1 14 14 11 14 11 11 11 7 8 14 7 11 7 1 11 11 11 11 11 11 14 11 11 11
split_gain=119.851 36.6348 12.473 8.00814 7.61036 6.50649 5.44885 4.63132 3.82533 2.41518 2.32878 1.88645 1.45451 1.12324 0.944797 1.1789 0.856848 0.740002 0.718908 0.660969 0.593112 0.858732 0.515794 0.498508 0.520593 0.750189 0.478414 0.465852 0.428662 0.395052
threshold=37.500000000000007 10.500000000000002 0.73538978246754183 0.73538978246754183 0 1 75.000000000000014 2.0000000000000004 0.87585926134142889 75.000000000000014 0.085961614525331076 0.40147311773604405 0.93982124484292628 1.5000000000000002 0.01516544117647059 25.500000000000004 3.5000000000000004 0.085961614525331076 2.5000000000000004 2 0.30490993010465889 0.23866392535577388 0.91409412807680501 0.1712867993320398 0.30490993010465889 0.49375726027723293 52.500000000000007 0.63540876391619916 0.12020359228713824 0.97781212113892935
decision_type=2 2 2 2 1 1 2 2 2 2 2 2 2 2 2 2 2 2 2 1 2 2 2 2 2 2 2 2 2 2
left_child=1 7 5 4 10 6 11 -1 19 12 -3 16 26 -14 15 29 -2 -8 -10 -9 21 -12 -11 -19 -25 -26 -4 -27 -18 -5
right_child=2 3 9 14 -6 -7 17 8 18 22 20 -13 13 -15 -16 -17 28 23 -20 -21 -22 -23 -24 24 25 27 -28 -29 -30 -31
leaf_value=0.0096276178345972626 -0.0052973179243143275 -0.0020882175682509336 -0.0062168997236899375 0.0035313831610863274 -0.0020882175682509336 -0.018841816871254535 -0.014218808654307699 0.0073929691915860145 0.0063697933171787402 -0.011656164267560007 0.0030341676050091712 -0.0020882175682509336 -0.0051081668533069988 -0.011554488713580944 -0.0020882175682509336 -0.0020882175682509336 -0.0052973179243143275 -0.0052973179243143275 0.0035313831610863274 0.0035313831610863274 0.0035313831610863274 -0.0014310883466877337 -0.014971167767653244 -0.011477274186640549 -0.0052973179243143275 -0.01128670908603995 -0.0091828164654240638 -0.0067035688937496429 -0.0020882175682509336 0.00072158279641769689
leaf_weight=1193 391 168 282 110 84 80 47 1594 273 230 370 623 70 451 1475 77 59 69 486 58 1202 151 319 103 168 130 287 108 168 43
leaf_count=1193 391 168 282 110 84 80 47 1594 273 230 370 623 70 451 1475 77 59 69 486 58 1202 151 319 103 168 130 287 108 168 43
internal_value=-0.000188514 0.00349488 -0.00767131 -1.45058e-05 0.00217145 -0.00496062 -0.00435572 0.00707727 0.00581185 -0.0108848 0.00329775 -0.00243489 -0.00950289 -0.0114246 -0.00208822 0.00134608 -0.00489306 -0.00815975 0.00353138 0.00718945 0.00353138 0.00173975 -0.0136061 -0.00764335 -0.00825488 -0.00741119 -0.00772638 -0.00924372 -0.00214105 0.00353138
internal_weight=10869 7284 3585 3680 1975 1946 1866 3604 2411 1639 1891 1241 1090 521 1705 230 618 625 759 1652 1723 521 549 578 509 406 569 238 227 153
internal_count=10869 7284 3585 3680 1975 1946 1866 3604 2411 1639 1891 1241 1090 521 1705 230 618 625 759 1652 1723 521 549 578 509 406 569 238 227 153
cat_boundaries=0 1 2 3
cat_threshold=16 16 16
is_linear=0
shrinkage=0.05


Tree=17
num_leaves=31
num_cat=3
split_feature=14 14 14 11 3 11 11 3 14 3 14 11 12 14 14 11 14 11 11 9 11 9 11 11 9 7 11 7 9 11
split_gain=113.478 25.0265 12.3871 11.9086 7.12534 6.5679 5.48838 2.64544 2.49941 2.44309 1.35689 2.05737 1.26941 1.01896 0.763197 0.720852 0.655391 0.610005 0.800119 0.514759 0.493609 0.469979 0.44004 0.526289 0.382048 0.27805 0.253843 0.416161 0.286513 0.32233
threshold=17.500000000000004 52.500000000000007 5.0000000000000009 0.73538978246754183 0 0.87585926134142889 0.98731287009808555 1 75.000000000000014 2 25.500000000000004 0.97781212113892935 -0.021515300460958463 10.500000000000002 75.000000000000014 0.83113983907127353 2.0000000000000004 0.068799878299628026 0.50865210223081447 5.5000000000000009 0.82144612508491288 2.5000000000000004 0.81150899888343053 0.93982124484292628 3.5000000000000004 4.5000000000000009 0.93982124484292628 3.5000000000000004 3.5000000000000004 0.98443735097190643
decision_type=2 2 2 2 1 2 2 1 2 1 2 2 2 2 2 2 2 2 2 2 2 2 2 2 2 2 2 2 2 2
left_child=2 3 12 4 -2 7 9 8 -3 13 11 15 16 -4 26 25 -1 -10 -19 21 -18 22 -15 -24 -22 -5 27 -7 -28 -30
right_child=1 5 6 10 -6 14 -8 -9 17 -11 -12 -13 -14 19 -16 -17 20 18 -20 -21 24 -23 23 -25 -26 -27 28 -29 29 -31
leaf_value=0.0091342810087166361 0.0003491840396518526 -0.0054556008619455242 0.0054751435959284091 -0.0042022189248197622 -0.0054556008619455242 -0.011323543128673919 0.0003491840396518526 -0.017179398935648703 -0.014619428577811219 0.0003491840396518526 -0.0054556008619455242 -0.0042022189248197622 0.0054751435959284091 0.0036719407425047585 -0.014322432400807342 0.0003491840396518526 0.0082304131565820171 -0.007075044290353708 -0.0099522670558964618 0.00062518802886778451 0.0054751435959284091 0.0044220410848703233 0.0003491840396518526 0.0044220410848703233 0.0078485743212628311 5.6835428084723838e-05 -0.012645374044992556 -0.0054556008619455242 -0.012256536390336734 -0.0067987314477595019
leaf_weight=1190 1856 801 1052 78 77 63 243 61 42 60 1091 165 57 284 375 268 751 365 396 147 237 455 92 49 202 40 134 43 62 57
leaf_count=1190 1856 801 1052 78 77 63 243 61 42 60 1091 165 57 284 375 268 751 365 396 147 237 455 92 49 202 40 134 43 62 57
internal_value=-0.000202499 -0.00480685 0.00550522 -0.00215479 0.000349184 -0.00875641 0.00293927 -0.00701174 -0.00661461 0.00407504 -0.00528702 -0.00294884 0.00801102 0.00449876 -0.0126991 -0.000255463 0.00829118 -0.00869449 -0.00834873 0.00336894 0.00744111 0.00382604 0.00254092 0.000349184 0.00607521 -0.00369234 -0.0109683 -0.0087104 -0.0118763 -0.00972074
internal_weight=10793 5974 4819 3575 1933 2399 2382 1665 1604 2139 1642 551 2437 2079 734 386 2380 803 761 1027 1190 880 425 141 439 118 359 106 253 119
internal_count=10793 5974 4819 3575 1933 2399 2382 1665 1604 2139 1642 551 2437 2079 734 386 2380 803 761 1027 1190 880 425 141 439 118 359 106 253 119
cat_boundaries=0 1 2 3
cat_threshold=1 1 1
is_linear=0
shrinkage=0.05


Tree=18
num_leaves=31
num_cat=2
split_feature=14 14 14 11 11 0 11 14 0 14 11 14 11 9 11 11 11 9 8 9 11 9 8 14 9 11 11 8 8 11
split_gain=102.995 19.6986 14.5311 7.34765 5.91019 3.99559 3.9093 3.63097 3.2784 2.75029 1.54134 1.15042 1.1469 1.41636 1.10096 0.881004 0.631952 0.598468 0.484495 0.492189 0.47322 0.602934 0.498971 0.459459 0.401746 0.291011 0.29093 0.272346 0.268406 0.215578
threshold=25.500000000000004 10.500000000000002 52.500000000000007 0.73538978246754183 0.87585926134142889 0 0.97781212113892935 5.0000000000000009 1 75.000000000000014 0.73538978246754183 2.0000000000000004 0.73538978246754183 2.5000000000000004 0.10309787846944714 0.84058726838585029 0.96570416579410667 2.5000000000000004 0.02251838235294118 3.5000000000000004 0.92750732661553648 2.5000000000000004 0.090533088235294129 75.000000000000014 2.5000000000000004 0.12020359228713824 0.41717814939258779 0.090533088235294129 0.036764705882352949 0.81150899888343053
decision_type=2 2 2 2 2 1 2 2 1 2 2 2 2 2 2 2 2 2 2 2 2 2 2 2 2 2 2 2 2 2
left_child=1 7 3 5 9 -2 8 11 12 -4 25 -1 14 16 -3 -15 27 -13 26 29 21 22 -5 24 -6 -9 -11 -14 -26 -20
right_child=2 6 4 20 23 -7 -8 10 -10 18 -12 17 13 15 -16 -17 -18 -19 19 -21 -22 -23 -24 -25 28 -27 -28 -29 -30 -31
leaf_value=0.0087808468165472397 -0.00070371931639371223 -0.00070371931639371223 -0.0056300896025498594 -0.0056300896025498594 -0.012069430138454249 -0.0056300896025498594 -0.00070371931639371223 0.0036278164147069136 -0.00070371931639371223 -0.014884280194254482 0.0036278164147069136 0.0059847392250918108 -0.00070371931639371223 -0.00070371931639371223 0.0036278164147069136 0.0036278164147069136 0.0036278164147069136 0.0076383189621855273 -0.0072796032758458392 -0.0099055116903990423 -0.0056300896025498594 -0.0025685565955140387 -0.0011005160093191079 -0.013378913754759717 -0.011396193246911752 0.0059847392250918108 -0.0097251204962141066 0.0036169891685769867 -0.007621508233230526 -0.011132845155349593
leaf_weight=1186 1259 135 825 167 169 59 337 83 58 50 560 507 216 90 1116 313 81 714 328 292 560 303 63 366 88 573 88 81 130 40
leaf_count=1186 1259 135 825 167 169 59 337 83 58 50 560 507 216 90 1116 313 81 714 328 292 560 303 63 366 88 573 88 81 130 40
internal_value=-0.000131903 0.00420368 -0.00561112 -0.00287462 -0.00838556 -0.000703719 0.000717323 0.00653831 0.00194562 -0.00667953 0.00430535 0.00766413 0.00265053 0.00114509 0.00358871 0.00321827 -0.000703719 0.00657313 -0.00892912 -0.00833545 -0.00563009 -0.00406361 -0.00563009 -0.012049 -0.0107599 0.00598474 -0.011688 -0.000703719 -0.00919031 -0.0072796
internal_weight=10837 6050 4787 2411 2376 1318 2427 3623 2090 1623 1216 2407 2032 781 1251 403 378 1221 798 660 1093 533 230 753 387 656 138 297 218 368
internal_count=10837 6050 4787 2411 2376 1318 2427 3623 2090 1623 1216 2407 2032 781 1251 403 378 1221 798 660 1093 533 230 753 387 656 138 297 218 368
cat_boundaries=0 1 2
cat_threshold=16 16
is_linear=0
shrinkage=0.05


Tree=19
num_leaves=31
num_cat=3
split_feature=14 14 11 14 11 0 11 0 14 0 14 9 11 11 7 14 11 11 11 7 14 11 11 9 9 7 11 7 11 11
split_gain=88.9012 19.605 9.53853 9.30063 5.63326 5.11604 4.71821 3.72507 3.13812 2.54598 1.97772 1.58267 1.31974 0.809659 0.667646 0.643115 0.658969 0.791991 0.621804 0.794751 0.57522 0.571249 0.539234 0.48376 0.373388 0.373211 0.346486 0.383469 0.30589 0.293573
threshold=17.500000000000004 37.500000000000007 0.73538978246754183 5.0000000000000009 0.92750732661553648 0 0.88403476330151454 1 75.000000000000014 2 75.000000000000014 2.5000000000000004 0.9898958271128977 0.92093717412624365 1.5000000000000002 10.500000000000002 0.67441863684527492 0.84058726838585029 0.30490993010465889 1.5000000000000002 2.0000000000000004 0.40147311773604405 0.89194830668220126 3.5000000000000004 5.5000000000000009 1.5000000000000002 0.99588210642743402 3.5000000000000004 0.55241485047541383 0.95102128832130872
decision_type=2 2 2 2 2 1 2 1 2 1 2 2 2 2 2 2 2 2 2 2 2 2 2 2 2 2 2 2 2 2
left_child=3 4 5 12 7 8 9 -2 -3 15 11 -4 20 24 21 -5 18 -18 19 -17 -1 -10 -12 -16 -13 29 -15 -28 -22 -8
right_child=1 2 10 6 -6 -7 25 -9 14 -11 22 13 -14 26 23 16 17 -19 -20 -21 28 -23 -24 -25 -26 -27 27 -29 -30 -31
leaf_value=0.0083655801269799691 0.00034754405398168683 -0.0036049534279274133 -0.0099433236505222736 0.0049143739383437322 -0.0036049534279274133 -0.016866373447211168 0.00056799432126487174 -0.0036049534279274133 -0.014861964753695897 0.00034754405398168683 -0.0099433236505222736 -0.0036049534279274133 0.0049143739383437322 -0.0090911848268844936 -0.0053765481227723948 0.00034754405398168683 0.00034754405398168683 0.0041957972028479019 0.0041957972028479019 0.0038540604999472735 0.007537110430988681 -0.0070321714362272846 -0.013001699710138521 -0.0081090205716313653 -0.0077258068301068591 0.00034754405398168683 -0.0036049534279274133 -0.009397113931820144 0.0059667252668888998 0.0049143739383437322
leaf_weight=1078 1738 1239 483 819 569 75 40 60 48 59 190 219 230 246 285 43 187 60 327 189 460 51 353 241 66 633 71 42 638 63
leaf_count=1078 1738 1239 483 819 569 75 40 60 48 59 190 219 230 246 285 43 187 60 327 189 460 51 353 241 66 633 71 42 638 63
internal_value=-0.000138002 -0.00421394 -0.00653272 0.00490902 -0.00067719 -0.0041438 0.00271869 0.000347544 -0.00362312 0.00423065 -0.0093023 -0.00809213 0.00711006 -0.00643893 -0.00714814 0.00476798 0.00347722 0.00129855 0.0041958 0.00157172 0.00753296 -0.0109391 -0.0117945 -0.00641523 -0.00442279 0.000347544 -0.00802276 -0.00563746 0.00670864 0.00451669
internal_weight=10802 5976 3609 4826 2367 1939 2420 1798 1864 1684 1670 1127 2406 644 625 1625 806 247 559 232 2176 99 543 526 285 736 359 113 1098 103
internal_count=10802 5976 3609 4826 2367 1939 2420 1798 1864 1684 1670 1127 2406 644 625 1625 806 247 559 232 2176 99 543 526 285 736 359 113 1098 103
cat_boundaries=0 1 2 3
cat_threshold=16 16 16
is_linear=0
shrinkage=0.05


Tree=20
num_leaves=31
num_cat=2
split_feature=14 14 11 11 1 1 14 14 14 11 11 11 11 8 11 9 7 11 11 9 7 14 11 11 11 14 11 7 9 7
split_gain=79.2184 24.5718 8.05441 6.08253 6.05629 4.71124 4.82383 3.69667 1.83215 1.77164 1.3666 1.30713 1.30451 1.05459 0.904898 0.84938 1.02418 0.842913 0.755853 0.636628 0.589795 0.585436 0.558905 0.493766 0.467568 0.415992 0.353974 0.300679 0.26895 0.261965
threshold=37.500000000000007 10.500000000000002 0.73538978246754183 0.73538978246754183 0 1 75.000000000000014 5.0000000000000009 75.000000000000014 0.085961614525331076 0.93380263866670565 0.68702731818199703 0.32125776158017871 0.01516544117647059 0.98731287009808555 2.5000000000000004 3.5000000000000004 0.84978561355144533 0.97781212113892935 3.5000000000000004 1.5000000000000002 25.500000000000004 0.23866392535577388 0.40147311773604405 0.12020359228713824 2.0000000000000004 0.91409412807680501 1.5000000000000002 4.5000000000000009 2.5000000000000004
decision_type=2 2 2 2 1 1 2 2 2 2 2 2 2 2 2 2 2 2 2 2 2 2 2 2 2 2 2 2 2 2
left_child=1 7 5 4 9 6 12 14 10 -3 15 24 19 18 25 16 -4 29 21 22 23 -5 -2 -8 -9 -1 -10 -12 -19 -17
right_child=2 3 8 13 -6 -7 20 11 26 -11 27 -13 -14 -15 -16 17 -18 28 -20 -21 -22 -23 -24 -25 -26 -27 -28 -29 -30 -31
leaf_value=0.0079024223487720296 -0.0017610801279111063 -0.0017610801279111063 -0.0094423101726199971 0.0027702587466550341 -0.0017610801279111063 -0.016076948427701299 -0.01434789228439331 0.0027702587466550341 -0.0096548350816010511 0.0027702587466550341 -0.0060924992760022483 0.0027702587466550341 -0.0017610801279111063 -0.0017610801279111063 0.0051286901173229179 -0.0043368464121975158 -0.0038135995742814345 -0.0017610801279111063 -0.0017610801279111063 -0.0045177334539637376 -0.006491464968333166 -0.0017610801279111063 -0.0045177334539637376 -0.0072365959485371908 0.0051286901173229179 0.0064821726232809629 -0.012382357867025309 -0.0094423101726199971 -0.0047142934680988006 -0.009265239747279946
leaf_weight=1069 187 157 150 120 81 78 49 86 239 1691 74 611 773 1443 238 48 98 106 68 251 513 61 44 56 522 1094 312 488 77 71
leaf_count=1069 187 157 150 120 81 78 49 86 239 1691 74 611 773 1443 238 48 98 106 68 251 513 61 44 56 522 1094 312 488 77 71
internal_value=-0.000247324 0.00277024 -0.0062924 -0.000142174 0.0018165 -0.00410976 -0.00360308 0.00568269 -0.00884902 0.00277026 -0.00766571 0.00343587 -0.00181981 -0.00176108 0.00682151 -0.00587346 -0.00804388 -0.00407047 0.00185972 -0.00436252 -0.00721566 0.00277026 -0.0018723 -0.0106593 0.00512869 0.00718742 -0.0112189 -0.00940614 -0.00192256 -0.00733002
internal_weight=10855 7241 3614 3621 1929 1951 1873 3620 1663 1848 1112 1219 1255 1692 2401 550 248 302 249 482 618 181 231 105 608 2163 551 562 183 119
internal_count=10855 7241 3614 3621 1929 1951 1873 3620 1663 1848 1112 1219 1255 1692 2401 550 248 302 249 482 618 181 231 105 608 2163 551 562 183 119
cat_boundaries=0 1 2
cat_threshold=16 16
is_linear=0
shrinkage=0.05


Tree=21
num_leaves=31
num_cat=3
split_feature=14 14 11 14 11 0 11 0 0 11 14 14 14 11 7 11 11 11 11 11 11 7 11 7 9 11 9 9 14 7
split_gain=74.9467 16.8487 8.27658 8.03649 5.1418 4.46282 4.1235 3.76361 2.32456 2.04645 1.62199 1.20599 1.13927 1.00015 1.37704 1.0078 0.989803 0.959268 0.81354 0.451585 0.633948 0.409652 0.34476 0.364166 0.384122 0.286327 0.25959 0.245327 0.223068 0.204508
threshold=17.500000000000004 37.500000000000007 0.73538978246754183 5.0000000000000009 0.92750732661553648 0 0.98127012181273632 1 2 0.068799878299628026 52.500000000000007 2.0000000000000004 75.000000000000014 0.76938632707879184 2.5000000000000004 0.12020359228713824 0.82144612508491288 0.95102128832130872 0.91409412807680501 0.50865210223081447 0.66161011071130948 1.5000000000000002 0.92750732661553648 3.5000000000000004 2.5000000000000004 0.84978561355144533 1.5000000000000002 4.5000000000000009 52.500000000000007 2.5000000000000004
decision_type=2 2 2 2 2 1 2 1 1 2 2 2 2 2 2 2 2 2 2 2 2 2 2 2 2 2 2 2 2 2
left_child=3 4 5 11 7 9 8 -2 13 28 22 -1 -11 15 26 -5 -13 -16 25 21 -21 -14 23 24 -4 -12 -15 -23 -3 -20
right_child=1 2 10 6 -6 -7 -8 -9 -10 12 18 16 19 14 17 -17 -18 -19 29 20 -22 27 -24 -25 -26 -27 -28 -29 -30 -31
leaf_value=0.0076376858492286856 0.00030960825487237088 -0.0066326600455102469 -0.0080167574541883443 0.00036554802728188079 -0.0033310652344206828 -0.015497278918822608 0.00030960825487237088 -0.0033310652344206828 0.00030960825487237088 -0.0033310652344206828 -0.0096568783967598913 0.0065168966104141805 -0.0087036042660474777 0.0009225201306503211 0.00030960825487237088 0.0044764130353880478 0.0044764130353880478 0.0044764130353880478 -0.012137131726188501 -0.0094660674988412546 -0.0045293539064007069 -0.0045293539064007069 -0.0075754140369747192 -0.0033310652344206828 -0.0043080493268480872 -0.0080167574541883443 0.0044764130353880478 -0.007874145789222943 -0.011530278258933088 -0.010086921244983567
leaf_weight=1207 1765 41 64 156 596 77 294 64 66 1149 290 761 59 66 336 1178 464 120 236 146 80 218 291 113 97 198 207 73 77 405
leaf_count=1207 1765 41 64 156 596 77 294 64 66 1149 290 761 59 66 336 1178 464 120 236 146 80 218 291 113 97 198 207 73 77 405
internal_value=-0.000143695 -0.00386189 -0.0060248 0.00448111 -0.000637332 -0.00377417 0.00244154 0.000309608 0.00347384 -0.00333107 -0.00857196 0.00651128 -0.00333107 0.00393565 0.00240774 0.00447641 0.00539611 0.00068 -0.0096711 -0.00572764 -0.00748063 -0.00457763 -0.00636241 -0.00505128 -0.00660392 -0.00809112 0.00447641 -0.00452935 -0.0098986 -0.0108595
internal_weight=10894 6039 3614 4855 2425 1920 2423 1829 2129 1843 1694 2432 1725 2063 729 1334 1225 456 1129 576 226 350 565 274 161 488 273 291 118 641
internal_count=10894 6039 3614 4855 2425 1920 2423 1829 2129 1843 1694 2432 1725 2063 729 1334 1225 456 1129 576 226 350 565 274 161 488 273 291 118 641
cat_boundaries=0 1 2 3
cat_threshold=16 16 16
is_linear=0
shrinkage=0.05


Tree=22
num_leaves=31
num_cat=2
split_feature=14 14 11 11 1 1 11 14 11 14 11 11 11 11 14 9 7 7 7 11 9 9 7 7 11 11 11 11 11 11
split_gain=63.2979 18.3583 6.61747 5.46111 5.29544 3.89819 3.49003 2.563 1.69689 1.63974 1.50711 1.14676 1.21433 1.07934 1.00244 0.859403 1.10113 0.837018 0.789123 0.642208 0.636149 0.527508 0.510829 0.505536 0.467257 0.453972 0.393802 0.385531 0.453969 0.355032
threshold=37.500000000000007 10.500000000000002 0.73538978246754183 0.92750732661553648 0 1 0.98731287009808555 75.000000000000014 0.085961614525331076 75.000000000000014 0.40147311773604405 0.73538978246754183 0.84058726838585029 0.93982124484292628 5.0000000000000009 2.5000000000000004 4.5000000000000009 1.5000000000000002 1.5000000000000002 0.87585926134142889 3.5000000000000004 1.5000000000000002 1.5000000000000002 3.5000000000000004 0.84978561355144533 0.13727368718622826 0.95102128832130872 0.55241485047541383 0.6486055352228246 0.13727368718622826
decision_type=2 2 2 2 1 1 2 2 2 2 2 2 2 2 2 2 2 2 2 2 2 2 2 2 2 2 2 2 2 2
left_child=1 6 5 4 8 7 14 10 -3 13 23 -10 18 15 -1 16 -4 -15 -13 29 27 -14 -17 -2 -24 -25 -21 -9 -29 -16
right_child=2 3 9 -5 -6 -7 -8 20 11 -11 -12 12 21 17 19 22 -18 -19 -20 26 -22 -23 24 25 -26 -27 -28 28 -30 -31
leaf_value=0.0064175925334447707 -0.0036874971764558357 -0.0013968462038168232 -0.0083916502275395224 -0.0013968462038168232 -0.0013968462038168232 -0.014497520832659365 0.0026787350899375641 -0.0036874971764558357 0.0026787350899375641 -0.010092483635614179 -0.0013968462038168232 0.0026787350899375641 -0.0013968462038168232 -0.0029433321054667646 0.0026787350899375641 -0.0013968462038168232 -0.0024948017575535113 -0.0083916502275395224 -0.0013968462038168232 0.0026787350899375641 -0.007488590897938358 0.0026787350899375641 -0.0069570391497643103 -0.0036874971764558357 -0.0026714579045183889 -0.0013968462038168232 0.0054711755655488655 -0.009979575486587627 -0.0036874971764558357 0.0054711755655488655
leaf_weight=2181 392 162 182 876 91 76 377 234 1735 528 636 53 66 72 92 42 91 468 323 131 269 338 108 69 158 148 108 55 50 718
leaf_count=2181 392 162 182 876 91 76 377 234 1735 528 636 53 66 72 92 42 91 468 323 131 269 338 108 69 158 148 108 55 50 718
internal_value=-1.89676e-05 0.00266627 -0.00545996 0.000162989 0.00145519 -0.00346901 0.00519448 -0.0030091 0.00225756 -0.00778547 -0.00170722 0.00259082 0.000753922 -0.00669082 0.00580445 -0.00517802 -0.00722043 -0.00830589 -0.0012894 0.00452476 -0.00566777 0.00265412 -0.0033502 -0.0036875 -0.00443101 -0.00139685 0.00267874 -0.00420516 -0.00686248 0.00520868
internal_weight=10829 7251 3578 3644 2768 1929 3607 1853 2677 1649 1245 2515 780 1121 3230 581 273 540 376 1049 608 404 308 609 266 217 239 339 105 810
internal_count=10829 7251 3578 3644 2768 1929 3607 1853 2677 1649 1245 2515 780 1121 3230 581 273 540 376 1049 608 404 308 609 266 217 239 339 105 810
cat_boundaries=0 1 2
cat_threshold=16 16
is_linear=0
shrinkage=0.05


Tree=23
num_leaves=31
num_cat=2
split_feature=14 14 11 11 0 11 14 0 14 14 14 7 11 9 11 11 11 11 11 11 11 14 7 11 8 9 7 7 11 11
split_gain=57.1241 12.6354 7.15158 6.49626 4.26558 4.25983 4.21292 2.83563 2.58581 1.75549 0.768647 0.664342 0.953507 0.641951 0.637291 0.67192 0.579579 0.517942 0.490187 0.713871 0.471427 0.362658 0.720502 0.729324 0.359648 0.331384 0.286238 0.280558 0.288674 0.278441
threshold=17.500000000000004 37.500000000000007 0.87585926134142889 0.98731287009808555 0 0.92750732661553648 10.500000000000002 1 75.000000000000014 2.0000000000000004 2.0000000000000004 4.5000000000000009 0.91409412807680501 2.5000000000000004 0.28847174723635333 0.62202370727958112 0.89194830668220126 0.55241485047541383 0.068799878299628026 0.50865210223081447 0.84058726838585029 75.000000000000014 1.5000000000000002 0.98127012181273632 0.10615808823529413 4.5000000000000009 1.5000000000000002 6.0000000000000009 0.99865756837029906 0.58077876009839902
decision_type=2 2 2 2 1 2 2 1 2 2 2 2 2 2 2 2 2 2 2 2 2 2 2 2 2 2 2 2 2 2
left_child=3 5 4 6 8 7 10 -2 -3 -5 -1 16 -13 17 -8 24 -4 -12 -10 -20 -17 22 23 -18 -16 -15 -21 -14 -29 -28
right_child=1 2 11 9 -6 -7 14 -9 18 -11 13 12 27 25 15 20 21 -19 19 26 -22 -23 -24 -25 -26 -27 29 28 -30 -31
leaf_value=0.0065841898267291381 0.00024858474620386952 -0.0029160264088883853 -0.01498464218122845 0.0075041636686306451 -0.014235285796383593 -0.0029160264088883853 0.00024858474620386952 -0.0029160264088883853 -0.011098610401846641 0.00024858474620386952 0.0056340040286184528 -0.0029160264088883853 -0.0049930885829257247 0.0057580467223963061 0.0036887754443262546 0.00024858474620386952 -0.0089061173743435317 0.0036887754443262546 -0.004376922033856547 -0.010056963913580951 0.0027739143946534173 -0.010754007232527988 -0.0092167622681954917 -0.0029160264088883853 0.00024858474620386952 0.0045864662988897411 -0.0095219224630320662 -0.0079756461462385051 -0.012825202269525063 -0.005691427277715903
leaf_weight=1071 1742 1599 46 124 93 567 236 59 42 375 354 64 65 627 253 252 55 528 364 67 316 231 377 40 40 636 60 198 40 283
leaf_count=1071 1742 1599 46 124 93 567 236 59 42 375 354 64 65 627 253 252 55 528 364 67 316 231 377 40 40 636 60 198 40 283
internal_value=-0.000150794 -0.00340865 -0.00526423 0.00390581 -0.00378003 -0.000567819 0.00457144 0.000248585 -0.00337168 0.000248585 0.00548403 -0.00859334 -0.00680742 0.0049319 0.00189352 0.00254967 -0.00945818 0.00388738 -0.00583782 -0.0055384 0.00146575 -0.00907579 -0.00823346 -0.00427592 0.00368878 0.00565768 -0.00700992 -0.00803464 -0.00884095 -0.00638722
internal_weight=10804 5992 3624 4812 2508 2368 4313 1801 2415 499 3216 1116 367 2145 1097 861 749 882 816 774 568 703 472 95 293 1263 410 303 238 343
internal_count=10804 5992 3624 4812 2508 2368 4313 1801 2415 499 3216 1116 367 2145 1097 861 749 882 816 774 568 703 472 95 293 1263 410 303 238 343
cat_boundaries=0 1 2
cat_threshold=16 16
is_linear=0
shrinkage=0.05


Tree=24
num_leaves=31
num_cat=2
split_feature=14 14 11 11 1 1 11 14 11 14 11 11 14 9 11 8 11 7 9 7 11 7 11 11 9 11 11 11 11 11
split_gain=54.6648 15.9622 5.09621 4.11375 5.19081 3.7831 3.53958 2.32609 1.53978 1.1695 0.922142 0.923697 0.917101 0.869886 0.827497 0.706581 0.58569 0.57902 0.578736 0.487327 0.803213 0.467131 0.981812 0.92797 0.433576 0.384081 0.358974 0.342845 0.67918 0.291739
threshold=37.500000000000007 10.500000000000002 0.7582777201612757 0.73538978246754183 0 1 0.98731287009808555 75.000000000000014 0.40147311773604405 75.000000000000014 0.30490993010465889 0.23866392535577388 2.0000000000000004 2.5000000000000004 0.10309787846944714 0.01516544117647059 0.94556136170129623 3.5000000000000004 3.5000000000000004 1.5000000000000002 0.40147311773604405 2.5000000000000004 0.1712867993320398 0.7582777201612757 3.5000000000000004 0.99588210642743402 0.13727368718622826 0.93982124484292628 0.87585926134142889 0.95619940680887117
decision_type=2 2 2 2 1 1 2 2 2 2 2 2 2 2 2 2 2 2 2 2 2 2 2 2 2 2 2 2 2 2
left_child=1 6 5 4 10 7 12 8 17 13 11 14 -1 -4 -3 27 18 -2 -15 20 -9 22 -14 -23 -21 -18 -19 28 -5 -25
right_child=2 3 9 15 -6 -7 -8 19 -10 -11 -12 -13 21 16 -16 -17 25 26 -20 24 -22 23 -24 29 -26 -27 -28 -29 -30 -31
leaf_value=0.0065876268543782149 -0.0036089657948681882 -0.00096941468865553823 -0.0076725271543261302 0.0024075171743846557 -0.0013207743497993909 -0.01335175547586835 0.0024075171743846557 -0.012514207701561815 -0.0013207743497993909 -0.009121272082646353 0.0024075171743846557 -0.0013207743497993909 0.0024075171743846557 -0.0013207743497993909 0.0024075171743846557 -0.0013207743497993909 -0.00763891498449569 -0.0036089657948681882 -0.0047868809805562103 -0.0036089657948681882 -0.0041919345005613862 0.0051970943127135176 0.0056904427243407154 0.0024075171743846557 -0.006354639722461192 -0.0039220283331271163 -0.0013207743497993909 0.0024075171743846557 -0.0013207743497993909 0.0047689007285512302
leaf_weight=1070 408 212 427 75 83 91 374 58 699 533 1184 149 100 72 338 1398 224 68 224 289 60 848 771 356 239 106 163 102 49 131
leaf_count=1070 408 212 427 75 83 91 374 58 699 533 1184 149 100 72 338 1398 224 68 224 289 60 848 771 356 239 106 163 102 49 131
internal_value=-9.04453e-05 0.0024273 -0.00506885 5.98663e-05 0.00163038 -0.00343522 0.00475517 -0.00297388 -0.001782 -0.00720266 0.00240752 0.000533637 0.00538116 -0.00622378 0.00160547 -0.00132077 -0.00500972 -0.00360897 -0.00337602 -0.00543593 -0.00835333 0.00479326 0.00569044 0.00419777 -0.00476938 -0.00646046 -0.00132077 0.00179826 -0.000345183 0.00245059
internal_weight=10901 7240 3661 3590 1966 2075 3650 1984 1338 1586 1883 699 3276 1053 550 1624 626 639 296 646 118 2206 871 1335 528 330 231 226 124 487
internal_count=10901 7240 3661 3590 1966 2075 3650 1984 1338 1586 1883 699 3276 1053 550 1624 626 639 296 646 118 2206 871 1335 528 330 231 226 124 487
cat_boundaries=0 1 2
cat_threshold=16 16
is_linear=0
shrinkage=0.05


Tree=25
num_leaves=31
num_cat=3
split_feature=14 14 11 0 14 11 11 0 14 5 11 14 11 9 11 14 11 11 7 11 11 11 9 9 9 7 9 14 7 11
split_gain=47.1582 10.4954 8.48446 7.50391 4.65974 3.04584 2.38923 2.35049 2.24263 0.942768 0.887906 0.872139 0.733269 1.17124 0.72595 0.559351 0.50897 0.481648 0.437097 0.4345 0.399495 0.373211 0.365829 0.343541 0.611797 0.58012 0.326005 0.266899 0.254706 0.242357
threshold=25.500000000000004 10.500000000000002 0.73538978246754183 0 75.000000000000014 0.98731287009808555 0.97781212113892935 1 52.500000000000007 2 0.085961614525331076 5.0000000000000009 0.73538978246754183 2.5000000000000004 0.92750732661553648 75.000000000000014 0.68702731818199703 0.84058726838585029 1.5000000000000002 0.95619940680887117 0.96570416579410667 0.10309787846944714 3.5000000000000004 5.5000000000000009 2.5000000000000004 3.5000000000000004 2.5000000000000004 2.0000000000000004 2.5000000000000004 0.85873214889986926
decision_type=2 2 2 1 2 2 2 1 2 1 2 2 2 2 2 2 2 2 2 2 2 2 2 2 2 2 2 2 2 2
left_child=1 5 3 4 10 11 7 12 9 -4 -2 27 21 20 23 26 -13 -15 -16 -18 -14 -3 -6 24 25 -11 -10 -1 -17 -26
right_child=2 6 8 -5 22 -7 -8 -9 15 14 -12 16 13 17 18 28 19 -19 -20 -21 -22 -23 -24 -25 29 -27 -28 -29 -30 -31
leaf_value=0.0061738172279216883 -0.0028660182439342857 -0.00058519601628648156 -0.00058519601628648156 -0.014495726321872912 -0.0040261748655395701 0.0023099927008271635 -0.00058519601628648156 -0.00058519601628648156 -0.0077526943110603893 -0.0061539376352542684 -0.00058519601628648156 0.0047327797498145866 -0.00058519601628648156 -0.00058519601628648156 -0.0023614741390264489 -0.010372917284372405 0.0023099927008271635 0.0023099927008271635 -0.0061539376352542684 0.0047327797498145866 0.0023099927008271635 0.0023099927008271635 -0.0064707278737244052 -0.0061539376352542684 -0.0031336808015811797 -0.0012162794830898444 -0.0061539376352542684 0.0050386905420803339 -0.0080139126707574199 -0.00058519601628648156
leaf_weight=1073 160 140 73 113 345 368 338 56 241 144 1683 597 297 92 78 202 389 308 455 108 72 1130 288 67 103 74 324 1094 350 113
leaf_count=1073 160 140 73 113 345 368 338 56 241 144 1683 597 297 92 78 202 389 308 455 108 72 1130 288 67 103 74 324 1094 350 113
internal_value=-0.000204649 0.00272899 -0.00389938 -0.00195251 -0.00137444 0.0044321 0.000187885 0.00129734 -0.00616386 -0.00456152 -0.000585196 0.00502059 0.00196861 0.000667908 -0.00496742 -0.00774635 0.00386222 0.00230999 -0.00615394 0.00266724 -0.000585196 0.00230999 -0.00514684 -0.00358619 -0.00304423 -0.00490727 -0.00661102 0.00560334 -0.00889437 -0.00114999
internal_weight=10875 6062 4813 2589 2476 3629 2433 2095 2224 1107 1843 3261 2039 769 1034 1117 1094 400 533 497 369 1270 633 501 434 218 565 2167 552 216
internal_count=10875 6062 4813 2589 2476 3629 2433 2095 2224 1107 1843 3261 2039 769 1034 1117 1094 400 533 497 369 1270 633 501 434 218 565 2167 552 216
cat_boundaries=0 1 2 3
cat_threshold=16 16 2
is_linear=0
shrinkage=0.05


Tree=26
num_leaves=31
num_cat=1
split_feature=14 0 14 13 13 13 13 14 14 14 7 13 9 13 9 13 9 7 7 13 7 9 7 9 13 9 9 9 7 7
split_gain=41.2899 16.1494 16.1425 8.51321 3.47861 2.06557 1.37958 2.12279 1.05192 0.980657 0.95549 0.937818 0.716176 1.1618 0.667123 0.554539 0.546578 0.556182 0.516405 0.447012 0.353338 0.299067 0.478775 0.289581 0.282174 0.991095 0.271391 0.243648 0.241443 0.182756
threshold=10.500000000000002 0 52.500000000000007 19.500000000000004 19.500000000000004 14.500000000000002 15.500000000000002 25.500000000000004 2.0000000000000004 2.0000000000000004 1.5000000000000002 23.500000000000004 2.5000000000000004 19.500000000000004 1.5000000000000002 16.500000000000004 4.5000000000000009 2.5000000000000004 3.5000000000000004 21.500000000000004 1.5000000000000002 2.5000000000000004 3.5000000000000004 5.5000000000000009 14.500000000000002 3.5000000000000004 3.5000000000000004 5.5000000000000009 2.5000000000000004 2.5000000000000004
decision_type=2 1 2 2 2 2 2 2 2 2 2 2 2 2 2 2 2 2 2 2 2 2 2 2 2 2 2 2 2 2
left_child=5 2 3 6 15 8 -2 14 -1 -7 11 19 13 -11 -8 24 -12 -18 -19 -6 -17 22 -22 28 25 -4 -13 -14 -23 -15
right_child=1 -3 4 -5 10 9 7 -9 -10 12 16 26 27 29 -16 20 17 18 -20 -21 21 23 -24 -25 -26 -27 -28 -29 -30 -31
leaf_value=0.0068302435176317679 -0.0027683492310810014 -0.016771622874001239 -0.011204921443984934 0.00096795317525332359 -0.0071681177386870758 0.0058018613902514581 -0.0010106896937480047 -0.0027683492310810014 0.00096795317525332359 0.00096795317525332359 -0.0027683492310810014 -0.0078060859340732388 0.0048892313744138289 0.0048892313744138289 0.00096795317525332359 -0.0031524445192936141 -0.0027683492310810014 -0.00929297756905971 -0.0043409806596435173 -0.0027683492310810014 -0.011017212547582166 -0.0075802181237800553 -0.0057808733511711067 -0.008677637399210094 -0.0095649644273616378 -0.0032703647981240842 -0.013492849469184876 0.0034046373049811834 -0.0036066386920832836 0.0034797620920774841
leaf_weight=89 660 187 72 2657 64 1106 190 678 153 343 783 58 1012 236 519 77 94 88 138 69 92 54 91 64 337 88 40 301 141 359
leaf_count=89 660 187 72 2657 64 1106 190 678 153 343 783 58 1012 236 519 77 94 88 138 69 92 54 91 64 337 88 40 301 141 359
internal_value=-0.0001325 -0.00230799 -0.00192224 -0.000231359 -0.00530534 0.0042439 -0.00273299 -0.00118968 0.000967953 0.0045795 -0.00362205 -0.00654423 0.0039766 0.00291565 0.00074697 -0.00750975 -0.00300469 -0.00488325 -0.00630164 -0.00376489 -0.00633737 -0.00688384 -0.00845892 -0.0057427 -0.00871883 -0.00688833 -0.0102401 0.00473174 -0.00474007 0.00426213
internal_weight=10840 7241 7054 4704 2350 3599 2047 1387 242 3357 1334 231 2251 938 709 1016 1103 320 226 133 519 442 183 259 497 160 98 1313 195 595
internal_count=10840 7241 7054 4704 2350 3599 2047 1387 242 3357 1334 231 2251 938 709 1016 1103 320 226 133 519 442 183 259 497 160 98 1313 195 595
cat_boundaries=0 1
cat_threshold=16
is_linear=0
shrinkage=0.05


Tree=27
num_leaves=31
num_cat=2
split_feature=14 0 13 14 14 14 13 0 13 14 9 14 7 7 13 9 13 13 14 13 13 13 13 13 7 13 13 9 9 7
split_gain=40.3437 9.67412 9.49571 5.25415 5.1745 3.24764 2.88475 1.78604 1.7655 0.969748 0.790813 0.771777 0.57641 0.553479 0.546317 0.878829 0.798379 0.529734 0.496855 0.522165 0.490635 0.449944 0.43909 0.429376 0.395109 0.393307 0.378912 0.359079 0.346146 0.342627
threshold=17.500000000000004 0 19.500000000000004 52.500000000000007 5.0000000000000009 52.500000000000007 15.500000000000002 1 15.500000000000002 25.500000000000004 4.5000000000000009 75.000000000000014 1.5000000000000002 3.5000000000000004 19.500000000000004 2.5000000000000004 16.500000000000004 18.500000000000004 2.0000000000000004 18.500000000000004 16.500000000000004 22.500000000000004 21.500000000000004 25.500000000000004 3.5000000000000004 18.500000000000004 25.500000000000004 1.5000000000000002 3.5000000000000004 2.5000000000000004
decision_type=2 1 2 2 2 2 2 1 2 2 2 2 2 2 2 2 2 2 2 2 2 2 2 2 2 2 2 2 2 2
left_child=4 2 5 -4 18 8 -6 14 12 17 11 -5 -2 27 15 16 -8 -10 -1 -20 -7 22 -13 24 29 -17 -16 -11 -29 -12
right_child=1 -3 3 10 6 20 7 -9 9 13 23 21 -14 -15 26 25 -18 -19 19 -21 -22 -23 -24 -25 -26 -27 -28 28 -30 -31
leaf_value=0.0056207436987857975 0.00019276006441076526 -0.014969242368795857 0.00019276006441076526 -0.0015592915362504834 0.00019276006441076526 -0.0081402006900197898 0.0032631154300411394 0.00019276006441076526 0.00019276006441076526 -0.0052118095856829747 -0.004134637098759413 -0.0040334450194365419 -0.0052118095856829747 -0.0016524166774499107 0.0032631154300411394 0.0032631154300411394 0.00019276006441076526 -0.0016524166774499107 0.0032631154300411394 0.0048957547778617138 -0.0059007264031483413 -0.0027699717266446927 -0.0089697468396223775 -0.0092201298271337977 -0.002168327538529411 0.00019276006441076526 0.00086673678216637573 -0.0016524166774499107 -0.0045382090744594877 -0.0083261686366006542
leaf_weight=1210 54 160 2004 466 322 515 74 68 271 110 129 133 412 270 1106 318 215 76 422 775 501 277 70 57 119 97 213 113 200 82
leaf_count=1210 54 160 2004 466 322 515 74 68 271 110 129 133 412 270 1106 318 215 76 422 775 501 277 70 57 119 97 213 113 200 82
internal_value=-0.00014668 -0.00287623 -0.00254349 -0.000793122 0.00326175 -0.00485828 0.00162453 0.00260375 -0.00338084 -0.00219201 -0.00331134 -0.00252776 -0.00521181 -0.00327111 0.00305881 0.00182359 0.00019276 -3.37275e-05 0.0049017 0.00417077 -0.00704278 -0.00398065 -0.00577124 -0.00521531 -0.00449781 0.00326312 0.00326312 -0.00440169 -0.00325436 -0.00579516
internal_weight=10839 6019 5859 3337 4820 2522 2413 2091 1506 1040 1333 946 466 693 2023 704 289 347 2407 1197 1016 480 203 387 330 415 1319 423 313 211
internal_count=10839 6019 5859 3337 4820 2522 2413 2091 1506 1040 1333 946 466 693 2023 704 289 347 2407 1197 1016 480 203 387 330 415 1319 423 313 211
cat_boundaries=0 1 2
cat_threshold=16 16
is_linear=0
shrinkage=0.05


Tree=28
num_leaves=31
num_cat=1
split_feature=12 0 12 12 7 7 12 12 12 9 7 12 7 7 9 7 12 7 12 12 12 12 12 12 7 7 12 7 7 7
split_gain=12.9676 8.71711 8.13019 3.29707 4.75247 2.61912 1.82957 1.45049 1.33776 1.2888 1.34475 1.52065 1.28233 1.30322 1.15837 1.55619 3.15091 1.19329 1.78608 1.07666 1.03283 1.01467 0.826225 0.761447 2.91097 2.31968 1.14258 0.957305 0.842786 0.747506
threshold=-0.021515300460958463 0 -0.6775896895960708 -0.9523422988233432 1.5000000000000002 2.5000000000000004 -0.86092912513210462 -0.99271195016773384 -0.9975933521984367 2.5000000000000004 6.0000000000000009 -0.073092422389869308 4.5000000000000009 2.5000000000000004 5.5000000000000009 2.5000000000000004 -0.72658061058371981 2.5000000000000004 -0.79354221435844507 -0.90878397393106225 1.0000000180025095e-35 -0.9668120007078248 -0.32533003375364639 -0.97502841500522164 2.5000000000000004 4.5000000000000009 -0.9975933521984367 2.5000000000000004 6.0000000000000009 3.5000000000000004
decision_type=2 1 2 2 2 2 2 2 2 2 2 2 2 2 2 2 2 2 2 2 2 2 2 2 2 2 2 2 2 2
left_child=1 2 3 4 7 20 19 8 -1 12 22 -12 13 -4 17 16 -16 -8 -19 -5 -2 -9 -11 26 -25 -26 27 -6 -28 -20
right_child=5 -3 9 6 23 -7 14 21 -10 10 11 -13 -14 -15 15 -17 -18 18 29 -21 -22 -23 -24 24 25 -27 28 -29 -30 -31
leaf_value=-0.0044014189447929616 0.0009232826372410389 -0.0087439692163379431 -0.0016596580039604791 0.0026212315626673354 0.0037428782267564138 -0.015004130895667806 0.0035944539383053783 -0.00095570938566983765 -0.014684213165725983 0.0011612410612317037 -0.0014831641214844357 -0.0083172348155788681 -0.00040516515958829974 -0.0049095692942806336 0.0025020452502828379 0.001681732440611335 -0.014865267340023565 -0.0015826229548684377 0.00053561917695223843 0.0052691148151034666 -0.0099721931829685126 -0.008742915297096426 -0.00086129733918271232 0.0058129384716640612 -0.0073895081869341092 0.00088037740890200503 0.0017250333341791203 -0.0025839004356895279 0.0051237108207887088 0.003984758291496999
leaf_weight=66 46 270 673 852 81 166 699 176 62 999 613 93 644 571 51 145 52 424 265 704 40 54 1019 128 159 180 654 220 253 386
leaf_count=66 46 270 673 852 81 166 699 176 62 999 613 93 644 571 51 145 52 424 265 704 40 54 1019 128 159 180 654 220 253 386
internal_value=-0.000162683 0.000107011 0.000341606 0.00161984 1.18329e-05 -0.0113484 0.00253325 -0.00520897 -0.00945737 -0.00121352 -0.000517345 -0.00239389 -0.00221716 -0.00315412 0.00154022 -0.0016555 -0.00632455 0.00198765 0.000940485 0.00382186 -0.00420075 -0.00281394 0.000140029 0.00113012 -0.000583555 -0.00300874 0.00179255 -0.000874589 0.00267766 0.00258371
internal_weight=10745 10493 10223 5611 2033 252 3578 358 128 4612 2724 706 1888 1244 2022 248 103 1774 1075 1556 86 230 2018 1675 467 339 1208 301 907 651
internal_count=10745 10493 10223 5611 2033 252 3578 358 128 4612 2724 706 1888 1244 2022 248 103 1774 1075 1556 86 230 2018 1675 467 339 1208 301 907 651
cat_boundaries=0 1
cat_threshold=16
is_linear=0
shrinkage=0.05


Tree=29
num_leaves=31
num_cat=2
split_feature=14 11 11 1 14 14 1 12 14 11 11 11 10 11 11 11 7 11 7 11 14 11 14 11 7 7 7 11 14 11
split_gain=34.8092 7.04654 6.77013 4.64281 4.24727 3.78778 1.90937 1.71023 1.42326 0.888649 0.703019 0.92954 0.697032 0.693121 1.05573 0.511278 0.504882 0.789581 0.450715 0.922871 0.434953 0.412595 0.406905 0.347206 0.338241 0.447587 0.337038 0.304247 0.27735 0.268265
threshold=25.500000000000004 0.98731287009808555 0.73538978246754183 0 10.500000000000002 75.000000000000014 1 -0.021515300460958463 75.000000000000014 0.085961614525331076 0.95619940680887117 0.87585926134142889 1.0000000180025095e-35 0.92750732661553648 0.84978561355144533 0.73538978246754183 3.5000000000000004 0.87585926134142889 1.5000000000000002 0.98443735097190643 37.500000000000007 0.95619940680887117 37.500000000000007 0.085961614525331076 2.5000000000000004 6.0000000000000009 1.5000000000000002 0.94556136170129623 2.0000000000000004 0.1712867993320398
decision_type=2 2 2 1 2 2 1 2 2 2 2 2 2 2 2 2 2 2 2 2 2 2 2 2 2 2 2 2 2 2
left_child=1 4 3 5 10 9 12 8 13 -2 11 28 15 14 20 -6 17 -16 19 -15 -4 24 -19 -7 -17 -26 -12 -10 -1 -25
right_child=2 -3 7 -5 6 23 -8 -9 27 -11 26 -13 -14 18 16 21 -18 22 -20 -21 -22 -23 -24 29 25 -27 -28 -29 -30 -31
leaf_value=0.0052193032579048379 -0.0024482936661576822 -0.00037951446908679622 -0.0025230677260602219 -0.011748187145534552 0.0028424643994928718 -0.0084665892744221951 -0.00037951446908679622 -0.011115289157053003 -0.0061278710872585884 -0.00037951446908679622 0.010578631820238155 0.0028424643994928718 0.00058860802570285089 -0.005696304462240594 -0.00037951446908679622 0.0022057713961551313 -0.00037951446908679622 -0.0012054937509154637 -0.005696304462240594 -0.00037951446908679622 -0.005696304462240594 0.0028424643994928718 -0.005696304462240594 -0.0024482936661576822 -0.00037951446908679622 0.0028050287557042403 0.0058245830370155585 -0.0086631936777051399 0.0040809660203710149 -0.0046068482321079537
leaf_weight=822 158 622 137 105 869 51 57 118 298 1711 45 463 632 67 76 178 144 55 662 44 276 162 109 71 156 111 263 218 1661 498
leaf_count=822 158 622 137 105 869 51 57 118 298 1711 45 463 632 67 76 178 144 55 662 44 276 162 109 71 156 111 263 218 1661 498
internal_value=-5.25118e-05 0.00247253 -0.00323156 -0.0014994 0.00313017 -0.00106251 0.00141314 -0.00526861 -0.00493271 -0.000379514 0.00427179 0.00403134 0.00197928 -0.00417893 -0.00313708 0.00257394 -0.00124495 -0.00291614 -0.00524768 -0.00226976 -0.0048891 0.00132894 -0.00500147 -0.00451707 0.000507152 -0.000379514 0.00655116 -0.00721368 0.00445976 -0.00414884
internal_weight=10839 6041 4798 2594 5419 2489 2165 2204 2086 1869 3254 2946 2108 1570 797 1476 384 240 773 111 413 607 164 620 445 267 308 516 2483 569
internal_count=10839 6041 4798 2594 5419 2489 2165 2204 2086 1869 3254 2946 2108 1570 797 1476 384 240 773 111 413 607 164 620 445 267 308 516 2483 569
cat_boundaries=0 1 2
cat_threshold=16 16
is_linear=0
shrinkage=0.05


Tree=30
num_leaves=31
num_cat=1
split_feature=11 0 11 11 9 7 11 7 7 11 11 9 9 11 7 11 7 11 7 7 7 7 7 11 7 7 11 7 11 11
split_gain=10.4957 9.02414 3.84462 3.37508 2.25614 2.17632 1.69641 2.29311 1.48115 1.32041 1.17804 1.16969 1.43234 1.33701 1.85208 1.81483 1.05375 1.01864 1.35389 0.95169 1.85679 0.845415 0.990495 0.805544 0.94602 0.750767 1.32248 1.66092 0.730988 0.725473
threshold=0.98731287009808555 0 0.73538978246754183 0.99965739133362419 4.5000000000000009 1.5000000000000002 0.30490993010465889 1.5000000000000002 2.5000000000000004 0.47871610739127696 0.2219132928352042 2.5000000000000004 5.5000000000000009 0.96570416579410667 6.0000000000000009 0.81150899888343053 2.5000000000000004 0.92750732661553648 8.5000000000000018 2.5000000000000004 4.5000000000000009 1.5000000000000002 2.5000000000000004 0.62202370727958112 3.5000000000000004 8.5000000000000018 0.99588210642743402 3.5000000000000004 0.2219132928352042 0.84058726838585029
decision_type=2 1 2 2 2 2 2 2 2 2 2 2 2 2 2 2 2 2 2 2 2 2 2 2 2 2 2 2 2 2
left_child=1 2 4 5 6 -2 7 -1 -5 -8 -9 13 -13 14 15 -4 -11 -16 -19 -12 -21 -14 -23 -18 -25 26 27 -7 -3 -24
right_child=3 28 11 8 -6 25 9 10 -10 16 19 12 21 -15 17 -17 23 18 -20 20 -22 22 29 24 -26 -27 -28 -29 -30 -31
leaf_value=-0.0039855536749196603 0.003326811094623093 -0.0035126773940940058 -1.5480820097607273e-05 -0.0041749422890799389 3.5915538679949704e-05 -0.0087188628603003387 0.0042715200477819225 0.0026576762716411045 -0.013146348444151704 0.0036453001983224966 0.0037934808546434282 0.0010039853911120514 0.00369876298611447 0.0012588011511864535 0.0025894685238599777 -0.0047412452869537991 -0.00071494275235742418 -0.0097257902266250727 0.0027057933312472564 -0.0084440686531236462 0.0014648869223982241 -0.006229903326923217 -0.0060725423699570088 -0.000399469567546204 0.0040293385594562248 -0.0075625479532901553 -0.0014335974903056051 -0.001082602597920126 -0.0097866472354682377 -0.00014306099001005606
leaf_weight=214 108 61 289 69 1686 193 1101 778 145 584 68 1628 58 346 249 683 411 44 42 86 103 137 62 200 302 138 358 113 216 285
leaf_count=214 108 61 289 69 1686 193 1101 778 145 584 68 1628 58 346 249 683 411 44 42 86 103 137 62 200 302 138 358 113 216 285
internal_value=-7.86484e-05 0.000455016 0.000718725 -0.00464864 0.00156112 -0.00331296 0.00222938 0.00071432 -0.0102866 0.0029572 0.00168899 -0.000500558 0.000262785 -0.0015022 -0.00223352 -0.00333762 0.00198834 0.000970404 -0.00369324 -0.00124239 -0.00306466 -0.0019613 -0.0026458 0.000925645 0.00226759 -0.00421013 -0.00350306 -0.00591165 -0.00842262 -0.00121691
internal_weight=10757 9633 9356 1124 5533 910 3847 1249 214 2598 1035 3823 2170 1653 1307 972 1497 335 86 257 189 542 484 913 502 802 664 306 277 347
internal_count=10757 9633 9356 1124 5533 910 3847 1249 214 2598 1035 3823 2170 1653 1307 972 1497 335 86 257 189 542 484 913 502 802 664 306 277 347
cat_boundaries=0 1
cat_threshold=16
is_linear=0
shrinkage=0.05


Tree=31
num_leaves=31
num_cat=1
split_feature=14 14 12 0 12 12 12 7 12 14 7 12 7 12 12 12 12 14 12 7 9 14 9 7 9 14 12 12 12 12
split_gain=32.5534 9.96646 3.81485 3.88322 3.45612 2.30479 1.95674 1.27113 1.40044 1.22336 1.22002 1.10146 1.54239 1.25713 0.688397 0.823122 0.567196 0.502605 0.489081 1.24772 0.411419 0.402493 0.388722 0.563088 0.509872 0.48066 0.343884 0.961526 0.29213 1.08441
threshold=37.500000000000007 10.500000000000002 -0.6775896895960708 0 -0.6775896895960708 -0.93533330245768853 -0.15855351192338588 1.5000000000000002 -0.9668120007078248 75.000000000000014 2.5000000000000004 -0.97106408147883394 3.5000000000000004 -0.9975933521984367 -0.86092912513210462 -0.79354221435844507 -0.34155811708470757 2.0000000000000004 -0.98518361333263327 4.5000000000000009 3.5000000000000004 2.0000000000000004 2.5000000000000004 4.5000000000000009 5.5000000000000009 75.000000000000014 -0.48248986924805454 -0.29258949745833535 -0.090248267031646914 -0.038720846584669975
decision_type=2 2 2 1 2 2 2 2 2 2 2 2 2 2 2 2 2 2 2 2 2 2 2 2 2 2 2 2 2 2
left_child=1 6 3 -3 5 7 17 8 20 -7 -9 13 -13 -12 -11 -16 22 -1 -15 -20 -2 -8 23 -6 25 -24 -19 -28 -18 -30
right_child=4 2 -4 -5 16 9 21 10 -10 14 11 12 -14 18 15 -17 28 26 19 -21 -22 -23 24 -25 -26 -27 27 -29 29 -31
leaf_value=0.0050029663766600627 -0.0022337228953838348 0.0018060439641217575 -0.0011090665433144832 -0.0011090665433144832 -0.00725833986228493 -0.0011090665433144832 0.0065500994961037009 -0.0011090665433144832 -0.016474692558133327 -0.0025715849452402958 -0.0089902810104241643 -0.014356194642459741 -0.0047325656491797423 -0.0011090665433144832 -0.0094025924884287345 -0.0033241442234704164 -0.007274567079709908 0.0040200273698051308 -0.010692172640544111 -0.0011090665433144832 -0.0089566150849515747 0.0018060439641217575 -0.0015992304897384357 -0.0031827773857778735 -0.0069302744813042111 -0.0054802761110477154 0.0018060439641217575 0.0043381590243692638 -0.0017031999303912353 -0.0084577193814676169
leaf_weight=1078 49 1874 1674 81 265 729 121 189 42 125 73 63 124 146 95 137 569 1665 47 69 43 246 242 128 100 119 293 208 118 120
leaf_count=1078 49 1874 1674 81 265 729 121 189 42 125 73 63 124 146 95 137 569 1665 47 69 43 246 242 128 100 119 293 208 118 120
internal_value=-0.000128978 0.00180168 -4.89425e-05 0.00152952 -0.00401982 -0.00257926 0.00366103 -0.00453666 -0.00899399 -0.00110907 -0.00368515 -0.00496505 -0.00803387 -0.00323319 -0.0040341 -0.00584284 -0.00569198 0.0041166 -0.00160103 -0.00442645 -0.00543846 0.00180604 -0.0047807 -0.00594238 -0.00377966 -0.00289018 0.00367335 0.00251551 -0.00664922 -0.00512998
internal_weight=10832 7240 3629 1955 3592 1931 3611 845 134 1086 711 522 187 335 357 232 1661 3244 262 116 92 367 854 393 461 361 2166 501 807 238
internal_count=10832 7240 3629 1955 3592 1931 3611 845 134 1086 711 522 187 335 357 232 1661 3244 262 116 92 367 854 393 461 361 2166 501 807 238
cat_boundaries=0 1
cat_threshold=16
is_linear=0
shrinkage=0.05


Tree=32
num_leaves=31
num_cat=2
split_feature=12 0 11 7 7 11 7 11 11 7 7 11 11 11 11 12 9 11 11 11 7 11 12 7 11 7 7 5 11 11
split_gain=13.9367 8.70129 4.249 2.25446 2.18744 1.72704 2.51342 1.64955 1.40792 2.88947 1.63876 1.40268 3.00134 1.23038 1.04468 0.993726 0.993012 0.997393 2.48784 1.07848 0.909979 0.930369 0.888164 0.857234 0.856589 0.788284 0.780462 0.741578 1.04509 0.684174
threshold=-0.038720846584669975 0 0.76938632707879184 1.5000000000000002 2.5000000000000004 0.30490993010465889 1.5000000000000002 0.47871610739127696 0.23866392535577388 2.5000000000000004 4.5000000000000009 0.87585926134142889 0.94556136170129623 0.12020359228713824 0.25534383660447135 1.0000000180025095e-35 1.5000000000000002 0.84978561355144533 0.92750732661553648 0.95102128832130872 4.5000000000000009 0.99418108018405604 -0.021515300460958463 2.5000000000000004 0.068799878299628026 11.500000000000002 6.0000000000000009 1 0.98443735097190643 0.69943241849707793
decision_type=2 1 2 2 2 2 2 2 2 2 2 2 2 2 2 2 2 2 2 2 2 2 2 2 2 2 2 1 2 2
left_child=1 2 5 11 15 6 13 25 24 -10 -11 -4 -13 -1 -15 -2 20 -18 -19 -20 23 -22 -6 -5 -8 -7 -26 -21 -29 -3
right_child=4 29 3 16 22 7 8 -9 9 10 -12 12 -14 14 -16 -17 17 18 19 27 21 -23 -24 -25 26 -27 -28 28 -30 -31
leaf_value=-0.0075778473340548007 -0.00032134386333259376 -0.0070441131808475603 0.0057679165449351245 -0.0015901321118904485 -0.0069519393167530117 0.0036393790866320348 -0.00063952893712085519 0.0011582016742053599 0.0056424291900445504 -0.0085993530001677951 -0.00088123467079747253 -0.0045820788655962265 0.0038811972314827291 0.00049056061516607435 -0.0071693525090813642 -0.0097725712425178954 -0.0026702400104601726 0.0019663637470784447 -0.0052439466234562651 0.0031299278008209887 0.00021056352127005537 -0.0078003729875313066 -0.013932237421871777 -0.0056197432722323217 0.0014790813865450522 -0.0012965998505295694 0.004530073134265576 0.00011362981366863188 -0.0029644656517327449 -0.012852216942209595
leaf_weight=129 73 206 176 224 64 1249 304 2600 96 125 152 174 260 172 59 44 558 774 174 97 312 40 192 324 707 86 298 557 545 70
leaf_count=129 73 206 176 224 64 1249 304 2600 96 125 152 174 260 172 59 44 558 774 174 97 312 40 192 324 707 86 298 557 545 70
internal_value=-0.000153278 0.000185548 0.000423148 -0.000792443 -0.00963728 0.00128037 0.00010043 0.00189251 0.000912414 -0.0017942 -0.00438254 0.00201645 0.000485353 -0.00368536 -0.00148834 -0.00392835 -0.00126816 -0.000788944 -0.000298984 -0.00157653 -0.002706 -0.000719289 -0.012221 -0.0039785 0.00168445 0.00332067 0.00238736 -0.00104038 -0.00140997 -0.00855826
internal_weight=10841 10468 10192 4215 373 5977 2042 3935 1682 373 277 610 434 360 231 117 3605 2705 2147 1373 900 352 256 548 1309 1335 1005 1199 1102 276
internal_count=10841 10468 10192 4215 373 5977 2042 3935 1682 373 277 610 434 360 231 117 3605 2705 2147 1373 900 352 256 548 1309 1335 1005 1199 1102 276
cat_boundaries=0 1 2
cat_threshold=16 2
is_linear=0
shrinkage=0.05


Tree=33
num_leaves=31
num_cat=2
split_feature=14 1 14 11 11 11 14 14 10 14 11 14 7 7 11 1 7 11 11 11 11 12 11 11 7 11 11 11 11 11
split_gain=28.8909 11.4685 9.71221 4.38946 2.82106 2.19892 1.40982 1.03435 0.971927 0.601419 0.509875 0.429205 0.874744 0.557903 0.523056 0.364735 0.312763 0.470967 0.362663 0.268351 0.269083 0.257372 0.253594 0.695859 0.247436 0.306956 0.22409 0.207948 0.799075 0.187956
threshold=10.500000000000002 0 37.500000000000007 0.97781212113892935 0.87585926134142889 0.98731287009808555 75.000000000000014 2.0000000000000004 1.0000000180025095e-35 5.0000000000000009 0.52339621958889315 75.000000000000014 1.5000000000000002 3.5000000000000004 0.92093717412624365 1 2.5000000000000004 0.18821973775956946 0.23866392535577388 0.068799878299628026 0.95619940680887117 -0.073092422389869308 0.73538978246754183 0.84058726838585029 6.0000000000000009 0.69943241849707793 0.30490993010465889 0.88403476330151454 0.95102128832130872 0.71163026189157008
decision_type=2 1 2 2 2 2 2 2 2 2 2 2 2 2 2 1 2 2 2 2 2 2 2 2 2 2 2 2 2 2
left_child=5 2 3 22 6 9 8 21 -4 15 26 12 -6 -14 -15 19 17 -11 -18 -1 -21 -7 -2 -24 25 -12 -8 -25 -29 -26
right_child=1 -3 4 -5 11 7 10 -9 -10 16 24 -13 13 14 -16 -17 18 -19 -20 20 -22 -23 23 27 29 -27 -28 28 -30 -31
leaf_value=0.006992479848798693 0.00066528389408698979 -0.013974993976617828 -0.0017581238276433817 -0.0017581238276433817 -0.0017581238276433817 0.0032262033781629467 -0.0046145837324169962 0.00066528389408698979 -0.0030520686691619969 0.00066528389408698979 -0.0083474818935118083 -0.0070435394836257121 -0.0059998234518761108 -0.0017581238276433817 -0.0049777745218245063 0.0082009327039122594 0.0035957722469542592 0.0035957722469542592 0.0015456195682739182 0.003881577648902684 0.0057766282508896968 0.0079276041863522561 -0.0017581238276433817 0.00066528389408698979 -0.0030520686691619969 -0.0049179870462886851 -0.0030520686691619969 -0.0017581238276433817 0.00066528389408698979 -0.0060809688870160084
leaf_weight=84 1854 196 1102 499 99 52 233 243 470 53 122 383 358 56 233 59 115 378 543 1791 214 63 368 202 51 155 182 388 246 54
leaf_count=84 1854 196 1102 499 99 52 233 243 470 53 122 383 358 56 233 59 115 378 543 1791 214 63 368 202 51 155 182 388 246 54
internal_value=-0.000258403 -0.00207539 -0.00174286 9.69506e-05 -0.0036132 0.00340595 -0.00263108 0.000665284 -0.00176071 0.00383382 -0.00434343 -0.00566985 -0.00495611 -0.00565288 -0.0037189 0.00432023 0.00287131 0.00359577 0.00215556 0.00420676 0.00408662 0.00578712 0.000665284 -0.00025422 -0.00566405 -0.00645304 -0.00311713 0.000552343 -0.000249158 -0.00354137
internal_weight=10846 7251 7055 3557 3498 3595 2369 358 1572 3237 797 1129 746 647 289 2148 1089 431 658 2089 2005 115 3058 1204 382 277 415 836 634 105
internal_count=10846 7251 7055 3557 3498 3595 2369 358 1572 3237 797 1129 746 647 289 2148 1089 431 658 2089 2005 115 3058 1204 382 277 415 836 634 105
cat_boundaries=0 1 2
cat_threshold=16 16
is_linear=0
shrinkage=0.05


Tree=34
num_leaves=31
num_cat=4
split_feature=14 0 14 12 12 12 12 14 14 0 14 7 12 12 12 14 0 7 9 7 12 12 9 12 12 5 7 7 12 12
split_gain=27.8544 6.18556 7.34369 3.32465 2.47035 2.34433 1.85907 1.1833 1.14092 1.19508 0.671407 0.504269 0.799149 0.652246 0.542293 0.473219 0.422041 0.344743 0.337052 0.294215 0.377327 0.271558 0.242256 0.233897 0.216283 0.203436 0.197279 0.189922 0.296639 0.188939
threshold=17.500000000000004 0 37.500000000000007 -0.15855351192338588 -0.6775896895960708 -0.37370587188196386 -0.99626127116974506 2.0000000000000004 5.0000000000000009 1 75.000000000000014 2.5000000000000004 -0.6775896895960708 -0.98518361333263327 -0.27608674622158874 75.000000000000014 2 6.0000000000000009 2.5000000000000004 1.5000000000000002 -0.91583036384466876 -0.29258949745833535 5.5000000000000009 -0.38961601727460732 -0.43663505800854829 3 2.5000000000000004 4.5000000000000009 -0.25950218452349672 -0.073092422389869308
decision_type=2 1 2 2 2 2 2 2 2 1 2 2 2 2 2 2 1 2 2 2 2 2 2 2 2 1 2 2 2 2
left_child=3 2 5 8 6 -2 -4 -5 16 11 -8 13 -13 -10 17 18 21 -14 27 20 -12 23 29 -1 -17 -21 -23 -6 -29 -20
right_child=1 -3 4 7 15 -7 10 -9 9 -11 19 12 14 -15 -16 24 -18 -19 22 25 -22 26 -24 -25 -26 -27 -28 28 -30 -31
leaf_value=0.0039835251491570304 0.00016604614617111142 -0.011995892350110541 -0.0071681563896807236 0.0058802973235537875 -0.0052323657050780716 -0.0017242883742939902 -0.0017242883742939902 0.00016604614617111142 0.00016604614617111142 0.00016604614617111142 -0.0092726861977058921 0.0030687658268762955 0.00016604614617111142 0.0032010645292076464 0.0032010645292076464 -0.0052323657050780716 0.0081099825400498607 0.0025393792069523845 -0.0034871472678312228 -0.0025907209493271108 -0.0030994591271055159 0.0076414687941089663 -0.0052323657050780716 0.0032010645292076464 -0.0069579536826283803 -0.0049140513746981293 0.0043888838184476999 -0.0017242883742939902 -0.0052323657050780716 -0.0017242883742939902
leaf_weight=1719 1707 162 177 130 332 581 1155 362 98 60 45 745 246 742 105 220 61 171 397 357 57 77 134 153 343 103 135 94 67 78
leaf_count=1719 1707 162 177 130 332 581 1155 362 98 60 45 745 246 742 105 220 61 171 397 357 57 77 134 153 343 103 135 94 67 78
internal_value=-0.000118461 -0.00238734 -0.00211911 0.00271943 -0.00353957 9.09904e-05 -0.00230252 0.000166046 0.00319765 0.00238647 -0.00179706 0.00271319 0.00201869 0.00320106 0.000517025 -0.00494453 0.00401566 0.000166046 -0.00433297 -0.00345715 -0.00588653 0.00389198 -0.00353269 0.0036956 -0.00613176 -0.00290687 0.00560058 -0.00523237 -0.00346617 -0.00298914
internal_weight=10813 6009 5847 4804 3559 2288 1894 492 4312 2167 1717 2107 1267 840 522 1665 2145 417 1102 562 102 2084 609 1872 563 460 212 493 161 475
internal_count=10813 6009 5847 4804 3559 2288 1894 492 4312 2167 1717 2107 1267 840 522 1665 2145 417 1102 562 102 2084 609 1872 563 460 212 493 161 475
cat_boundaries=0 1 2 3 4
cat_threshold=16 16 16 1
is_linear=0
shrinkage=0.05


Tree=35
num_leaves=31
num_cat=2
split_feature=14 14 11 11 0 11 14 5 11 14 14 14 11 8 11 11 11 8 14 11 11 11 11 11 8 11 11 8 11 11
split_gain=23.6751 6.3784 3.67273 3.30483 2.13166 1.72672 1.66824 0.668136 0.489128 0.455758 0.347639 0.291889 0.381437 0.290106 0.289578 0.305013 0.197802 0.194755 0.405607 0.194333 0.214028 0.264986 0.191345 0.363012 0.501888 0.183577 0.176844 0.168759 0.181559 0.303624
threshold=17.500000000000004 52.500000000000007 0.98731287009808555 0.73538978246754183 0 0.89959754652979684 10.500000000000002 1 0.085961614525331076 75.000000000000014 2.0000000000000004 2.0000000000000004 0.87585926134142889 0.036764705882352949 0.28847174723635333 0.63540876391619916 0.95619940680887117 0.01516544117647059 25.500000000000004 0.84978561355144533 0.88403476330151454 0.95102128832130872 0.1712867993320398 0.30490993010465889 0.051470588235294122 0.1712867993320398 0.97781212113892935 0.15165441176470593 0.52339621958889315 0.59470465775869796
decision_type=2 2 2 2 1 2 2 1 2 2 2 2 2 2 2 2 2 2 2 2 2 2 2 2 2 2 2 2 2 2
left_child=2 3 6 4 -2 8 11 -5 -3 -10 -4 -1 25 -7 -8 -16 -14 18 -9 -17 -21 -22 -11 24 -24 -13 -23 28 -25 -30
right_child=1 5 10 7 -6 13 14 17 9 22 -12 12 16 -15 15 19 -18 -19 -20 20 21 26 23 27 -26 -27 -28 -29 29 -31
leaf_value=0.0044221424453682445 0.00028525105230287306 -0.0064752558409236372 0.005447241988452341 0.00028525105230287306 -0.002409330980454644 -0.0076533838704661216 0.00028525105230287306 0.00028525105230287306 -0.002409330980454644 -0.0031459603534872678 0.00028525105230287306 0.0026009797327556268 0.0026009797327556268 -0.0054252766524610979 0.0026009797327556268 0.00028525105230287306 0.0039122363649819695 -0.002409330980454644 -0.002409330980454644 0.0026009797327556268 0.00028525105230287306 0.0026009797327556268 -0.0098182939982507378 -0.0031459603534872678 -0.0031459603534872678 0.0039122363649819695 0.00028525105230287306 -0.0068531655998857223 -0.0076964112833656124 -0.003747042639535183
leaf_weight=1071 1850 109 122 114 77 240 213 81 817 65 379 245 291 425 306 245 214 1325 159 56 131 74 63 171 48 1397 41 42 57 354
leaf_count=1071 1850 109 122 114 77 240 213 81 817 65 379 245 291 425 306 245 214 1325 159 56 131 74 63 171 48 1397 41 42 57 354
internal_value=2.02753e-05 -0.00207244 0.00264294 -0.000744232 0.000285251 -0.00407443 0.00317513 -0.00239681 -0.00323706 -0.00301491 0.000285251 0.00374301 0.00340233 -0.00623969 0.00145895 0.00188805 0.00260098 -0.00240933 -0.000808288 0.00111912 0.00197677 0.000966465 -0.00388259 -0.00426576 -0.00690745 0.00379432 0.00260098 -0.00378554 -0.00355279 -0.00431212
internal_weight=10782 5997 4785 3606 1927 2391 4284 1679 1726 1617 501 3218 2147 665 1066 853 505 1565 240 547 302 246 800 735 111 1642 115 624 582 411
internal_count=10782 5997 4785 3606 1927 2391 4284 1679 1726 1617 501 3218 2147 665 1066 853 505 1565 240 547 302 246 800 735 111 1642 115 624 582 411
cat_boundaries=0 1 2
cat_threshold=16 2
is_linear=0
shrinkage=0.05


Tree=36
num_leaves=31
num_cat=2
split_feature=12 0 12 9 7 5 7 12 12 9 12 7 7 12 7 7 12 12 12 7 12 12 9 7 12 7 7 12 9 12
split_gain=11.9881 6.36429 2.93704 1.80036 1.57935 1.37502 1.35295 1.83512 0.956114 0.936058 1.36372 1.69123 1.08708 0.902291 1.80569 0.894929 1.47661 1.40246 2.27457 0.87819 1.87763 0.597529 0.44576 0.587484 0.619409 0.631673 0.745821 1.98612 0.70705 0.50206
threshold=-0.021515300460958463 0 -0.4673419057595769 4.5000000000000009 2.5000000000000004 1 1.5000000000000002 -0.32533003375364639 -0.9668120007078248 2.5000000000000004 -0.58427653070765262 6.0000000000000009 3.5000000000000004 -0.98208922706762081 1.5000000000000002 1.5000000000000002 -0.95744972225749969 -0.72658061058371981 -0.62538740722492581 1.5000000000000002 -0.94695267581281539 -0.25950218452349672 2.5000000000000004 11.500000000000002 -0.14153505243942421 2.5000000000000004 3.5000000000000004 -0.25950218452349672 1.5000000000000002 -0.37370587188196386
decision_type=2 1 2 2 2 1 2 2 2 2 2 2 2 2 2 2 2 2 2 2 2 2 2 2 2 2 2 2 2 2
left_child=1 2 3 9 -2 21 7 -7 -3 10 -1 12 -12 14 -11 16 -5 -18 -19 20 -15 -4 23 24 25 28 27 29 -8 -27
right_child=4 8 5 15 -6 6 22 -9 -10 13 11 -13 -14 19 -16 -17 17 18 -20 -21 -22 -23 -24 -25 -26 26 -28 -29 -30 -31
leaf_value=0.0012637919173452052 -0.0047102897213055538 -0.0028007962897922218 0.00023335463741851835 -0.0074554518787959302 -0.013352230886618298 -0.0030076292859520883 -0.0014311456984847132 0.0037512721807619154 -0.0090970943570137016 -0.0099464381330235073 -0.0022908006167374393 0.0031804758063440543 -0.0097890700965539614 -0.0026104962278623136 0.0013002912791784012 0.00013567506440916813 0.0027614811239959477 -0.012570093333721161 0.002132071601226926 0.0021024325605923863 0.0070498816143427651 0.0057318824436972107 -0.0011637530778093135 0.0015969279366963279 -0.0052352243564514952 -0.013613779064681794 -0.0012421880546888268 0.00058340064065834124 0.0057928881752822136 -0.0068202053421040675
leaf_weight=2562 77 88 96 108 179 156 136 278 199 42 238 120 60 63 209 1802 142 49 55 1593 240 101 1449 77 219 44 242 85 44 81
leaf_count=2562 77 88 96 108 179 156 136 278 199 42 238 120 60 63 209 1802 142 49 55 1593 240 101 1449 77 219 44 242 85 44 81
internal_value=-0.00011128 0.000147943 0.000353068 0.000895889 -0.0107813 -0.000961077 -0.00124437 0.00132048 -0.00718295 0.0014056 0.000831701 -0.00181336 -0.00382821 0.00220139 -0.000613634 -0.000316291 -0.00261088 -0.000462416 -0.00484865 0.00257418 0.00503931 0.00306711 -0.00171303 -0.0025685 -0.00294682 -0.00214683 -0.00314251 -0.00531613 0.000356978 -0.00930061
internal_weight=10834 10578 10291 7283 256 3008 2811 434 287 5127 2980 418 298 2147 251 2156 354 246 104 1896 303 197 2377 928 851 632 452 210 180 125
internal_count=10834 10578 10291 7283 256 3008 2811 434 287 5127 2980 418 298 2147 251 2156 354 246 104 1896 303 197 2377 928 851 632 452 210 180 125
cat_boundaries=0 1 2
cat_threshold=16 2
is_linear=0
shrinkage=0.05


Tree=37
num_leaves=31
num_cat=1
split_feature=14 11 14 1 11 11 8 11 11 8 11 11 8 11 11 8 14 14 8 11 11 11 11 8 11 11 11 14 8 14
split_gain=19.2457 6.14957 3.60087 2.40684 2.30135 1.38041 1.21934 1.31714 0.847392 0.76444 0.831624 1.10001 1.99496 1.64373 0.724177 1.2639 0.717541 0.63111 0.55209 0.491913 0.491569 0.473399 0.54376 0.522469 0.451497 0.433125 0.347704 0.345054 0.338298 0.323789
threshold=37.500000000000007 0.98731287009808555 10.500000000000002 0 0.73538978246754183 0.40147311773604405 0.02251838235294118 0.25534383660447135 0.73538978246754183 0.036764705882352949 0.068799878299628026 0.18821973775956946 0.051470588235294122 0.30490993010465889 0.28847174723635333 0.02251838235294118 75.000000000000014 25.500000000000004 0.10615808823529413 0.50865210223081447 0.23866392535577388 0.95619940680887117 0.92750732661553648 0.051470588235294122 0.84058726838585029 0.13727368718622826 0.63540876391619916 52.500000000000007 0.036764705882352949 2.0000000000000004
decision_type=2 2 2 1 2 2 2 2 2 2 2 2 2 2 2 2 2 2 2 2 2 2 2 2 2 2 2 2 2 2
left_child=1 2 21 8 5 6 7 25 14 -8 -11 -12 13 -13 15 -4 -7 24 -14 -18 -17 22 29 -23 -10 -2 -21 -6 -29 -1
right_child=4 -3 3 -5 27 16 9 -9 17 10 11 12 18 -15 -16 20 19 -19 -20 26 -22 23 -24 -25 -26 -27 -28 28 -30 -31
leaf_value=0.0039959164507675244 -0.0069324778473895529 -0.00080276286111534987 -0.00080276286111534987 -0.00080276286111534987 -0.0033857006323857633 -0.00080276286111534987 -0.00080276286111534987 -0.012795378081500532 0.00019017341207207256 -0.0086907391095839785 -0.00080276286111534987 -0.015678825793724697 -0.00080276286111534987 -0.0037910950758183997 0.0020102859719090325 0.0020102859719090325 -0.0020051244026691602 -0.00080276286111534987 -0.004769261897251121 -0.0065860571285399298 -0.00080276286111534987 0.0065523407917488091 0.0020102859719090325 0.0022696101261236892 0.0020101891164831954 -0.00080276286111534987 -0.0026989469356867007 -0.0060763029993450559 -0.0042364304208498092 0.0028494339698333223
leaf_weight=942 45 755 118 93 557 652 218 63 245 66 167 58 129 59 1227 434 88 432 100 119 90 202 177 112 588 48 115 410 685 1842
leaf_count=942 45 755 118 93 557 652 218 63 245 66 167 58 129 59 1227 434 88 432 100 119 90 202 177 112 588 48 115 410 685 1842
internal_value=-4.2627e-05 0.00143715 0.00201928 0.00083351 -0.00304267 -0.00186722 -0.0032334 -0.00726484 0.00135972 -0.0024362 -0.00344228 -0.00275145 -0.00448406 -0.00976709 0.00201029 0.000329859 -0.000802763 0.000359648 -0.00175413 -0.00320749 0.00195241 0.00318706 0.00298927 0.0050368 0.00118311 -0.00342209 -0.00469534 -0.00441184 -0.00493025 0.00323866
internal_weight=10836 7257 6502 3227 3579 1927 953 156 3134 797 579 513 346 117 1869 642 974 1265 229 322 524 3275 2961 314 833 93 234 1652 1095 2784
internal_count=10836 7257 6502 3227 3579 1927 953 156 3134 797 579 513 346 117 1869 642 974 1265 229 322 524 3275 2961 314 833 93 234 1652 1095 2784
cat_boundaries=0 1
cat_threshold=16
is_linear=0
shrinkage=0.05


Tree=38
num_leaves=31
num_cat=4
split_feature=14 11 11 1 14 14 1 14 11 7 11 11 7 11 7 9 7 11 7 9 11 1 11 11 5 11 11 11 11 7
split_gain=18.4166 4.51026 3.28577 2.34188 2.47423 2.08974 1.97036 1.14918 0.69652 0.932618 0.985541 0.645065 0.634473 0.623419 0.532722 0.460002 0.532266 0.439907 0.405868 0.383136 0.349953 0.331264 0.299029 0.295616 0.287814 0.234448 0.211247 0.384828 0.207264 0.258978
threshold=25.500000000000004 0.98731287009808555 0.73538978246754183 0 75.000000000000014 5.0000000000000009 1 52.500000000000007 0.12020359228713824 2.5000000000000004 0.49375726027723293 0.96109418277572278 4.5000000000000009 0.92750732661553648 1.5000000000000002 2.5000000000000004 3.5000000000000004 0.085961614525331076 1.5000000000000002 4.5000000000000009 0.91409412807680501 2 0.97406437363071496 0.58077876009839902 3 0.40147311773604405 0.99588210642743402 0.94556136170129623 0.84978561355144533 3.5000000000000004
decision_type=2 2 2 1 2 2 1 2 2 2 2 2 2 2 2 2 2 2 2 2 2 1 2 2 1 2 2 2 2 2
left_child=1 5 3 4 17 21 8 13 14 22 -11 12 -12 15 -7 16 -4 -2 25 -17 23 -1 -10 -14 -15 -6 27 28 29 -9
right_child=2 -3 7 -5 18 6 -8 26 9 10 11 -13 20 24 -16 19 -18 -19 -20 -21 -22 -23 -24 -25 -26 -27 -28 -29 -30 -31
leaf_value=0.0034201829901569347 -0.0019598641995579847 -0.00029979400803961719 -0.003765098786230805 -0.0083426175468148452 -0.0088253062851024119 -0.00029979400803961719 -0.00029979400803961719 -0.0042020731449471729 0.0025204699927812535 0.0025204699927812535 -0.00029979400803961719 0.0025204699927812535 -0.00029979400803961719 -0.00029979400803961719 0.0022995213054162037 -0.00029979400803961719 -0.00029979400803961719 -0.00029979400803961719 -0.0030330629309929039 -0.0028493906509441634 -0.00029979400803961719 0.0072793409228324897 -0.00029979400803961719 0.0025204699927812535 -0.003765098786230805 -0.0040479355475358794 -0.003765098786230805 -0.0065457326266780413 -0.003765098786230805 -0.0073580850134021608
leaf_weight=2099 166 630 138 108 52 42 90 172 1075 553 503 165 75 42 201 147 91 1725 523 149 103 57 59 369 551 56 157 346 341 111
leaf_count=2099 166 630 138 108 52 42 90 172 1075 553 503 165 75 42 201 147 91 1725 523 149 103 57 59 369 551 56 157 346 341 111
internal_value=-8.24548e-05 0.00176709 -0.00236667 -0.00116668 -0.000856196 0.00231981 0.0015154 -0.00377132 0.00192619 0.00214348 0.00127355 0.000448438 -3.05667e-05 -0.00263156 -0.000299794 -0.00137285 -0.00306271 -0.000299794 -0.00361993 -0.000299794 0.00144195 0.00352554 0.00252047 0.00208811 -0.00374174 -0.00640801 -0.00489864 -0.00519729 -0.00444031 -0.00546149
internal_weight=10896 6021 4875 2630 2522 5391 3235 2245 3145 2902 1768 1215 1050 1118 243 525 229 1891 631 296 547 2156 1134 444 593 108 1127 970 624 283
internal_count=10896 6021 4875 2630 2522 5391 3235 2245 3145 2902 1768 1215 1050 1118 243 525 229 1891 631 296 547 2156 1134 444 593 108 1127 970 624 283
cat_boundaries=0 1 2 3 4
cat_threshold=16 16 16 2
is_linear=0
shrinkage=0.05


Tree=39
num_leaves=31
num_cat=4
split_feature=14 0 14 11 11 11 11 5 14 11 11 9 14 11 11 11 11 11 12 5 11 5 11 11 11 11 9 11 9 14
split_gain=15.9525 8.32081 7.73063 4.13956 1.79461 1.39186 0.739645 0.608032 0.54024 0.477169 0.410989 0.378893 0.361075 0.334279 0.246728 0.366479 0.238943 0.235382 0.212642 0.212311 0.189115 0.245211 0.235127 0.307697 0.369986 0.230877 0.170384 0.255557 0.125701 0.121474
threshold=10.500000000000002 0 52.500000000000007 0.88403476330151454 0.98731287009808555 0.55241485047541383 0.085961614525331076 1 2.0000000000000004 0.91409412807680501 0.60845433159412521 5.5000000000000009 2.0000000000000004 0.59470465775869796 0.67441863684527492 0.84058726838585029 0.99588210642743402 0.87585926134142889 -0.038720846584669975 2 0.1712867993320398 3 0.55241485047541383 0.95619940680887117 0.88403476330151454 0.58077876009839902 5.5000000000000009 0.78026694822287779 3.5000000000000004 75.000000000000014
decision_type=2 1 2 2 2 2 2 1 2 2 2 2 2 2 2 2 2 2 2 1 2 1 2 2 2 2 2 2 2 2
left_child=4 2 3 11 12 6 -4 -5 -6 10 -7 -2 -1 -13 -12 26 19 -17 -18 -11 21 -14 -22 24 25 -24 27 28 -16 -19
right_child=1 -3 5 7 8 9 -8 -9 -10 16 14 13 20 -15 15 17 18 29 -20 -21 22 -23 23 -25 -26 -27 -28 -29 -30 -31
leaf_value=0.0038879456210189449 0.00068360468857750717 -0.011764761704931605 -0.0057230890301677093 0.00068360468857750717 0.0049888298998502865 -0.0065577141520585499 -0.0016605076225386537 -0.0016605076225386537 0.00068360468857750717 -0.0031032214323860273 -0.0016605076225386537 0.00018652524830208627 0.00068360468857750717 -0.0016605076225386537 -0.0037359739844785664 -0.0016605076225386537 -0.0016605076225386537 -0.0023169111889151353 -0.0053443539628504032 -0.0063642406129741681 0.003324436036095519 0.003324436036095519 0.00068360468857750717 0.003324436036095519 0.00068360468857750717 0.0028845779703756723 -0.0073699206074252293 -0.005727255547379839 -0.0016605076225386537 -0.0055520596105005536
leaf_weight=1079 2728 186 113 90 121 101 765 1366 252 60 124 276 209 202 141 107 70 62 83 418 669 42 55 201 266 703 47 141 51 58
leaf_count=1079 2728 186 113 90 121 101 765 1366 252 60 124 276 209 202 141 107 70 62 83 418 669 42 55 201 266 703 47 141 51 58
internal_value=4.67454e-06 -0.00135546 -0.00107734 0.000100002 0.00272266 -0.00342102 -0.00184418 -0.00166051 0.000683605 -0.00436543 -0.0035702 0.000683605 0.0031392 -0.00118889 -0.00314903 -0.00358057 -0.00540667 -0.0019781 -0.00364352 -0.00596224 0.00276093 0.00146248 0.00293214 0.00247217 0.0020477 0.00261549 -0.00453013 -0.00410845 -0.00289613 -0.00391353
internal_weight=10786 7189 7003 4662 3597 2341 878 1456 373 1463 832 3206 3224 478 731 607 631 227 153 478 2145 251 1894 1225 1024 758 380 333 192 120
internal_count=10786 7189 7003 4662 3597 2341 878 1456 373 1463 832 3206 3224 478 731 607 631 227 153 478 2145 251 1894 1225 1024 758 380 333 192 120
cat_boundaries=0 1 2 3 4
cat_threshold=16 2 4 1
is_linear=0
shrinkage=0.05


Tree=40
num_leaves=31
num_cat=2
split_feature=14 0 14 11 11 11 14 0 14 7 9 11 11 11 11 7 7 7 7 14 9 11 11 7 7 7 11 11 7 11
split_gain=15.2341 4.64267 4.30223 2.64632 2.5189 1.16465 0.939582 0.936884 0.793138 0.640597 0.516335 0.514492 0.436478 0.955037 0.388034 0.683555 0.292401 0.498927 0.672921 0.273938 0.260853 0.234291 0.203578 0.191323 0.218778 0.292088 0.155835 0.2146 0.148286 0.114895
threshold=17.500000000000004 0 52.500000000000007 0.98731287009808555 0.76938632707879184 0.7582777201612757 5.0000000000000009 1 2.0000000000000004 1.5000000000000002 3.5000000000000004 0.40147311773604405 0.88403476330151454 0.95102128832130872 0.28847174723635333 4.5000000000000009 1.5000000000000002 2.5000000000000004 3.5000000000000004 75.000000000000014 2.5000000000000004 0.52339621958889315 0.60845433159412521 6.0000000000000009 2.5000000000000004 1.5000000000000002 0.95102128832130872 0.92093717412624365 2.5000000000000004 0.051617755185161811
decision_type=2 1 2 2 2 2 2 1 2 2 2 2 2 2 2 2 2 2 2 2 2 2 2 2 2 2 2 2 2 2
left_child=3 2 4 6 -2 10 26 12 -5 -6 -4 16 14 -14 15 -8 -12 -18 -19 20 -7 -13 -23 24 25 -22 27 29 -28 -1
right_child=1 -3 5 8 9 19 7 -9 -10 -11 11 21 13 -15 -16 -17 17 18 -20 -21 23 22 -24 -25 -26 -27 28 -29 -30 -31
leaf_value=0.0055804720547582426 0.00015995168614130561 -0.0098909534910726835 -0.0017448878167594445 0.0058178571661790975 0.00015995168614130561 -0.0043443210933095007 0.00015995168614130561 0.00015995168614130561 0.00015995168614130561 -0.0017448878167594445 -0.0086059553033493944 -0.0017448878167594445 0.00015995168614130561 0.0024962372206281721 0.0024962372206281721 0.0024962372206281721 -0.0017448878167594445 -0.0097032487552496608 -0.0030204731661797272 -0.0051534081073711787 -0.0017448878167594445 -0.0061121879162436181 -0.0024346214235406514 -0.0043443210933095007 -0.0017448878167594445 -0.0043443210933095007 0.0059916417075631528 0.0024962372206281721 0.0033954324991735695 0.0032363387778103717
leaf_weight=55 1958 168 747 129 203 219 294 56 373 1319 46 110 254 241 1213 133 56 63 95 534 43 54 128 83 116 78 95 134 145 1752
leaf_count=55 1958 168 747 129 203 219 294 56 373 1319 46 110 254 241 1213 133 56 63 95 534 43 54 128 83 116 78 95 134 145 1752
internal_value=-3.77842e-05 -0.00172006 -0.00148384 0.00203996 -0.000364323 -0.00312545 0.00249513 0.00176244 0.000159952 -0.00174489 -0.00211585 -0.00337683 0.00209175 0.000788416 0.00248442 0.000985725 -0.00499229 -0.00417911 -0.00572939 -0.0043446 -0.00353523 -0.00192628 -0.0035532 -0.00255782 -0.00181576 -0.00387043 0.00323003 0.00307775 0.0044437 0.00331073
internal_weight=10894 6020 5852 4874 3480 2372 4372 2191 502 1522 1299 552 2135 495 1640 427 260 214 158 1073 539 292 182 320 237 121 2181 1941 240 1807
internal_count=10894 6020 5852 4874 3480 2372 4372 2191 502 1522 1299 552 2135 495 1640 427 260 214 158 1073 539 292 182 320 237 121 2181 1941 240 1807
cat_boundaries=0 1 2
cat_threshold=16 16
is_linear=0
shrinkage=0.05


Tree=41
num_leaves=31
num_cat=2
split_feature=14 0 12 14 11 11 12 7 14 11 14 11 11 7 11 11 7 11 11 11 0 11 11 11 11 11 11 7 11 11
split_gain=13.4779 7.55734 6.03535 6.32807 1.93141 1.49875 1.40729 0.917718 0.654698 0.584176 0.537196 0.55426 0.530883 0.52541 0.504268 0.422763 0.381898 0.384614 0.346311 0.335492 0.332906 0.263165 0.236233 0.194971 0.324936 0.308424 0.272534 0.322676 0.2099 0.392231
threshold=10.500000000000002 0 -0.021515300460958463 52.500000000000007 0.73538978246754183 0.50865210223081447 -0.021515300460958463 2.5000000000000004 5.0000000000000009 0.085961614525331076 25.500000000000004 0.98127012181273632 0.84058726838585029 2.5000000000000004 0.99728803130978128 0.49375726027723293 6.0000000000000009 0.99728803130978128 0.89959754652979684 0.18821973775956946 1 0.59470465775869796 0.93982124484292628 0.84978561355144533 0.81150899888343053 0.87585926134142889 0.92093717412624365 2.5000000000000004 0.71163026189157008 0.67441863684527492
decision_type=2 1 2 2 2 2 2 2 2 2 2 2 2 2 2 2 2 2 2 2 1 2 2 2 2 2 2 2 2 2
left_child=6 2 3 4 -2 9 8 -4 14 -5 11 12 -6 19 20 -15 17 22 21 -10 -1 -18 23 24 28 -25 27 -27 29 -7
right_child=1 -3 7 5 10 16 -8 -9 13 -11 -12 -13 -14 15 -16 -17 18 -19 -20 -21 -22 -23 -24 25 -26 26 -28 -29 -30 -31
leaf_value=0.0029161095325230145 0.00053561593172406306 -0.010966852482295397 -0.0047254791335454068 -0.0050977170543156499 -0.0007542556325067255 -0.0040242013968016998 0.00053561593172406306 -0.012240234653414913 0.00053561593172406306 -0.0013652336493106423 -0.0013652336493106423 -0.0007542556325067255 0.00053561593172406306 0.0024426510765542782 0.0071029380128919328 0.00053561593172406306 -0.0053939631390498913 -0.0013652336493106423 -0.0042857139392630996 0.0024426510765542782 0.0065397945317355079 -0.0013652336493106423 -0.0058770085995130195 -0.0013652336493106423 -0.0081628430115639177 -0.0084637229734996593 -0.0014461844996549189 -0.002751844588899985 -0.0027955104178093246 -0.0085313588697317755
leaf_weight=2198 2471 197 62 105 247 218 88 128 56 683 1027 241 553 254 78 472 40 57 163 419 65 170 291 57 60 52 59 49 168 63
leaf_count=2198 2471 197 62 105 247 218 88 128 56 683 1027 241 553 254 78 472 40 57 163 419 65 170 291 57 60 52 59 49 168 63
internal_value=-7.61049e-05 -0.00133417 -0.00106015 -0.000812874 0.000259595 -0.00299006 0.00240541 -0.00982563 0.00267478 -0.00136523 -0.00104586 -0.000143278 0.000535616 0.00172335 0.00316195 0.00080851 -0.00394703 -0.00442698 -0.00255695 0.00244265 0.00302304 -0.00136523 -0.00465849 -0.00416267 -0.00470134 -0.00288339 -0.00417976 -0.00574676 -0.00422166 -0.00506137
internal_weight=10791 7161 6964 6774 4539 2235 3630 190 3542 788 2068 1041 800 1201 2341 726 1447 1074 373 475 2263 210 1017 726 509 217 160 101 449 281
internal_count=10791 7161 6964 6774 4539 2235 3630 190 3542 788 2068 1041 800 1201 2341 726 1447 1074 373 475 2263 210 1017 726 509 217 160 101 449 281
cat_boundaries=0 1 2
cat_threshold=16 16
is_linear=0
shrinkage=0.05


Tree=42
num_leaves=31
num_cat=2
split_feature=14 0 11 14 12 11 5 11 11 11 8 8 14 11 11 11 14 8 14 8 11 11 8 11 11 11 11 8 11 8
split_gain=11.4165 7.06948 5.92117 4.96372 2.25269 1.33376 0.722395 0.673699 0.713175 0.802445 0.862991 1.44807 0.673032 0.49004 0.31198 0.752648 0.501894 0.306078 0.297003 0.28478 0.244207 0.324637 0.366893 0.285234 0.822264 0.379749 0.302396 0.263709 0.522457 0.248758
threshold=10.500000000000002 0 0.97781212113892935 52.500000000000007 1.0000000180025095e-35 0.98731287009808555 1 0.50865210223081447 0.32125776158017871 0.1712867993320398 0.066176470588235309 0.036764705882352949 37.500000000000007 0.085961614525331076 0.95619940680887117 0.88403476330151454 2.0000000000000004 0.051470588235294122 2.0000000000000004 0.02251838235294118 0.59470465775869796 0.93982124484292628 0.051470588235294122 0.71163026189157008 0.81150899888343053 0.92093717412624365 0.67441863684527492 0.051470588235294122 0.55241485047541383 0.02251838235294118
decision_type=2 1 2 2 2 2 1 2 2 2 2 2 2 2 2 2 2 2 2 2 2 2 2 2 2 2 2 2 2 2
left_child=5 2 3 12 6 14 -4 8 9 13 11 19 -2 -5 15 -1 -17 -16 -7 -11 27 22 23 26 -25 29 -22 28 -9 -26
right_child=1 -3 4 7 -6 18 -8 20 -10 10 -12 -13 -14 -15 17 16 -18 -19 -20 -21 21 -23 -24 24 25 -27 -28 -29 -30 -31
leaf_value=0.0027464311273533797 0.00050793932291769356 -0.010526499975557355 0.00050793932291769356 -0.0043075757184484545 -0.011467344336703702 0.0040152090559290214 -0.0041050693879002625 -0.00095317385637757603 -0.00095317385637757603 -0.0059264300521029989 -0.00095317385637757603 -0.012409027260531422 -0.00080268037029226783 -0.00095317385637757603 0.0053455241779355629 0.0034722981787241114 0.00050793932291769356 0.0020324199135198762 0.00050793932291769356 -0.00095317385637757603 -0.0034072188033285192 -0.004738109203180455 -0.001131589708398588 -0.00095317385637757603 -0.0021186993058238709 -0.00095317385637757603 -0.00814676934829482 -0.007814546569716186 -0.0074518956582654604 -0.006611491101034356
leaf_weight=2547 3068 197 50 108 105 120 811 49 328 42 75 70 1016 137 189 142 272 113 254 51 97 195 321 148 41 47 53 55 43 140
leaf_count=2547 3068 197 50 108 105 120 811 49 328 42 75 70 1016 137 189 142 272 113 254 51 97 195 321 148 41 47 53 55 43 140
internal_value=-6.12336e-05 -0.00120839 -0.000946557 -0.000368841 -0.00458095 0.00222427 -0.00372882 -0.00241429 -0.0013008 -0.00292507 -0.00498702 -0.00702559 0.000507939 -0.000953174 0.00258278 0.002425 0.000507939 0.00411665 0.000507939 -0.00288464 -0.00317205 -0.00289748 -0.00246863 -0.00328089 -0.00253367 -0.0045716 -0.00512472 -0.00508563 -0.00338773 -0.00561102
internal_weight=10884 7247 7050 6084 966 3637 861 2000 811 483 238 163 4084 245 3263 2961 414 302 374 93 1189 1042 847 526 376 228 150 147 92 181
internal_count=10884 7247 7050 6084 966 3637 861 2000 811 483 238 163 4084 245 3263 2961 414 302 374 93 1189 1042 847 526 376 228 150 147 92 181
cat_boundaries=0 1 2
cat_threshold=16 2
is_linear=0
shrinkage=0.05


Tree=43
num_leaves=31
num_cat=1
split_feature=14 11 0 11 11 7 14 11 11 11 7 11 14 7 11 11 11 7 11 11 7 11 11 11 11 7 11 11 7 11
split_gain=10.7273 3.80694 2.0702 1.50199 1.49196 1.89391 0.983875 0.873186 0.997228 0.869172 0.479385 0.4473 0.439883 0.429379 0.487386 0.857825 1.40375 1.32334 0.425639 0.492743 0.695572 0.608793 0.389111 0.870215 0.341852 0.320529 0.591568 0.291068 0.284998 0.499918
threshold=37.500000000000007 0.98127012181273632 0 0.67441863684527492 0.38564912093021586 1.5000000000000002 10.500000000000002 0.73538978246754183 0.085961614525331076 0.25534383660447135 1.5000000000000002 0.93982124484292628 2.0000000000000004 2.5000000000000004 0.068799878299628026 0.23866392535577388 0.32125776158017871 4.5000000000000009 0.84978561355144533 0.87585926134142889 3.5000000000000004 0.92750732661553648 0.84978561355144533 0.92750732661553648 0.95619940680887117 2.5000000000000004 0.2219132928352042 0.9700279898265628 6.0000000000000009 0.71163026189157008
decision_type=2 2 1 2 2 2 2 2 2 2 2 2 2 2 2 2 2 2 2 2 2 2 2 2 2 2 2 2 2 2
left_child=1 2 6 4 5 9 25 8 -8 -2 -9 18 -3 -7 -15 -16 17 -17 28 -20 21 -21 -12 -24 -25 26 -1 -26 29 -5
right_child=3 12 -4 11 -6 13 7 10 -10 -11 22 -13 -14 14 15 16 -18 -19 19 20 -22 -23 23 24 27 -27 -28 -29 -30 -31
leaf_value=0.0016715635248937075 -0.0048955877081002346 0.0043802171233202651 -0.00072259782752539213 -0.0072906309913954529 -0.00072259782752539213 -0.00072259782752539213 -0.00072259782752539213 0.0016715635248937075 0.0016715635248937075 -0.012559661501255193 -0.00072259782752539213 -0.0042690115558127913 -0.00072259782752539213 -0.0064843502427619467 -0.00072259782752539213 -0.0141710236910548 -0.00072259782752539213 -0.0036036763395296059 -0.00072259782752539213 -0.0063432784066443024 -0.00072259782752539213 -0.00072259782752539213 0.0016715635248937075 -0.00072259782752539213 0.0016715635248937075 0.0018903359642621854 0.0035222188237455342 -0.00072259782752539213 -0.0017232773664661431 -0.0032967496953118514
leaf_weight=196 100 150 174 100 811 202 159 166 1680 60 333 802 763 71 260 50 102 73 122 150 128 44 330 161 103 1823 1000 94 164 371
leaf_count=196 100 150 174 100 811 202 159 166 1680 60 333 802 763 71 260 50 102 73 122 150 128 44 330 161 103 1823 1000 94 164 371
internal_value=-0.00017441 0.000949719 0.00145395 -0.00239491 -0.00132999 -0.0029029 0.0016711 0.00103342 0.00167156 -0.00782977 -2.47449e-05 -0.00337256 -0.000722598 -0.00185398 -0.00263894 -0.00206382 -0.00437772 -0.00797899 -0.0027029 -0.00151023 -0.00288364 -0.00480376 -0.000454521 0.00050997 -0.000722598 0.0023097 0.00294681 0.00151251 -0.00353315 -0.00415836
internal_weight=10742 7132 6219 3610 1729 918 6045 3026 1839 160 1187 1881 913 758 556 485 225 123 1079 444 322 194 1021 688 358 3019 1196 197 635 471
internal_count=10742 7132 6219 3610 1729 918 6045 3026 1839 160 1187 1881 913 758 556 485 225 123 1079 444 322 194 1021 688 358 3019 1196 197 635 471
cat_boundaries=0 1
cat_threshold=16
is_linear=0
shrinkage=0.05


Tree=44
num_leaves=31
num_cat=1
split_feature=12 14 14 11 0 11 14 11 11 7 11 11 7 11 11 7 9 7 7 12 7 7 14 9 7 9 7 11 11 11
split_gain=10.954 9.11541 2.89102 1.52692 1.32778 1.71617 1.28113 0.686272 0.680583 0.676041 0.538282 0.372884 0.417573 0.745001 0.380573 0.347652 0.337716 0.305965 0.296277 0.281287 0.26337 0.217909 0.343602 0.281886 0.174592 0.485484 0.173784 0.17283 0.162599 0.390988
threshold=-0.021515300460958463 37.500000000000007 5.0000000000000009 0.87585926134142889 0 0.88403476330151454 75.000000000000014 0.10309787846944714 0.40147311773604405 2.5000000000000004 0.99728803130978128 0.99588210642743402 3.5000000000000004 0.91409412807680501 0.91409412807680501 1.5000000000000002 5.5000000000000009 2.5000000000000004 1.5000000000000002 1.0000000180025095e-35 6.0000000000000009 1.5000000000000002 2.0000000000000004 3.5000000000000004 2.5000000000000004 2.5000000000000004 6.0000000000000009 0.84058726838585029 0.1712867993320398 0.30490993010465889
decision_type=2 2 2 2 1 2 2 2 2 2 2 2 2 2 2 2 2 2 2 2 2 2 2 2 2 2 2 2 2 2
left_child=1 2 10 6 5 7 8 15 -3 -2 21 12 14 -14 -5 -4 -9 -13 -7 -11 27 23 -23 -1 25 -16 -19 -18 -8 -30
right_child=9 3 4 11 -6 18 28 16 -10 19 -12 17 13 -15 24 -17 20 26 -20 -21 -22 22 -24 -25 -26 -27 -28 -29 29 -31
leaf_value=0.0025204321215732384 -0.0059729630453512076 -0.0015520215781972138 -0.00025927534082595475 -0.0073510317379660017 -0.00025927534082595475 0.0016629486839999132 -0.0015520215781972138 0.0016629486839999132 -0.00025927534082595475 -0.0089825928244911327 0.0067287708551725146 -0.0042353269111897263 -0.00025927534082595475 -0.0038746395467945983 -0.00055289562687138528 0.0016629486839999132 -0.00025927534082595475 -0.00025927534082595475 -0.00025927534082595475 -0.013267955797933259 0.0016629486839999132 0.0030523165818356741 0.0016963242989741568 0.0053311998645464579 -0.005238870943214612 -0.0049671894405037172 -0.0037830464365869402 0.0016629486839999132 -0.0057923876618068406 -0.0025476240555695057
leaf_weight=217 79 631 43 108 126 189 127 2555 1021 75 81 55 79 272 106 233 286 59 1125 113 102 934 945 155 174 151 40 40 111 574
leaf_count=217 79 631 43 108 126 189 127 2555 1021 75 81 55 79 272 106 233 286 59 1125 113 102 934 945 155 174 151 40 40 111 574
internal_value=8.32569e-06 0.000262148 0.00130078 -0.00181933 0.000586283 0.000949195 -0.00113951 0.00157516 -0.000339638 -0.00997411 0.00273961 -0.00342118 -0.00381412 -0.00246063 -0.00468933 -0.000259275 0.00166295 -0.00114034 -0.000259275 -0.0116149 0.000206857 0.00259314 0.00237162 0.00370274 -0.00400689 -0.00315571 -0.000259275 -0.000259275 -0.0027644 -0.0030811
internal_weight=10806 10539 7031 3508 4699 4573 2464 3259 1652 267 2332 1044 890 351 539 276 2983 154 1314 188 428 2251 1879 372 431 257 99 326 812 685
internal_count=10806 10539 7031 3508 4699 4573 2464 3259 1652 267 2332 1044 890 351 539 276 2983 154 1314 188 428 2251 1879 372 431 257 99 326 812 685
cat_boundaries=0 1
cat_threshold=16
is_linear=0
shrinkage=0.05


Tree=45
num_leaves=31
num_cat=3
split_feature=12 0 12 7 7 12 7 12 7 12 9 5 7 12 12 12 7 7 12 12 9 5 7 12 9 9 7 12 9 9
split_gain=6.64687 4.25555 2.13031 1.29484 1.27288 1.03222 1.76269 1.29109 1.23044 0.925024 0.916492 1.00245 0.819661 3.04428 0.838283 0.805971 2.46859 1.13022 0.774835 1.05649 0.824246 0.753967 0.743068 1.0778 0.734341 0.686768 0.578071 1.05596 0.826125 0.780434
threshold=-0.021515300460958463 0 -0.63872576220844934 2.5000000000000004 1.5000000000000002 -0.9523422988233432 1.5000000000000002 -0.86955717898714335 1.5000000000000002 -0.91583036384466876 2.5000000000000004 1 2.5000000000000004 -0.94128245028753155 -0.89388548498445508 -0.97106408147883394 2.5000000000000004 4.5000000000000009 -0.48248986924805454 -0.32533003375364639 2.5000000000000004 2 4.5000000000000009 -0.55599684127981874 3.5000000000000004 2.5000000000000004 2.5000000000000004 -0.22610730998347078 1.5000000000000002 1.0000000180025095e-35
decision_type=2 1 2 2 2 2 2 2 2 2 2 1 2 2 2 2 2 2 2 2 2 1 2 2 2 2 2 2 2 2
left_child=1 2 5 -2 18 6 -1 8 9 -7 22 -12 13 -10 -15 -8 -17 -18 -4 -20 -21 -14 23 -6 -23 -11 27 28 -25 -29
right_child=3 -3 4 -5 10 7 15 -9 12 25 11 -13 21 14 -16 16 17 -19 19 20 -22 24 -24 26 -26 -27 -28 29 -30 -31
leaf_value=-0.0031870655441856655 -0.0024087743098406417 -0.0058308429442250707 0.0045702250523967031 -0.010254858259410398 -0.007461716597053138 0.0026854332332732159 0.001293177170555564 0.00072284723274012328 0.010623929006132213 0.0048308527924948268 0.0034063590561218431 -0.00056167013512829615 -0.00026137794860667615 -0.0039898393745186611 0.0018685780264521867 0.0050761029451947522 -0.0073825157908422329 -0.00091399966448079794 -0.002571323524877342 0.0072082923122626895 0.00087296156177543249 0.0046235123053526431 -0.00046531761932351281 -0.00054314484000205995 0.0011582624174763338 0.012260937693514933 -0.003292932417668037 -0.00025432159503300985 0.006484232093429282 -0.009233639868808553
leaf_weight=353 75 287 160 181 109 127 1289 2535 54 62 171 2133 168 200 87 107 123 149 170 67 211 460 542 124 230 66 427 50 62 46
leaf_count=353 75 287 160 181 109 127 1289 2535 54 62 171 2133 168 200 87 107 123 149 170 67 211 460 542 124 230 66 427 50 62 46
internal_value=-2.94926e-05 0.000163686 0.000331562 -0.00797452 -0.000522007 0.000938277 1.76383e-05 0.00140459 0.00259188 0.00574048 -0.000873637 -0.000265818 0.00191802 -0.000155575 -0.00221362 0.000697355 -0.00132714 -0.00385543 0.00159498 0.000524578 0.00242019 0.00274136 -0.0019024 -0.00285287 0.00347178 0.00872734 -0.00213481 -0.000375753 0.00182146 -0.00460775
internal_weight=10825 10569 10282 256 4272 6010 2021 3989 1454 255 3664 2304 1199 341 287 1668 379 272 608 448 278 858 1360 818 690 128 709 282 186 96
internal_count=10825 10569 10282 256 4272 6010 2021 3989 1454 255 3664 2304 1199 341 287 1668 379 272 608 448 278 858 1360 818 690 128 709 282 186 96
cat_boundaries=0 1 2 3
cat_threshold=16 2 4
is_linear=0
shrinkage=0.05


Tree=46
num_leaves=31
num_cat=4
split_feature=14 0 12 12 14 12 14 14 0 12 12 0 9 7 7 12 12 12 14 7 7 5 9 12 12 7 9 12 12 14
split_gain=7.87687 2.80972 3.20186 1.944 1.50809 1.16485 0.771445 0.629532 0.80196 0.498839 0.410383 0.378004 0.375623 0.504812 0.373941 0.42858 0.374966 0.301279 0.290502 0.325288 0.242311 0.221601 0.258023 0.207045 0.184897 0.168626 0.167442 0.146509 0.129126 0.121001
threshold=17.500000000000004 0 -0.6775896895960708 -0.19244445339415753 75.000000000000014 -0.021515300460958463 37.500000000000007 5.0000000000000009 1 -0.20930689276358339 -0.99626127116974506 2 2.5000000000000004 3.5000000000000004 2.5000000000000004 -0.86092912513210462 -0.29258949745833535 -0.98208922706762081 75.000000000000014 1.5000000000000002 2.5000000000000004 3 3.5000000000000004 -0.29258949745833535 -0.99626127116974506 1.5000000000000002 1.5000000000000002 -0.89388548498445508 -0.9975933521984367 2.0000000000000004
decision_type=2 1 2 2 2 2 2 2 1 2 2 1 2 2 2 2 2 2 2 2 2 1 2 2 2 2 2 2 2 2
left_child=3 2 4 7 24 6 9 11 14 12 -6 23 13 -4 17 -16 -17 -9 26 -20 -7 22 -12 28 -2 -24 -8 -23 -1 -30
right_child=1 -3 5 -5 10 20 18 8 -10 -11 21 -13 -14 -15 15 16 -18 -19 19 -21 -22 27 25 -25 -26 -27 -28 -29 29 -31
leaf_value=0.004177633604097248 -0.001160329352462118 -0.0078259391513711314 -0.0019337633475557667 6.753253208278765e-05 -0.0065637695646189433 -0.003763951023143751 -0.0030574952964737339 6.753253208278765e-05 6.753253208278765e-05 -0.0019337633475557667 -0.001160329352462118 0.0064128094663222631 6.753253208278765e-05 6.753253208278765e-05 0.0018784892074901337 6.753253208278765e-05 0.0018784892074901337 0.0018784892074901337 -0.0069514114881905039 -0.0032751098987280156 -0.0080663075172342363 -0.0021560633570430273 -0.0057144169898136806 0.0041247252923596626 6.753253208278765e-05 -0.0022322207914653404 -0.0019337633475557667 -0.0059750402614904136 0.002565690738842265 0.0018784892074901337
leaf_weight=81 216 159 226 604 53 53 272 107 60 275 272 59 397 143 486 658 94 729 70 444 99 52 45 156 2290 155 760 51 892 893
leaf_count=81 216 159 226 604 53 53 272 107 60 275 272 59 397 143 486 658 94 729 70 444 99 52 45 156 2290 155 760 51 892 893
internal_value=-8.39752e-05 -0.00128797 -0.00110967 0.00142304 -1.81474e-05 -0.00235814 -0.00210642 0.00187125 0.00126685 -0.00105276 -0.00238819 0.00249013 -0.000295083 -0.00160895 0.00163156 0.000951404 0.000192722 0.00187849 -0.00281477 -0.0037883 -0.00660055 -0.00199258 -0.00152802 0.00237255 6.75325e-05 -0.00304025 -0.00232669 -0.00408628 0.00222394 0.00213299
internal_weight=10851 6032 5873 4819 3134 2739 2587 4215 2134 1041 628 2081 766 369 2074 1238 752 836 1546 514 152 575 472 2022 2506 200 1032 103 1866 1785
internal_count=10851 6032 5873 4819 3134 2739 2587 4215 2134 1041 628 2081 766 369 2074 1238 752 836 1546 514 152 575 472 2022 2506 200 1032 103 1866 1785
cat_boundaries=0 1 2 3 4
cat_threshold=16 16 16 1
is_linear=0
shrinkage=0.05


Tree=47
num_leaves=31
num_cat=3
split_feature=14 0 11 11 14 5 9 11 14 7 11 11 14 11 11 11 5 14 9 7 11 7 11 11 7 7 11 7 7 9
split_gain=9.2421 2.64335 2.44735 1.67675 1.62724 0.824122 0.519601 0.494178 1.17169 0.457514 0.451683 0.606173 0.389839 0.31629 0.296835 0.46928 0.292516 0.287521 0.24722 0.236487 0.223869 1.10671 1.1537 0.306451 0.838577 1.09554 0.348153 0.198526 0.181699 0.335176
threshold=17.500000000000004 0 0.88403476330151454 0.98443735097190643 52.500000000000007 1 4.5000000000000009 0.99817629101047833 25.500000000000004 3.5000000000000004 0.95619940680887117 0.92750732661553648 10.500000000000002 0.28847174723635333 0.085961614525331076 0.50865210223081447 2 2.0000000000000004 5.5000000000000009 11.500000000000002 0.40147311773604405 1.5000000000000002 0.25534383660447135 0.1712867993320398 3.5000000000000004 2.5000000000000004 0.28847174723635333 2.5000000000000004 6.0000000000000009 2.5000000000000004
decision_type=2 1 2 2 2 1 2 2 2 2 2 2 2 2 2 2 1 2 2 2 2 2 2 2 2 2 2 2 2 2
left_child=3 2 4 10 6 -4 -2 8 27 -9 11 12 -1 -14 -6 20 -17 -5 -15 -10 21 22 -16 -23 25 -25 -27 -7 29 -18
right_child=1 -3 5 17 14 7 -8 9 19 -11 -12 -13 13 18 15 16 28 -19 -20 -21 -22 23 -24 24 -26 26 -28 -29 -30 -31
leaf_value=0.002232365393838468 8.0441524936647994e-05 -0.0077494327977970364 8.0441524936647994e-05 0.0038098736878035577 -0.0042716678617580328 8.0441524936647994e-05 -0.00085187842173473126 -0.0034561323717103472 -0.0035846238883028361 -0.0078755687833676046 0.0036019048058018679 8.0441524936647994e-05 8.0441524936647994e-05 0.0016347869643913899 -0.0017310345143664117 -0.0059883642144052795 -0.0040892705698275852 8.0441524936647994e-05 8.0441524936647994e-05 -0.0016464567940186207 -0.00085187842173473126 -0.00085187842173473126 -0.013012520720561346 -0.00088173739262856546 -0.00085187842173473126 -0.012467526926136599 -0.0056477687798622183 -0.0016464567940186207 -0.00085624754481513667 -0.0016050323810348
leaf_weight=2759 1702 158 114 138 111 112 761 167 1078 92 368 233 225 596 50 53 230 410 89 81 187 115 41 79 135 40 40 167 198 335
leaf_count=2759 1702 158 114 138 111 112 761 167 1078 92 368 233 225 596 50 53 230 410 89 81 187 115 41 79 135 40 40 167 198 335
internal_value=-8.54259e-05 -0.00138717 -0.00121516 0.00154806 -0.000535485 -0.00274413 8.04415e-05 -0.00303841 -0.0026728 -0.00505022 0.00192753 0.00176873 0.0019363 0.00103721 -0.0017842 -0.00159777 -0.00242066 8.04415e-05 0.00161937 -0.00337336 -0.000851878 -0.00194435 -0.00690009 -0.000851878 -0.00246443 -0.00508291 -0.00916947 8.04415e-05 -0.00216532 -0.00262175
internal_weight=10864 6046 5888 4818 4077 1811 2463 1697 1438 259 4270 3902 3669 910 1614 1503 816 548 685 1159 687 500 91 409 294 159 80 279 763 565
internal_count=10864 6046 5888 4818 4077 1811 2463 1697 1438 259 4270 3902 3669 910 1614 1503 816 548 685 1159 687 500 91 409 294 159 80 279 763 565
cat_boundaries=0 1 2 3
cat_threshold=16 2 2
is_linear=0
shrinkage=0.05


Tree=48
num_leaves=31
num_cat=2
split_feature=14 1 12 14 14 12 9 7 12 12 12 12 14 7 12 7 12 7 12 14 12 12 12 12 9 5 12 7 9 12
split_gain=6.55219 4.21885 3.78006 2.70135 0.990462 0.951165 0.565084 0.561814 0.690465 0.475514 0.457165 0.453744 0.433682 0.532188 0.466945 0.344329 0.321565 0.300995 0.273118 0.221603 0.189654 0.365298 0.182726 0.160969 0.148541 0.144768 0.126649 0.114879 0.109844 0.0918508
threshold=10.500000000000002 0 -0.038720846584669975 37.500000000000007 75.000000000000014 -0.021515300460958463 5.5000000000000009 3.5000000000000004 1.0000000180025095e-35 -0.6775896895960708 -0.8520459593969173 -0.91583036384466876 2.0000000000000004 2.5000000000000004 -0.97106408147883394 1.5000000000000002 -0.073092422389869308 6.0000000000000009 -0.98518361333263327 5.0000000000000009 -0.98518361333263327 -0.99463397642532658 -0.22610730998347078 -0.76107606668641947 2.5000000000000004 1 -0.63872576220844934 2.5000000000000004 2.5000000000000004 -0.40541071103273002
decision_type=2 1 2 2 2 2 2 2 2 2 2 2 2 2 2 2 2 2 2 2 2 2 2 2 2 1 2 2 2 2
left_child=5 2 3 6 9 12 22 8 28 11 25 20 16 18 -15 -11 -1 23 -14 24 21 -5 -2 27 -16 -6 -17 -12 -4 -25
right_child=1 -3 7 4 10 -7 -8 -9 -10 15 17 -13 13 14 19 26 -18 -19 -20 -21 -22 -23 -24 29 -26 -27 -28 -29 -30 -31
leaf_value=0.0025327595970785332 0.00034664223570498388 -0.0081910378521792976 -0.0035292956700667421 -0.0018496208266024655 -0.0018496208266024655 0.00034664223570498388 -0.00059090412189441671 -0.0096198997638884537 -0.0087537821907077047 -0.00059090412189441671 -0.0076601617319403958 -0.00059090412189441671 0.00034664223570498388 0.0021044993478456309 0.00083398555772823965 -0.00059090412189441671 0.0070617268435520728 -0.0018496208266024655 0.0021044993478456309 0.00034664223570498388 -0.0018496208266024655 -0.00059090412189441671 -0.00059090412189441671 -0.003029688743755973 0.0020496796580077008 -0.0042388030995425654 -0.0018496208266024655 -0.0039917723995379429 -1.0366635776103236e-05 -0.004545860140669075
leaf_weight=1115 2540 195 46 142 328 94 493 102 62 148 52 653 96 230 251 60 40 172 827 631 374 109 331 227 347 79 807 43 42 197
leaf_count=1115 2540 195 46 142 328 94 493 102 62 148 52 653 96 230 251 60 40 172 827 631 374 109 331 227 347 79 807 43 42 197
internal_value=-8.25845e-05 -0.000955679 -0.000753184 -0.000528368 -0.00152845 0.00164896 0.000346642 -0.0067536 -0.00475371 -0.000936433 -0.00276281 -0.000590904 0.0019001 0.00151342 0.000886073 -0.00179089 0.00269558 -0.00357616 0.0021045 0.000456822 -0.00184962 -0.000590904 0.000346642 -0.00417784 0.00132133 -0.00184962 -0.00184962 -0.00605861 -0.00186879 -0.00374317
internal_weight=10833 7202 7007 6755 3391 3631 3364 252 150 2293 1098 1278 3537 2382 1459 1015 1155 691 923 1229 625 251 2871 519 598 407 867 95 88 424
internal_count=10833 7202 7007 6755 3391 3631 3364 252 150 2293 1098 1278 3537 2382 1459 1015 1155 691 923 1229 625 251 2871 519 598 407 867 95 88 424
cat_boundaries=0 1 2
cat_threshold=16 1
is_linear=0
shrinkage=0.05


Tree=49
num_leaves=31
num_cat=4
split_feature=14 0 12 14 11 11 8 12 14 8 11 8 5 11 11 8 0 11 8 11 5 11 11 11 11 14 11 11 11 11
split_gain=6.35516 4.49546 2.9367 2.78957 1.28521 1.12133 1.11469 0.904978 0.608844 0.536093 0.528999 0.511508 0.655939 0.409963 0.398453 0.278832 0.240229 0.224947 0.187175 0.184099 0.29052 0.155726 0.39527 0.129164 0.128202 0.125199 0.247257 0.131007 0.12421 0.115611
threshold=10.500000000000002 0 1.0000000180025095e-35 75.000000000000014 0.73538978246754183 0.30490993010465889 0.066176470588235309 -0.021515300460958463 5.0000000000000009 0.02251838235294118 0.99728803130978128 0.02251838235294118 1 0.52339621958889315 0.73538978246754183 0.17371323529411767 2 0.085961614525331076 0.01516544117647059 0.87585926134142889 3 0.98731287009808555 0.87585926134142889 0.95102128832130872 0.12020359228713824 17.500000000000004 0.98443735097190643 0.84978561355144533 0.43275956216002465 0.95102128832130872
decision_type=2 1 2 2 2 2 2 2 2 2 2 2 1 2 2 2 1 2 2 2 1 2 2 2 2 2 2 2 2 2
left_child=7 2 3 4 5 6 -2 8 10 13 16 21 -13 -5 24 25 17 -1 -16 20 -11 22 -6 -17 -10 26 27 -14 -22 -19
right_child=1 -3 -4 9 11 -7 -8 -9 14 19 -12 12 15 -15 18 23 -18 29 -20 -21 28 -23 -24 -25 -26 -27 -28 -29 -30 -31
leaf_value=0.0042733183535919698 -0.0015614886644836044 -0.0084134784906204022 -0.0092567936863086307 -0.002584436313285456 0.00028071766216176383 0.00028071766216176383 0.00028071766216176383 0.00028071766216176383 0.00028071766216176383 -0.0015614886644836044 0.0062536371406167746 0.00028071766216176383 -0.0010332425960736453 -0.0074655692952756703 0.0015807866640547401 0.00028071766216176383 0.0050700293744311616 0.0017561502362280262 0.00028071766216176383 -0.00345796477011792 -0.0022039093911492575 0.00028071766216176383 -0.0015614886644836044 -0.0015614886644836044 0.0015807866640547401 -0.0015614886644836044 -0.0010332425960736453 0.00028071766216176383 -0.0051426263801245533 0.0027620983857900359
leaf_weight=107 791 198 100 76 127 1983 332 98 83 521 80 170 101 103 77 102 67 1738 449 307 65 70 182 73 577 1541 85 198 87 346
leaf_count=107 791 198 100 76 127 1983 332 98 83 521 80 170 101 103 77 102 67 1738 449 307 65 70 182 73 577 1541 85 198 87 346
internal_value=-0.000144474 -0.00100263 -0.000792262 -0.000668515 -0.000217609 0.000280718 -0.00133514 0.00156407 0.00180867 -0.00290537 0.00227671 -0.00104287 -0.00133402 -0.005419 0.000884866 -0.00156149 0.0021331 0.00204102 0.000280718 -0.00244119 -0.00197293 0.000280718 -0.000932324 0.000280718 0.00158079 -0.00156149 -0.000504997 0.000280718 -0.00390856 0.00192441
internal_weight=10834 7212 7014 6914 5755 3106 1123 3622 3524 1159 2338 2649 2270 179 1186 2100 2258 2191 526 980 673 379 309 175 660 1925 384 299 152 2084
internal_count=10834 7212 7014 6914 5755 3106 1123 3622 3524 1159 2338 2649 2270 179 1186 2100 2258 2191 526 980 673 379 309 175 660 1925 384 299 152 2084
cat_boundaries=0 1 2 3 4
cat_threshold=16 2 16 1
is_linear=0
shrinkage=0.05


Tree=50
num_leaves=31
num_cat=3
split_feature=14 11 3 11 11 12 7 14 14 11 5 7 11 9 11 7 14 11 7 3 7 14 9 11 11 11 8 11 8 11
split_gain=6.21657 2.707 1.93795 1.30265 1.16983 0.972566 0.708727 0.572878 0.572792 0.540525 0.534497 0.486751 0.626894 0.604445 0.54574 0.427766 0.382373 0.472552 0.375666 0.371467 0.368304 0.324891 0.324284 0.3001 0.262531 0.293841 0.352307 0.387698 0.284037 0.278073
threshold=17.500000000000004 0.73538978246754183 0 0.085961614525331076 0.98127012181273632 1.0000000180025095e-35 1.5000000000000002 75.000000000000014 2.0000000000000004 0.95619940680887117 1 2.5000000000000004 0.2219132928352042 5.5000000000000009 0.7469444191903023 2.5000000000000004 25.500000000000004 0.97781212113892935 1.5000000000000002 2 1.5000000000000002 2.0000000000000004 4.5000000000000009 0.68702731818199703 0.2219132928352042 0.28847174723635333 0.10615808823529413 0.63540876391619916 0.10615808823529413 0.55241485047541383
decision_type=2 2 1 2 2 2 2 2 2 2 1 2 2 2 2 2 2 2 2 1 2 2 2 2 2 2 2 2 2 2
left_child=4 2 3 6 9 10 -2 -5 -6 11 -3 12 18 19 24 -8 17 -12 -1 -14 -11 -16 -17 -15 28 -26 29 -28 -13 -27
right_child=1 5 -4 7 8 -7 15 -9 -10 20 16 14 13 23 21 22 -18 -19 -20 -21 -22 -23 -24 -25 25 26 27 -29 -30 -31
leaf_value=0.00010035180425799146 -0.0089249043337379895 0.00010035180425799146 -0.0060364536597057343 0.00010035180425799146 0.0037942043145240585 -0.0077995977297957465 0.00010035180425799146 -0.0017039730715544218 0.00010035180425799146 0.0077481800730785609 0.00010035180425799146 0.001840874561172563 0.0032675508837739309 0.0028564493689272139 0.0021687130977124051 -0.0012885768906902764 -0.0025866013954512859 -0.0018092991817979796 0.002581496626235448 0.00010035180425799146 0.0028933199123109756 0.00010035180425799146 -0.0058710827890172367 0.00010035180425799146 0.00010035180425799146 0.0028718575623349388 0.00010035180425799146 0.0043927511859642851 0.0048177013528236954 0.0010160470089580933
leaf_weight=107 47 171 132 2301 156 76 59 549 452 45 357 305 1050 98 195 76 2022 137 153 40 284 577 79 91 145 431 154 54 109 382
leaf_count=107 47 171 132 2301 156 76 59 549 452 45 357 305 1050 98 195 76 2022 137 153 40 284 577 79 91 145 431 154 54 109 382
internal_value=-3.06201e-05 -0.00110439 -0.000124449 0.000100352 0.00130509 -0.0022541 -0.00342657 0.000100352 0.000100352 0.0016344 -0.00209441 0.00146912 0.00216044 0.00261638 0.00101604 -0.0021831 -0.0022819 -0.001032 0.000100352 0.00306888 0.00357883 0.000100352 -0.00364684 0.000100352 0.00155324 0.00116745 0.00152129 0.000100352 0.00263435 0.0020022
internal_weight=10834 6006 3243 3111 4828 2763 261 2850 608 4220 2687 3891 1539 1279 2352 214 2516 494 260 1090 329 772 155 189 1580 1166 1021 208 414 813
internal_count=10834 6006 3243 3111 4828 2763 261 2850 608 4220 2687 3891 1539 1279 2352 214 2516 494 260 1090 329 772 155 189 1580 1166 1021 208 414 813
cat_boundaries=0 1 2 3
cat_threshold=1 2 1
is_linear=0
shrinkage=0.05


Tree=51
num_leaves=31
num_cat=2
split_feature=12 14 14 12 0 12 9 8 12 8 12 12 12 9 12 12 7 7 9 9 14 14 12 12 12 7 7 5 12 14
split_gain=5.46055 4.46362 1.65116 1.05932 1.2268 1.00686 0.799637 0.568802 0.552886 0.394067 0.668636 0.415547 0.348753 0.315313 0.265841 0.45847 0.62759 0.394182 0.371963 0.230397 0.223373 0.217671 0.201899 0.263189 0.200098 0.451852 0.189996 0.173981 0.182529 0.202915
threshold=1.0000000180025095e-35 37.500000000000007 5.0000000000000009 -0.6775896895960708 0 -0.65187484896379932 4.5000000000000009 0.01516544117647059 -0.073092422389869308 0.01516544117647059 -0.91583036384466876 -0.98798606843101155 -0.090248267031646914 5.5000000000000009 -0.34155811708470757 -0.54160775828284868 3.5000000000000004 2.5000000000000004 2.5000000000000004 5.5000000000000009 2.0000000000000004 75.000000000000014 -0.48248986924805454 -0.42108527284769376 -0.61186373645567593 6.0000000000000009 2.5000000000000004 1 -0.30900554811238667 75.000000000000014
decision_type=2 2 2 2 1 2 2 2 2 2 2 2 2 2 2 2 2 2 2 2 2 2 2 2 2 2 2 1 2 2
left_child=1 2 8 4 13 6 21 -5 -1 10 -8 -11 14 -4 15 17 22 18 -7 -13 -10 -3 -17 -24 -19 -26 -2 -16 -29 -30
right_child=26 5 3 7 -6 12 9 -9 20 11 -12 19 -14 -15 27 16 -18 24 -20 -21 -22 -23 23 -25 25 -27 -28 28 29 -31
leaf_value=0.0018036902734833516 -0.0061437350697815425 -0.00020232502969503731 0.0011551056708294899 0.0011551056708294899 -0.00020232502969503731 -0.0043937672736744085 -0.0089466498878139726 -0.00020232502969503731 0.0080542510489420016 -0.0051092468661626698 -0.00074614861181804119 -0.0022355096923420206 -0.00024039104041692459 -0.00020232502969503731 -0.0010955487923255485 -0.00085409518462688759 -0.00020232502969503731 -0.0026703255862692405 -0.00020232502969503731 -0.00020232502969503731 0.0031716287713497875 -0.0013902116367127261 -0.0058452486526221039 -0.0021126057194499684 -0.0088885921971010636 -0.0023425789296870002 -0.01042563158820952 -0.0060336727521395038 -0.0025105513527686543 -0.0048696762969062763
leaf_weight=2255 41 969 2132 319 108 59 51 1821 48 70 48 199 189 389 75 100 187 62 57 224 49 477 79 120 66 45 112 72 285 137
leaf_count=2255 41 969 2132 319 108 59 51 1821 48 70 48 199 189 389 75 100 187 62 57 224 49 477 79 120 66 45 112 72 285 137
internal_value=2.25502e-05 0.000157179 0.000880598 0.000345755 0.00104338 -0.00128525 -0.000556632 -0.000202325 0.00196446 -0.00215242 -0.00501787 -0.00156801 -0.00225289 0.00115511 -0.00253551 -0.00192849 -0.000987251 -0.00350247 -0.00123239 -0.000971321 0.0056453 -0.000202325 -0.00269836 -0.00361623 -0.00500876 -0.00627941 -0.00932554 -0.00335746 -0.00369796 -0.00328613
internal_weight=10845 10692 7121 4769 2629 3571 2038 2140 2352 592 99 493 1533 2521 1344 775 486 289 116 423 97 1446 299 199 173 111 153 569 494 422
internal_count=10845 10692 7121 4769 2629 3571 2038 2140 2352 592 99 493 1533 2521 1344 775 486 289 116 423 97 1446 299 199 173 111 153 569 494 422
cat_boundaries=0 1 2
cat_threshold=16 4
is_linear=0
shrinkage=0.05


Tree=52
num_leaves=31
num_cat=3
split_feature=12 0 11 7 5 11 9 9 7 11 9 11 11 7 5 12 7 11 11 9 11 11 7 11 11 7 11 7 11 11
split_gain=5.68462 2.31012 1.71263 1.49473 0.971071 1.0747 0.749364 1.17627 1.28691 2.19341 1.16496 0.653366 0.621134 0.617125 0.588399 0.513421 0.47028 0.652682 0.578389 0.55731 0.895143 0.448054 0.47872 0.436063 1.15991 1.66763 0.393447 0.37958 0.738422 0.529226
threshold=-0.021515300460958463 0 0.88403476330151454 2.5000000000000004 1 0.9898958271128977 4.5000000000000009 2.5000000000000004 6.0000000000000009 0.81150899888343053 3.5000000000000004 0.85873214889986926 0.68702731818199703 3.5000000000000004 2 1.0000000180025095e-35 1.5000000000000002 0.94556136170129623 0.91409412807680501 2.5000000000000004 0.95619940680887117 0.32125776158017871 1.5000000000000002 0.337510397447632 0.23866392535577388 2.5000000000000004 0.98443735097190643 1.5000000000000002 0.73538978246754183 0.66161011071130948
decision_type=2 1 2 2 1 2 2 2 2 2 2 2 2 2 1 2 2 2 2 2 2 2 2 2 2 2 2 2 2 2
left_child=1 2 6 15 5 -4 7 8 9 23 21 -12 -3 -11 -10 -2 17 18 -6 -19 -21 -9 -23 24 -1 -26 -22 28 29 -25
right_child=3 12 4 -5 16 -7 -8 10 14 13 11 -13 -14 -15 -16 -17 -18 19 -20 20 26 22 -24 27 25 -27 -28 -29 -30 -31
leaf_value=0.00043034188117760456 0.0021052965356243981 -0.0028041251113026379 0.00058313707429786317 -0.0096110659496034673 0.0023118397865730983 0.0094474808788961844 -0.00013868590427222602 0.0011916996997792099 0.0035090027857952108 -0.003131813317732845 0.00025263592271142086 0.0040194567963094388 -0.0079546692265596766 -0.0088575607414046933 0.00070360694392025734 -0.0055429649301046548 -0.0012783217907603361 0.005929049613940366 -0.0041254149488756586 0.0072009539409052768 -0.0038549933474564899 0.0063248475835494256 0.0030588475998905578 0.0024096326489071143 0.00053273425815073222 -0.010301567492601665 0.0011082094280343306 0.00036229474806783905 -0.0024985132098663599 0.0081967018848779251
leaf_weight=468 44 200 143 190 51 44 2128 253 378 230 951 130 83 59 370 42 2380 67 106 41 68 135 682 213 73 68 94 997 63 48
leaf_count=468 44 200 143 190 51 44 2128 253 378 230 951 130 83 59 370 42 2380 67 106 41 68 135 682 213 73 68 94 997 63 48
internal_value=-7.52505e-05 0.000110853 0.0002342 -0.00714557 -0.000771579 0.00270802 0.00064983 0.000977648 0.000332027 -0.000272745 0.00186762 0.000708926 -0.0043374 -0.00432725 0.0021241 -0.00165068 -0.00100427 0.000522657 -0.00203294 0.0020107 0.000694732 0.00303647 0.00360559 0.000336307 -0.000769763 -0.00472807 -0.000985979 0.000846418 0.00233045 0.00350114
internal_weight=10799 10523 10240 276 2994 187 7246 5118 2967 2219 2151 1081 283 289 748 86 2807 427 157 270 203 1070 817 1930 609 141 162 1321 324 261
internal_count=10799 10523 10240 276 2994 187 7246 5118 2967 2219 2151 1081 283 289 748 86 2807 427 157 270 203 1070 817 1930 609 141 162 1321 324 261
cat_boundaries=0 1 2 3
cat_threshold=16 2 1
is_linear=0
shrinkage=0.05


end of trees

feature_importances:
doy_sin=570
cp=278
inventory_count=260
doy_cos=154
dow=127
country=66
room_share=42
week_of_year=35
room_type_kind=27
currency=21
primary_rate_mode=5
is_weekend=5

parameters:
[boosting: gbdt]
[objective: regression]
[metric: l2]
[tree_learner: serial]
[device_type: cpu]
[data_sample_strategy: bagging]
[data: ]
[valid: ]
[num_iterations: 53]
[learning_rate: 0.05]
[num_leaves: 31]
[num_threads: 0]
[seed: 42]
[deterministic: 1]
[force_col_wise: 0]
[force_row_wise: 1]
[histogram_pool_size: -1]
[max_depth: -1]
[min_data_in_leaf: 40]
[min_sum_hessian_in_leaf: 0.001]
[bagging_fraction: 0.8]
[pos_bagging_fraction: 1]
[neg_bagging_fraction: 1]
[bagging_freq: 1]
[bagging_seed: 400]
[bagging_by_query: 0]
[feature_fraction: 0.8]
[feature_fraction_bynode: 1]
[feature_fraction_seed: 30056]
[extra_trees: 0]
[extra_seed: 12879]
[early_stopping_round: 0]
[early_stopping_min_delta: 0]
[first_metric_only: 0]
[max_delta_step: 0]
[lambda_l1: 0]
[lambda_l2: 1]
[linear_lambda: 0]
[min_gain_to_split: 0]
[drop_rate: 0.1]
[max_drop: 50]
[skip_drop: 0.5]
[xgboost_dart_mode: 0]
[uniform_drop: 0]
[drop_seed: 17869]
[top_rate: 0.2]
[other_rate: 0.1]
[min_data_per_group: 100]
[max_cat_threshold: 32]
[cat_l2: 10]
[cat_smooth: 10]
[max_cat_to_onehot: 4]
[top_k: 20]
[monotone_constraints: 0,0,0,0,0,0,0,0,0,0,0,0,0,0,-1]
[monotone_constraints_method: basic]
[monotone_penalty: 0]
[feature_contri: ]
[forcedsplits_filename: ]
[refit_decay_rate: 0.9]
[cegb_tradeoff: 1]
[cegb_penalty_split: 0]
[cegb_penalty_feature_lazy: ]
[cegb_penalty_feature_coupled: ]
[path_smooth: 0]
[interaction_constraints: ]
[verbosity: -1]
[saved_feature_importance_type: 0]
[use_quantized_grad: 0]
[num_grad_quant_bins: 4]
[quant_train_renew_leaf: 0]
[stochastic_rounding: 1]
[linear_tree: 0]
[max_bin: 255]
[max_bin_by_feature: ]
[min_data_in_bin: 3]
[bin_construct_sample_cnt: 200000]
[data_random_seed: 175]
[is_enable_sparse: 1]
[enable_bundle: 1]
[use_missing: 1]
[zero_as_missing: 0]
[feature_pre_filter: 1]
[pre_partition: 0]
[two_round: 0]
[header: 0]
[label_column: ]
[weight_column: ]
[group_column: ]
[ignore_column: ]
[categorical_feature: 0,1,2,3,4,5]
[forcedbins_filename: ]
[precise_float_parser: 0]
[parser_config_file: ]
[objective_seed: 16083]
[num_class: 1]
[is_unbalance: 0]
[scale_pos_weight: 1]
[sigmoid: 1]
[boost_from_average: 1]
[reg_sqrt: 0]
[alpha: 0.9]
[fair_c: 1]
[poisson_max_delta_step: 0.7]
[tweedie_variance_power: 1.5]
[lambdarank_truncation_level: 30]
[lambdarank_norm: 1]
[label_gain: ]
[lambdarank_position_bias_regularization: 0]
[eval_at: ]
[multi_error_top_k: 1]
[auc_mu_weights: ]
[num_machines: 1]
[local_listen_port: 12400]
[time_out: 120]
[machine_list_filename: ]
[machines: ]
[gpu_platform_id: -1]
[gpu_device_id: -1]
[gpu_device_id_list: ]
[gpu_use_dp: 0]
[num_gpu: 1]

end of parameters

pandas_categorical:[["AU", "CA", "MX", "NZ", "US", "unknown"], ["AUD", "CAD", "MXN", "NZD", "USD", "unknown"], ["agora", "cms", "unknown"], ["average", "lowest", "unknown"], ["regional", "resort_coastal", "resort_mountain", "unknown", "urban_core", "urban_outer"], ["derived", "optimized", "unknown"]]
